file,line,field,value,literal_type,classification,review_priority,context,reproducibility_note
analysis.py,1,,1,number_embedded_in_text,prose_or_label_number,low,"""""""",Number is embedded in a string and requires contextual review.
analysis.py,1,,2,number_embedded_in_text,prose_or_label_number,low,"""""""",Number is embedded in a string and requires contextual review.
analysis.py,1,,3,number_embedded_in_text,prose_or_label_number,low,"""""""",Number is embedded in a string and requires contextual review.
analysis.py,27,,70,numeric_ast_literal,code_constant_requires_context,medium,"print(""="" * 70)","Numeric code constant not automatically reducible to a result, layout, or documented analysis parameter."
analysis.py,28,,1,number_embedded_in_text,dynamically_generated_value_or_format_precision,low,"print(""STEP 1: 混同行列分析（拡張データ N={}）"".format(len(df)))",Number appears in an f-string or format specification; the reported value is generated at runtime.
analysis.py,29,,70,numeric_ast_literal,code_constant_requires_context,medium,"print(""="" * 70)","Numeric code constant not automatically reducible to a result, layout, or documented analysis parameter."
analysis.py,67,,2,numeric_ast_literal,code_constant_requires_context,medium,f1 = 2 * ppv * sensitivity / (ppv + sensitivity),"Numeric code constant not automatically reducible to a result, layout, or documented analysis parameter."
analysis.py,79,,0,numeric_ast_literal,code_constant_requires_context,medium,"nnt = 1 / rd if rd != 0 else float(""inf"")","Numeric code constant not automatically reducible to a result, layout, or documented analysis parameter."
analysis.py,79,,1,numeric_ast_literal,code_constant_requires_context,medium,"nnt = 1 / rd if rd != 0 else float(""inf"")","Numeric code constant not automatically reducible to a result, layout, or documented analysis parameter."
analysis.py,89,,1,numeric_ast_literal,code_constant_requires_context,medium,se_log_or = math.sqrt(1 / TP + 1 / FP + 1 / FN + 1 / TN),"Numeric code constant not automatically reducible to a result, layout, or documented analysis parameter."
analysis.py,89,,1,numeric_ast_literal,code_constant_requires_context,medium,se_log_or = math.sqrt(1 / TP + 1 / FP + 1 / FN + 1 / TN),"Numeric code constant not automatically reducible to a result, layout, or documented analysis parameter."
analysis.py,89,,1,numeric_ast_literal,code_constant_requires_context,medium,se_log_or = math.sqrt(1 / TP + 1 / FP + 1 / FN + 1 / TN),"Numeric code constant not automatically reducible to a result, layout, or documented analysis parameter."
analysis.py,89,,1,numeric_ast_literal,code_constant_requires_context,medium,se_log_or = math.sqrt(1 / TP + 1 / FP + 1 / FN + 1 / TN),"Numeric code constant not automatically reducible to a result, layout, or documented analysis parameter."
analysis.py,90,,1.96,numeric_ast_literal,code_constant_requires_context,medium,ci_lo = math.exp(log_or - 1.96 * se_log_or),"Numeric code constant not automatically reducible to a result, layout, or documented analysis parameter."
analysis.py,91,,1.96,numeric_ast_literal,code_constant_requires_context,medium,ci_hi = math.exp(log_or + 1.96 * se_log_or),"Numeric code constant not automatically reducible to a result, layout, or documented analysis parameter."
analysis.py,92,,95,number_embedded_in_text,dynamically_generated_value_or_format_precision,low,"print(f""  OR 95%CI (Woolf):      [{ci_lo:.3f}, {ci_hi:.3f}]"")",Number appears in an f-string or format specification; the reported value is generated at runtime.
analysis.py,110,,1,numeric_ast_literal,code_constant_requires_context,medium,j = sensitivity + specificity - 1,"Numeric code constant not automatically reducible to a result, layout, or documented analysis parameter."
analysis.py,111,,1,numeric_ast_literal,code_constant_requires_context,medium,lr_pos = sensitivity / (1 - specificity),"Numeric code constant not automatically reducible to a result, layout, or documented analysis parameter."
analysis.py,112,,1,numeric_ast_literal,code_constant_requires_context,medium,lr_neg = (1 - sensitivity) / specificity,"Numeric code constant not automatically reducible to a result, layout, or documented analysis parameter."
analysis.py,114,,0.3,numeric_ast_literal,code_constant_requires_context,medium,"cohen_label = ""小"" if abs(phi) < 0.3 else ""中"" if abs(phi) < 0.5 else ""大""","Numeric code constant not automatically reducible to a result, layout, or documented analysis parameter."
analysis.py,114,,0.5,numeric_ast_literal,code_constant_requires_context,medium,"cohen_label = ""小"" if abs(phi) < 0.3 else ""中"" if abs(phi) < 0.5 else ""大""","Numeric code constant not automatically reducible to a result, layout, or documented analysis parameter."
analysis.py,125,,0.95,numeric_ast_literal,analysis_parameter_or_threshold,medium,z_alpha = norm.ppf(0.95),"Explicit analysis parameter, random seed, resampling count, or decision threshold."
analysis.py,126,,2,numeric_ast_literal,code_constant_requires_context,medium,ncp = N * w ** 2,"Numeric code constant not automatically reducible to a result, layout, or documented analysis parameter."
analysis.py,127,,0.95,numeric_ast_literal,code_constant_requires_context,medium,"crit = stats.chi2.ppf(0.95, df=1)","Numeric code constant not automatically reducible to a result, layout, or documented analysis parameter."
analysis.py,127,,1,numeric_ast_literal,code_constant_requires_context,medium,"crit = stats.chi2.ppf(0.95, df=1)","Numeric code constant not automatically reducible to a result, layout, or documented analysis parameter."
analysis.py,128,,1,numeric_ast_literal,code_constant_requires_context,medium,"power = 1 - ncx2.cdf(crit, df=1, nc=ncp)","Numeric code constant not automatically reducible to a result, layout, or documented analysis parameter."
analysis.py,128,,1,numeric_ast_literal,code_constant_requires_context,medium,"power = 1 - ncx2.cdf(crit, df=1, nc=ncp)","Numeric code constant not automatically reducible to a result, layout, or documented analysis parameter."
analysis.py,129,,0.8,numeric_ast_literal,code_constant_requires_context,medium,z_beta = norm.ppf(0.80),"Numeric code constant not automatically reducible to a result, layout, or documented analysis parameter."
analysis.py,130,,2,numeric_ast_literal,analysis_parameter_or_threshold,medium,n_req = int(np.ceil(((z_alpha + z_beta) / w) ** 2)),"Explicit analysis parameter, random seed, resampling count, or decision threshold."
analysis.py,133,,0.05,number_embedded_in_text,dynamically_generated_value_or_format_precision,low,"print(f""  現在の検出力 (α=0.05): {power:.3f}"")",Number appears in an f-string or format specification; the reported value is generated at runtime.
analysis.py,134,,80,number_embedded_in_text,dynamically_generated_value_or_format_precision,low,"print(f""  80%検出力に必要なN:    約{n_req}"")",Number appears in an f-string or format specification; the reported value is generated at runtime.
analysis.py,147,,70,numeric_ast_literal,code_constant_requires_context,medium,"print(""\n"" + ""="" * 70)","Numeric code constant not automatically reducible to a result, layout, or documented analysis parameter."
analysis.py,148,,2,number_embedded_in_text,prose_or_label_number,low,"print(""STEP 2: ロジスティック回帰（単変量）"")",Number is embedded in a string and requires contextual review.
analysis.py,149,,70,numeric_ast_literal,code_constant_requires_context,medium,"print(""="" * 70)","Numeric code constant not automatically reducible to a result, layout, or documented analysis parameter."
analysis.py,171,,0,numeric_ast_literal,code_constant_requires_context,medium,"model = sm.Logit(y, X).fit(disp=0)","Numeric code constant not automatically reducible to a result, layout, or documented analysis parameter."
analysis.py,172,,1,numeric_ast_literal,code_constant_requires_context,medium,coef = model.params.iloc[1],"Numeric code constant not automatically reducible to a result, layout, or documented analysis parameter."
analysis.py,173,,1,numeric_ast_literal,code_constant_requires_context,medium,p_val = model.pvalues.iloc[1],"Numeric code constant not automatically reducible to a result, layout, or documented analysis parameter."
analysis.py,175,,1,numeric_ast_literal,code_constant_requires_context,medium,ci = model.conf_int().iloc[1],"Numeric code constant not automatically reducible to a result, layout, or documented analysis parameter."
analysis.py,176,,0,numeric_ast_literal,code_constant_requires_context,medium,"or_lo, or_hi = np.exp(ci[0]), np.exp(ci[1])","Numeric code constant not automatically reducible to a result, layout, or documented analysis parameter."
analysis.py,176,,1,numeric_ast_literal,code_constant_requires_context,medium,"or_lo, or_hi = np.exp(ci[0]), np.exp(ci[1])","Numeric code constant not automatically reducible to a result, layout, or documented analysis parameter."
analysis.py,201,,1,number_embedded_in_text,prose_or_label_number,low,"print(""\n注: OR>1 → 征服リスク増加, OR<1 → 存続傾向"")",Number is embedded in a string and requires contextual review.
analysis.py,201,,1,number_embedded_in_text,prose_or_label_number,low,"print(""\n注: OR>1 → 征服リスク増加, OR<1 → 存続傾向"")",Number is embedded in a string and requires contextual review.
analysis.py,210,,70,numeric_ast_literal,code_constant_requires_context,medium,"print(""\n"" + ""="" * 70)","Numeric code constant not automatically reducible to a result, layout, or documented analysis parameter."
analysis.py,211,,3,number_embedded_in_text,prose_or_label_number,low,"print(""STEP 3: 多変量ロジスティック回帰（交絡因子統制）"")",Number is embedded in a string and requires contextual review.
analysis.py,212,,70,numeric_ast_literal,code_constant_requires_context,medium,"print(""="" * 70)","Numeric code constant not automatically reducible to a result, layout, or documented analysis parameter."
analysis.py,226,,0,numeric_ast_literal,analysis_parameter_or_threshold,medium,"method=""l1"", alpha=0.1, disp=0, trim_mode=""off""","Explicit analysis parameter, random seed, resampling count, or decision threshold."
analysis.py,226,,0.1,numeric_ast_literal,analysis_parameter_or_threshold,medium,"method=""l1"", alpha=0.1, disp=0, trim_mode=""off""","Explicit analysis parameter, random seed, resampling count, or decision threshold."
analysis.py,228,,0.1,number_embedded_in_text,prose_or_label_number,low,"print(f""  Method: L1-penalized Logit (α=0.1)"")",Number is embedded in a string and requires contextual review.
analysis.py,233,,50,numeric_ast_literal,code_constant_requires_context,medium,"print(f""  {'-'*50}"")","Numeric code constant not automatically reducible to a result, layout, or documented analysis parameter."
analysis.py,245,,1.0,numeric_ast_literal,code_constant_requires_context,medium,"clf = LogisticRegression(penalty=""l2"", C=1.0, max_iter=1000, solver=""lbfgs"")","Numeric code constant not automatically reducible to a result, layout, or documented analysis parameter."
analysis.py,245,,1000,numeric_ast_literal,code_constant_requires_context,medium,"clf = LogisticRegression(penalty=""l2"", C=1.0, max_iter=1000, solver=""lbfgs"")","Numeric code constant not automatically reducible to a result, layout, or documented analysis parameter."
analysis.py,248,,1.0,number_embedded_in_text,prose_or_label_number,low,"print(f""  Method: L2-regularized Logit (sklearn, C=1.0)"")",Number is embedded in a string and requires contextual review.
analysis.py,252,,56,numeric_ast_literal,code_constant_requires_context,medium,"print(f""  {'-'*56}"")","Numeric code constant not automatically reducible to a result, layout, or documented analysis parameter."
analysis.py,254,,0,numeric_ast_literal,code_constant_requires_context,medium,coef = clf.coef_[0][i],"Numeric code constant not automatically reducible to a result, layout, or documented analysis parameter."
analysis.py,301,,0,numeric_ast_literal,analysis_parameter_or_threshold,medium,"m = sm.Logit(y, X).fit(disp=0, maxiter=100)","Explicit analysis parameter, random seed, resampling count, or decision threshold."
analysis.py,301,,100,numeric_ast_literal,analysis_parameter_or_threshold,medium,"m = sm.Logit(y, X).fit(disp=0, maxiter=100)","Explicit analysis parameter, random seed, resampling count, or decision threshold."
analysis.py,305,,95,number_embedded_in_text,dynamically_generated_value_or_format_precision,low,"print(f""    {'変数':30s} {'OR':>10s} {'95%CI':>24s} {'p値':>8s}"")",Number appears in an f-string or format specification; the reported value is generated at runtime.
analysis.py,306,,74,numeric_ast_literal,code_constant_requires_context,medium,"print(f""    {'-'*74}"")","Numeric code constant not automatically reducible to a result, layout, or documented analysis parameter."
analysis.py,312,,0,numeric_ast_literal,code_constant_requires_context,medium,"print(f""    {var:30s} {or_val:>10.3f} [{np.exp(ci[0]):>8.3f}, {np.exp(ci[1]):>8.3f}] {p:>8.4f}"")","Numeric code constant not automatically reducible to a result, layout, or documented analysis parameter."
analysis.py,312,,1,numeric_ast_literal,code_constant_requires_context,medium,"print(f""    {var:30s} {or_val:>10.3f} [{np.exp(ci[0]):>8.3f}, {np.exp(ci[1]):>8.3f}] {p:>8.4f}"")","Numeric code constant not automatically reducible to a result, layout, or documented analysis parameter."
analysis.py,318,,10,number_embedded_in_text,dynamically_generated_value_or_format_precision,low,"print(f""  {'Model':<10} {'AIC':>8} {'BIC':>8} {'Pseudo-R²':>10} {'N':>5}"")",Number appears in an f-string or format specification; the reported value is generated at runtime.
analysis.py,318,,10,number_embedded_in_text,dynamically_generated_value_or_format_precision,low,"print(f""  {'Model':<10} {'AIC':>8} {'BIC':>8} {'Pseudo-R²':>10} {'N':>5}"")",Number appears in an f-string or format specification; the reported value is generated at runtime.
analysis.py,318,,5,number_embedded_in_text,dynamically_generated_value_or_format_precision,low,"print(f""  {'Model':<10} {'AIC':>8} {'BIC':>8} {'Pseudo-R²':>10} {'N':>5}"")",Number appears in an f-string or format specification; the reported value is generated at runtime.
analysis.py,318,,8,number_embedded_in_text,dynamically_generated_value_or_format_precision,low,"print(f""  {'Model':<10} {'AIC':>8} {'BIC':>8} {'Pseudo-R²':>10} {'N':>5}"")",Number appears in an f-string or format specification; the reported value is generated at runtime.
analysis.py,318,,8,number_embedded_in_text,dynamically_generated_value_or_format_precision,low,"print(f""  {'Model':<10} {'AIC':>8} {'BIC':>8} {'Pseudo-R²':>10} {'N':>5}"")",Number appears in an f-string or format specification; the reported value is generated at runtime.
analysis.py,320,,10,number_embedded_in_text,dynamically_generated_value_or_format_precision,low,"print(f""  {name:<10} {m.aic:>8.1f} {m.bic:>8.1f} {m.prsquared:>10.3f} {int(m.nobs):>5}"")",Number appears in an f-string or format specification; the reported value is generated at runtime.
analysis.py,320,,5,number_embedded_in_text,dynamically_generated_value_or_format_precision,low,"print(f""  {name:<10} {m.aic:>8.1f} {m.bic:>8.1f} {m.prsquared:>10.3f} {int(m.nobs):>5}"")",Number appears in an f-string or format specification; the reported value is generated at runtime.
analysis.py,344,,70,numeric_ast_literal,code_constant_requires_context,medium,"print(""\n"" + ""="" * 70)","Numeric code constant not automatically reducible to a result, layout, or documented analysis parameter."
analysis.py,346,,70,numeric_ast_literal,code_constant_requires_context,medium,"print(""="" * 70)","Numeric code constant not automatically reducible to a result, layout, or documented analysis parameter."
audit/audit_numeric_literals.py,11,,1,numeric_ast_literal,code_constant_requires_context,medium,PROJECT_DIR = Path(__file__).resolve().parents[1],"Numeric code constant not automatically reducible to a result, layout, or documented analysis parameter."
audit/audit_numeric_literals.py,72,,95,number_embedded_in_text,audit_implementation_literal,low,"""bootstrap 95"",",Pattern or label used by the numeric-audit implementation itself.
audit/audit_numeric_literals.py,73,,95,number_embedded_in_text,audit_implementation_literal,low,"'""95% ci""',",Pattern or label used by the numeric-audit implementation itself.
audit/audit_numeric_literals.py,81,,95,number_embedded_in_text,audit_implementation_literal,low,"if any(token in lower for token in (""p ="", ""p <"", ""or ="", ""odds ratio"", ""conquest rate"", ""95% ci"")):",Pattern or label used by the numeric-audit implementation itself.
audit/audit_numeric_literals.py,188,,8,number_embedded_in_text,audit_implementation_literal,low,"source = path.read_text(encoding=""utf-8"")",Pattern or label used by the numeric-audit implementation itself.
audit/audit_numeric_literals.py,222,,0,numeric_ast_literal,code_constant_requires_context,medium,"line = getattr(node, ""lineno"", 0)","Numeric code constant not automatically reducible to a result, layout, or documented analysis parameter."
audit/audit_numeric_literals.py,223,,1,numeric_ast_literal,code_constant_requires_context,medium,"context = lines[line - 1].strip() if line else """"","Numeric code constant not automatically reducible to a result, layout, or documented analysis parameter."
audit/audit_numeric_literals.py,245,,8,number_embedded_in_text,audit_implementation_literal,low,"with DATASET.open(encoding=""utf-8"", newline="""") as handle:",Pattern or label used by the numeric-audit implementation itself.
audit/audit_numeric_literals.py,247,,2,numeric_ast_literal,code_constant_requires_context,medium,"for row_number, record in enumerate(records, start=2):","Numeric code constant not automatically reducible to a result, layout, or documented analysis parameter."
audit/audit_numeric_literals.py,290,,0,numeric_ast_literal,code_constant_requires_context,medium,"int(row[""line""]) if str(row[""line""]).isdigit() else 0,","Numeric code constant not automatically reducible to a result, layout, or documented analysis parameter."
audit/audit_numeric_literals.py,306,,8,number_embedded_in_text,audit_implementation_literal,low,"with OUTPUT.open(""w"", encoding=""utf-8"", newline="""") as handle:",Pattern or label used by the numeric-audit implementation itself.
audit/audit_numeric_literals.py,329,,0,numeric_ast_literal,code_constant_requires_context,medium,"f""- High-priority rows: {priorities.get('high', 0)}"",","Numeric code constant not automatically reducible to a result, layout, or documented analysis parameter."
audit/audit_numeric_literals.py,330,,0,numeric_ast_literal,code_constant_requires_context,medium,"f""- Medium-priority rows: {priorities.get('medium', 0)}"",","Numeric code constant not automatically reducible to a result, layout, or documented analysis parameter."
audit/audit_numeric_literals.py,356,,8,number_embedded_in_text,audit_implementation_literal,low,"SUMMARY.write_text(""\n"".join(summary_lines) + ""\n"", encoding=""utf-8"")",Pattern or label used by the numeric-audit implementation itself.
audit/audit_source_urls.py,28,,1.0,number_embedded_in_text,dynamically_generated_value_or_format_precision,low,"headers={""User-Agent"": ""Mozilla/5.0 reproducibility-audit/1.0""},",Number appears in an f-string or format specification; the reported value is generated at runtime.
audit/audit_source_urls.py,28,,5.0,number_embedded_in_text,dynamically_generated_value_or_format_precision,low,"headers={""User-Agent"": ""Mozilla/5.0 reproducibility-audit/1.0""},",Number appears in an f-string or format specification; the reported value is generated at runtime.
audit/audit_source_urls.py,31,,20,numeric_ast_literal,code_constant_requires_context,medium,"with urllib.request.urlopen(request, timeout=20) as response:","Numeric code constant not automatically reducible to a result, layout, or documented analysis parameter."
audit/audit_source_urls.py,58,,8,number_embedded_in_text,prose_or_label_number,low,"with CATALOG_PATH.open(encoding=""utf-8"", newline="""") as file:",Number is embedded in a string and requires contextual review.
audit/audit_source_urls.py,69,,8,numeric_ast_literal,code_constant_requires_context,medium,with ThreadPoolExecutor(max_workers=8) as executor:,"Numeric code constant not automatically reducible to a result, layout, or documented analysis parameter."
audit/audit_source_urls.py,72,,8,number_embedded_in_text,prose_or_label_number,low,"with OUTPUT_PATH.open(""w"", encoding=""utf-8"", newline="""") as file:",Number is embedded in a string and requires contextual review.
audit/audit_source_urls.py,74,,0,numeric_ast_literal,code_constant_requires_context,medium,"file, fieldnames=results[0].keys(), lineterminator=""\n""","Numeric code constant not automatically reducible to a result, layout, or documented analysis parameter."
audit/audit_source_urls.py,82,,0,numeric_ast_literal,code_constant_requires_context,medium,"status_counts[status] = status_counts.get(status, 0) + 1","Numeric code constant not automatically reducible to a result, layout, or documented analysis parameter."
audit/audit_source_urls.py,82,,1,numeric_ast_literal,code_constant_requires_context,medium,"status_counts[status] = status_counts.get(status, 0) + 1","Numeric code constant not automatically reducible to a result, layout, or documented analysis parameter."
audit/build_supplementary_sources.py,11,,1,numeric_ast_literal,code_constant_requires_context,medium,PROJECT_DIR = Path(__file__).resolve().parents[1],"Numeric code constant not automatically reducible to a result, layout, or documented analysis parameter."
audit/build_supplementary_sources.py,13,,0,numeric_ast_literal,code_constant_requires_context,medium,"sys.path.insert(0, str(PROJECT_DIR))","Numeric code constant not automatically reducible to a result, layout, or documented analysis parameter."
audit/build_supplementary_sources.py,21,,2026,numeric_ast_literal,code_constant_requires_context,medium,CURRENT_YEAR = 2026,"Numeric code constant not automatically reducible to a result, layout, or documented analysis parameter."
audit/build_supplementary_sources.py,25,,13363121,number_embedded_in_text,bibliographic_or_source_number,low,"""url"": ""https://zenodo.org/records/13363121"",","Bibliographic, URL, edition, volume, page, or publication-year content."
audit/build_supplementary_sources.py,26,,3400,numeric_ast_literal,code_constant_requires_context,medium,"""start"": -3400,","Numeric code constant not automatically reducible to a result, layout, or documented analysis parameter."
audit/build_supplementary_sources.py,27,,2024,numeric_ast_literal,code_constant_requires_context,medium,"""end"": 2024,","Numeric code constant not automatically reducible to a result, layout, or documented analysis parameter."
audit/build_supplementary_sources.py,30,,2023,number_embedded_in_text,historical_date_or_prose_number,low,"""Maddison Project Database 2023"": {","Historical date or contextual prose number, not a computed analysis result."
audit/build_supplementary_sources.py,31,,10.34894,number_embedded_in_text,bibliographic_or_source_number,low,"""url"": ""https://doi.org/10.34894/INZBF2"",","Bibliographic, URL, edition, volume, page, or publication-year content."
audit/build_supplementary_sources.py,32,,1,numeric_ast_literal,code_constant_requires_context,medium,"""start"": 1,","Numeric code constant not automatically reducible to a result, layout, or documented analysis parameter."
audit/build_supplementary_sources.py,33,,2022,numeric_ast_literal,code_constant_requires_context,medium,"""end"": 2022,","Numeric code constant not automatically reducible to a result, layout, or documented analysis parameter."
audit/build_supplementary_sources.py,38,,1500,numeric_ast_literal,code_constant_requires_context,medium,"""start"": 1500,","Numeric code constant not automatically reducible to a result, layout, or documented analysis parameter."
audit/build_supplementary_sources.py,39,,2013,numeric_ast_literal,code_constant_requires_context,medium,"""end"": 2013,","Numeric code constant not automatically reducible to a result, layout, or documented analysis parameter."
audit/build_supplementary_sources.py,44,,10000,numeric_ast_literal,code_constant_requires_context,medium,"""start"": -10000,","Numeric code constant not automatically reducible to a result, layout, or documented analysis parameter."
audit/build_supplementary_sources.py,45,,2020,numeric_ast_literal,code_constant_requires_context,medium,"""end"": 2020,","Numeric code constant not automatically reducible to a result, layout, or documented analysis parameter."
audit/build_supplementary_sources.py,50,,1789,numeric_ast_literal,code_constant_requires_context,medium,"""start"": 1789,","Numeric code constant not automatically reducible to a result, layout, or documented analysis parameter."
audit/build_supplementary_sources.py,51,,2025,numeric_ast_literal,code_constant_requires_context,medium,"""end"": 2025,","Numeric code constant not automatically reducible to a result, layout, or documented analysis parameter."
audit/build_supplementary_sources.py,56,,1816,numeric_ast_literal,code_constant_requires_context,medium,"""start"": 1816,","Numeric code constant not automatically reducible to a result, layout, or documented analysis parameter."
audit/build_supplementary_sources.py,57,,2012,numeric_ast_literal,code_constant_requires_context,medium,"""end"": 2012,","Numeric code constant not automatically reducible to a result, layout, or documented analysis parameter."
audit/build_supplementary_sources.py,62,,1800,numeric_ast_literal,code_constant_requires_context,medium,"""start"": 1800,","Numeric code constant not automatically reducible to a result, layout, or documented analysis parameter."
audit/build_supplementary_sources.py,63,,2018,numeric_ast_literal,code_constant_requires_context,medium,"""end"": 2018,","Numeric code constant not automatically reducible to a result, layout, or documented analysis parameter."
audit/build_supplementary_sources.py,108,,8,number_embedded_in_text,prose_or_label_number,low,"with CATALOG_PATH.open(encoding=""utf-8"") as file:",Number is embedded in a string and requires contextual review.
audit/build_supplementary_sources.py,110,,96,numeric_ast_literal,code_constant_requires_context,medium,if len(rows) != 96:,"Numeric code constant not automatically reducible to a result, layout, or documented analysis parameter."
audit/build_supplementary_sources.py,111,,96,number_embedded_in_text,dynamically_generated_value_or_format_precision,low,"raise ValueError(f""Expected 96 catalog records, found {len(rows)}"")",Number appears in an f-string or format specification; the reported value is generated at runtime.
audit/build_supplementary_sources.py,113,,96,numeric_ast_literal,code_constant_requires_context,medium,if len(catalog) != 96:,"Numeric code constant not automatically reducible to a result, layout, or documented analysis parameter."
audit/build_supplementary_sources.py,170,,10.1017,number_embedded_in_text,bibliographic_or_source_number,low,"""10.1017"": ""Cambridge University Press"",","Bibliographic, URL, edition, volume, page, or publication-year content."
audit/build_supplementary_sources.py,171,,10.1163,number_embedded_in_text,prose_or_label_number,low,"""10.1163"": ""Brill"",",Number is embedded in a string and requires contextual review.
audit/build_supplementary_sources.py,172,,10.4324,number_embedded_in_text,prose_or_label_number,low,"""10.4324"": ""Routledge"",",Number is embedded in a string and requires contextual review.
audit/build_supplementary_sources.py,173,,10.1353,number_embedded_in_text,prose_or_label_number,low,"""10.1353"": ""Project MUSE"",",Number is embedded in a string and requires contextual review.
audit/build_supplementary_sources.py,174,,10.1162,number_embedded_in_text,bibliographic_or_source_number,low,"""10.1162"": ""MIT Press"",","Bibliographic, URL, edition, volume, page, or publication-year content."
audit/build_supplementary_sources.py,175,,10.23943,number_embedded_in_text,bibliographic_or_source_number,low,"""10.23943"": ""Princeton University Press"",","Bibliographic, URL, edition, volume, page, or publication-year content."
audit/build_supplementary_sources.py,176,,10.1093,number_embedded_in_text,bibliographic_or_source_number,low,"""10.1093"": ""Oxford University Press"",","Bibliographic, URL, edition, volume, page, or publication-year content."
audit/build_supplementary_sources.py,177,,10.1111,number_embedded_in_text,prose_or_label_number,low,"""10.1111"": ""Wiley"",",Number is embedded in a string and requires contextual review.
audit/build_supplementary_sources.py,178,,10.1080,number_embedded_in_text,prose_or_label_number,low,"""10.1080"": ""Taylor & Francis"",",Number is embedded in a string and requires contextual review.
audit/build_supplementary_sources.py,179,,10.1177,number_embedded_in_text,prose_or_label_number,low,"""10.1177"": ""SAGE"",",Number is embedded in a string and requires contextual review.
audit/build_supplementary_sources.py,180,,10.1007,number_embedded_in_text,prose_or_label_number,low,"""10.1007"": ""Springer"",",Number is embedded in a string and requires contextual review.
audit/build_supplementary_sources.py,181,,10.1142,number_embedded_in_text,prose_or_label_number,low,"""10.1142"": ""World Scientific"",",Number is embedded in a string and requires contextual review.
audit/build_supplementary_sources.py,182,,10.16912,number_embedded_in_text,historical_date_or_prose_number,low,"""10.16912"": ""The Korean History Review"",","Historical date or contextual prose number, not a computed analysis result."
audit/build_supplementary_sources.py,217,,1,numeric_ast_literal,code_constant_requires_context,medium,"for record_id, record in enumerate(data.to_dict(""records""), start=1):","Numeric code constant not automatically reducible to a result, layout, or documented analysis parameter."
audit/build_supplementary_sources.py,294,,1936,number_embedded_in_text,prose_or_label_number,low,"""Italian occupation began in 1936 and Ethiopian sovereignty was restored in """,Number is embedded in a string and requires contextual review.
audit/build_supplementary_sources.py,294,,1941,number_embedded_in_text,prose_or_label_number,low,"""Italian occupation began in 1936 and Ethiopian sovereignty was restored in """,Number is embedded in a string and requires contextual review.
audit/build_supplementary_sources.py,355,,480,numeric_ast_literal,code_constant_requires_context,medium,if len(rows) != 480:,"Numeric code constant not automatically reducible to a result, layout, or documented analysis parameter."
audit/build_supplementary_sources.py,356,,480,number_embedded_in_text,dynamically_generated_value_or_format_precision,low,"raise ValueError(f""Expected 480 source rows, found {len(rows)}"")",Number appears in an f-string or format specification; the reported value is generated at runtime.
audit/build_supplementary_sources.py,360,,8,number_embedded_in_text,prose_or_label_number,low,"with SUPPLEMENT_PATH.open(""w"", newline="""", encoding=""utf-8"") as file:",Number is embedded in a string and requires contextual review.
audit/build_supplementary_sources.py,368,,8,number_embedded_in_text,prose_or_label_number,low,"with APPLICABILITY_PATH.open(""w"", newline="""", encoding=""utf-8"") as file:",Number is embedded in a string and requires contextual review.
audit/generate_lineage.py,11,,1,numeric_ast_literal,code_constant_requires_context,medium,PROJECT_DIR = Path(__file__).resolve().parents[1],"Numeric code constant not automatically reducible to a result, layout, or documented analysis parameter."
audit/generate_lineage.py,79,,8,number_embedded_in_text,prose_or_label_number,low,"with output.open(""w"", encoding=""utf-8"", newline="""") as handle:",Number is embedded in a string and requires contextual review.
audit/generate_lineage.py,124,,8,number_embedded_in_text,prose_or_label_number,low,"with output.open(""w"", encoding=""utf-8"", newline="""") as handle:",Number is embedded in a string and requires contextual review.
audit/generate_lineage.py,139,,1e-09,numeric_ast_literal,code_constant_requires_context,medium,abs(value * 20 - round(value * 20)) < 1e-9 for value in values,"Numeric code constant not automatically reducible to a result, layout, or documented analysis parameter."
audit/generate_lineage.py,139,,20,numeric_ast_literal,code_constant_requires_context,medium,abs(value * 20 - round(value * 20)) < 1e-9 for value in values,"Numeric code constant not automatically reducible to a result, layout, or documented analysis parameter."
audit/generate_lineage.py,139,,20,numeric_ast_literal,code_constant_requires_context,medium,abs(value * 20 - round(value * 20)) < 1e-9 for value in values,"Numeric code constant not automatically reducible to a result, layout, or documented analysis parameter."
causal_analysis.py,78,,70,numeric_ast_literal,code_constant_requires_context,medium,"print(""="" * 70)","Numeric code constant not automatically reducible to a result, layout, or documented analysis parameter."
causal_analysis.py,81,,70,numeric_ast_literal,code_constant_requires_context,medium,"print(""="" * 70)","Numeric code constant not automatically reducible to a result, layout, or documented analysis parameter."
causal_analysis.py,99,,2,numeric_ast_literal,code_constant_requires_context,medium,"print(f""  Partial F (geo_barrier): {first_stage.tvalues['geo_barrier']**2:.3f}"")","Numeric code constant not automatically reducible to a result, layout, or documented analysis parameter."
causal_analysis.py,107,,2,numeric_ast_literal,code_constant_requires_context,medium,"""partial_F_geo"": float(first_stage.tvalues['geo_barrier']**2),","Numeric code constant not automatically reducible to a result, layout, or documented analysis parameter."
causal_analysis.py,110,,10,numeric_ast_literal,code_constant_requires_context,medium,"weak_instrument = results[""first_stage""][""partial_F_geo""] < 10","Numeric code constant not automatically reducible to a result, layout, or documented analysis parameter."
causal_analysis.py,111,,10,number_embedded_in_text,prose_or_label_number,low,"print(f""\n  Weak instrument test (F > 10 rule): """,Number is embedded in a string and requires contextual review.
causal_analysis.py,163,,95,number_embedded_in_text,dynamically_generated_value_or_format_precision,low,"print(f""  95% CI: [{ci['lower']:.4f}, {ci['upper']:.4f}]"")",Number appears in an f-string or format specification; the reported value is generated at runtime.
causal_analysis.py,199,,0.2,number_embedded_in_text,prose_or_label_number,low,"""""""",Number is embedded in a string and requires contextual review.
causal_analysis.py,199,,1,number_embedded_in_text,prose_or_label_number,low,"""""""",Number is embedded in a string and requires contextual review.
causal_analysis.py,199,,2,number_embedded_in_text,prose_or_label_number,low,"""""""",Number is embedded in a string and requires contextual review.
causal_analysis.py,199,,3,number_embedded_in_text,prose_or_label_number,low,"""""""",Number is embedded in a string and requires contextual review.
causal_analysis.py,199,,4,number_embedded_in_text,prose_or_label_number,low,"""""""",Number is embedded in a string and requires contextual review.
causal_analysis.py,207,,70,numeric_ast_literal,code_constant_requires_context,medium,"print(""\n"" + ""="" * 70)","Numeric code constant not automatically reducible to a result, layout, or documented analysis parameter."
causal_analysis.py,209,,70,numeric_ast_literal,code_constant_requires_context,medium,"print(""="" * 70)","Numeric code constant not automatically reducible to a result, layout, or documented analysis parameter."
causal_analysis.py,226,,1.0,numeric_ast_literal,code_constant_requires_context,medium,"ps_model = LogisticRegression(penalty=""l2"", C=1.0, max_iter=1000)","Numeric code constant not automatically reducible to a result, layout, or documented analysis parameter."
causal_analysis.py,226,,1000,numeric_ast_literal,code_constant_requires_context,medium,"ps_model = LogisticRegression(penalty=""l2"", C=1.0, max_iter=1000)","Numeric code constant not automatically reducible to a result, layout, or documented analysis parameter."
causal_analysis.py,228,,1,numeric_ast_literal,code_constant_requires_context,medium,"ps_scores = ps_model.predict_proba(X_scaled)[:, 1]","Numeric code constant not automatically reducible to a result, layout, or documented analysis parameter."
causal_analysis.py,232,,0,numeric_ast_literal,code_constant_requires_context,medium,"for grp, label in [(0, ""Open (T=0)""), (1, ""Closed (T=1)"")]:","Numeric code constant not automatically reducible to a result, layout, or documented analysis parameter."
causal_analysis.py,232,,0,number_embedded_in_text,prose_or_label_number,low,"for grp, label in [(0, ""Open (T=0)""), (1, ""Closed (T=1)"")]:",Number is embedded in a string and requires contextual review.
causal_analysis.py,232,,1,numeric_ast_literal,code_constant_requires_context,medium,"for grp, label in [(0, ""Open (T=0)""), (1, ""Closed (T=1)"")]:","Numeric code constant not automatically reducible to a result, layout, or documented analysis parameter."
causal_analysis.py,232,,1,number_embedded_in_text,prose_or_label_number,low,"for grp, label in [(0, ""Open (T=0)""), (1, ""Closed (T=1)"")]:",Number is embedded in a string and requires contextual review.
causal_analysis.py,239,,0,numeric_ast_literal,code_constant_requires_context,medium,"""open_mean"": float(ps_scores[T == 0].mean()),","Numeric code constant not automatically reducible to a result, layout, or documented analysis parameter."
causal_analysis.py,240,,1,numeric_ast_literal,code_constant_requires_context,medium,"""closed_mean"": float(ps_scores[T == 1].mean()),","Numeric code constant not automatically reducible to a result, layout, or documented analysis parameter."
causal_analysis.py,242,,0,numeric_ast_literal,code_constant_requires_context,medium,"float(max(ps_scores[T == 0].min(), ps_scores[T == 1].min())),","Numeric code constant not automatically reducible to a result, layout, or documented analysis parameter."
causal_analysis.py,242,,1,numeric_ast_literal,code_constant_requires_context,medium,"float(max(ps_scores[T == 0].min(), ps_scores[T == 1].min())),","Numeric code constant not automatically reducible to a result, layout, or documented analysis parameter."
causal_analysis.py,243,,0,numeric_ast_literal,code_constant_requires_context,medium,"float(min(ps_scores[T == 0].max(), ps_scores[T == 1].max())),","Numeric code constant not automatically reducible to a result, layout, or documented analysis parameter."
causal_analysis.py,243,,1,numeric_ast_literal,code_constant_requires_context,medium,"float(min(ps_scores[T == 0].max(), ps_scores[T == 1].max())),","Numeric code constant not automatically reducible to a result, layout, or documented analysis parameter."
causal_analysis.py,248,,1,numeric_ast_literal,code_constant_requires_context,medium,logit_ps = np.log(ps_scores / (1 - ps_scores + 1e-10)),"Numeric code constant not automatically reducible to a result, layout, or documented analysis parameter."
causal_analysis.py,248,,1e-10,numeric_ast_literal,code_constant_requires_context,medium,logit_ps = np.log(ps_scores / (1 - ps_scores + 1e-10)),"Numeric code constant not automatically reducible to a result, layout, or documented analysis parameter."
causal_analysis.py,249,,0.2,numeric_ast_literal,code_constant_requires_context,medium,caliper = 0.2 * logit_ps.std(),"Numeric code constant not automatically reducible to a result, layout, or documented analysis parameter."
causal_analysis.py,250,,0.2,number_embedded_in_text,dynamically_generated_value_or_format_precision,low,"print(f""\n  Caliper (0.2 × SD of logit-PS): {caliper:.3f}"")",Number appears in an f-string or format specification; the reported value is generated at runtime.
causal_analysis.py,252,,0,numeric_ast_literal,code_constant_requires_context,medium,treated_idx = np.where(T == 1)[0],"Numeric code constant not automatically reducible to a result, layout, or documented analysis parameter."
causal_analysis.py,252,,1,numeric_ast_literal,code_constant_requires_context,medium,treated_idx = np.where(T == 1)[0],"Numeric code constant not automatically reducible to a result, layout, or documented analysis parameter."
causal_analysis.py,253,,0,numeric_ast_literal,code_constant_requires_context,medium,control_idx = np.where(T == 0)[0],"Numeric code constant not automatically reducible to a result, layout, or documented analysis parameter."
causal_analysis.py,253,,0,numeric_ast_literal,code_constant_requires_context,medium,control_idx = np.where(T == 0)[0],"Numeric code constant not automatically reducible to a result, layout, or documented analysis parameter."
causal_analysis.py,255,,1,numeric_ast_literal,code_constant_requires_context,medium,"nn = NearestNeighbors(n_neighbors=1, metric=""euclidean"")","Numeric code constant not automatically reducible to a result, layout, or documented analysis parameter."
causal_analysis.py,256,,1,numeric_ast_literal,code_constant_requires_context,medium,"nn.fit(logit_ps[control_idx].reshape(-1, 1))","Numeric code constant not automatically reducible to a result, layout, or documented analysis parameter."
causal_analysis.py,256,,1,numeric_ast_literal,code_constant_requires_context,medium,"nn.fit(logit_ps[control_idx].reshape(-1, 1))","Numeric code constant not automatically reducible to a result, layout, or documented analysis parameter."
causal_analysis.py,257,,1,numeric_ast_literal,code_constant_requires_context,medium,"distances, indices = nn.kneighbors(logit_ps[treated_idx].reshape(-1, 1))","Numeric code constant not automatically reducible to a result, layout, or documented analysis parameter."
causal_analysis.py,257,,1,numeric_ast_literal,code_constant_requires_context,medium,"distances, indices = nn.kneighbors(logit_ps[treated_idx].reshape(-1, 1))","Numeric code constant not automatically reducible to a result, layout, or documented analysis parameter."
causal_analysis.py,268,,100,numeric_ast_literal,code_constant_requires_context,medium,"print(f""  Matched:         {n_matched} ({n_matched/len(treated_idx)*100:.1f}%)"")","Numeric code constant not automatically reducible to a result, layout, or documented analysis parameter."
causal_analysis.py,278,,5,numeric_ast_literal,code_constant_requires_context,medium,if n_matched < 5:,"Numeric code constant not automatically reducible to a result, layout, or documented analysis parameter."
causal_analysis.py,284,,0,numeric_ast_literal,code_constant_requires_context,medium,matched_treated = [p[0] for p in matched_pairs],"Numeric code constant not automatically reducible to a result, layout, or documented analysis parameter."
causal_analysis.py,285,,1,numeric_ast_literal,code_constant_requires_context,medium,matched_control = [p[1] for p in matched_pairs],"Numeric code constant not automatically reducible to a result, layout, or documented analysis parameter."
causal_analysis.py,289,,2000,numeric_ast_literal,analysis_parameter_or_threshold,medium,n_boot = 2000,"Explicit analysis parameter, random seed, resampling count, or decision threshold."
causal_analysis.py,291,,42,numeric_ast_literal,code_constant_requires_context,medium,rng = np.random.RandomState(42),"Numeric code constant not automatically reducible to a result, layout, or documented analysis parameter."
causal_analysis.py,298,,2.5,numeric_ast_literal,analysis_parameter_or_threshold,medium,"att_ci_lo, att_ci_hi = np.percentile(att_boots, [2.5, 97.5])","Explicit analysis parameter, random seed, resampling count, or decision threshold."
causal_analysis.py,298,,97.5,numeric_ast_literal,analysis_parameter_or_threshold,medium,"att_ci_lo, att_ci_hi = np.percentile(att_boots, [2.5, 97.5])","Explicit analysis parameter, random seed, resampling count, or decision threshold."
causal_analysis.py,300,,2,numeric_ast_literal,code_constant_requires_context,medium,att_p = 2 * min(,"Numeric code constant not automatically reducible to a result, layout, or documented analysis parameter."
causal_analysis.py,301,,0,numeric_ast_literal,code_constant_requires_context,medium,"(att_boots <= 0).mean(),","Numeric code constant not automatically reducible to a result, layout, or documented analysis parameter."
causal_analysis.py,302,,0,numeric_ast_literal,code_constant_requires_context,medium,"(att_boots >= 0).mean(),","Numeric code constant not automatically reducible to a result, layout, or documented analysis parameter."
causal_analysis.py,308,,95,number_embedded_in_text,dynamically_generated_value_or_format_precision,low,"print(f""  95% CI = [{att_ci_lo:.4f}, {att_ci_hi:.4f}]"")",Number appears in an f-string or format specification; the reported value is generated at runtime.
causal_analysis.py,327,,0,numeric_ast_literal,code_constant_requires_context,medium,smd_before = ((vals[T == 1].mean() - vals[T == 0].mean()) /,"Numeric code constant not automatically reducible to a result, layout, or documented analysis parameter."
causal_analysis.py,327,,1,numeric_ast_literal,code_constant_requires_context,medium,smd_before = ((vals[T == 1].mean() - vals[T == 0].mean()) /,"Numeric code constant not automatically reducible to a result, layout, or documented analysis parameter."
causal_analysis.py,328,,0,numeric_ast_literal,code_constant_requires_context,medium,np.sqrt((vals[T == 1].var() + vals[T == 0].var()) / 2 + 1e-10)),"Numeric code constant not automatically reducible to a result, layout, or documented analysis parameter."
causal_analysis.py,328,,1,numeric_ast_literal,code_constant_requires_context,medium,np.sqrt((vals[T == 1].var() + vals[T == 0].var()) / 2 + 1e-10)),"Numeric code constant not automatically reducible to a result, layout, or documented analysis parameter."
causal_analysis.py,328,,1e-10,numeric_ast_literal,code_constant_requires_context,medium,np.sqrt((vals[T == 1].var() + vals[T == 0].var()) / 2 + 1e-10)),"Numeric code constant not automatically reducible to a result, layout, or documented analysis parameter."
causal_analysis.py,328,,2,numeric_ast_literal,code_constant_requires_context,medium,np.sqrt((vals[T == 1].var() + vals[T == 0].var()) / 2 + 1e-10)),"Numeric code constant not automatically reducible to a result, layout, or documented analysis parameter."
causal_analysis.py,332,,1e-10,numeric_ast_literal,code_constant_requires_context,medium,pooled_var = (vals_mt.var() + vals_mc.var()) / 2 + 1e-10,"Numeric code constant not automatically reducible to a result, layout, or documented analysis parameter."
causal_analysis.py,332,,2,numeric_ast_literal,code_constant_requires_context,medium,pooled_var = (vals_mt.var() + vals_mc.var()) / 2 + 1e-10,"Numeric code constant not automatically reducible to a result, layout, or documented analysis parameter."
causal_analysis.py,352,,7,number_embedded_in_text,prose_or_label_number,low,"""""""",Number is embedded in a string and requires contextual review.
causal_analysis.py,364,,70,numeric_ast_literal,code_constant_requires_context,medium,"print(""\n"" + ""="" * 70)","Numeric code constant not automatically reducible to a result, layout, or documented analysis parameter."
causal_analysis.py,367,,70,numeric_ast_literal,code_constant_requires_context,medium,"print(""="" * 70)","Numeric code constant not automatically reducible to a result, layout, or documented analysis parameter."
causal_analysis.py,399,,95,number_embedded_in_text,dynamically_generated_value_or_format_precision,low,"print(f""\n  {name}: {rate:.1%} ({grp['outcome_bin'].sum()}/{n}), """,Number appears in an f-string or format specification; the reported value is generated at runtime.
causal_analysis.py,473,,0,numeric_ast_literal,code_constant_requires_context,medium,"scores = [0, 1, 2]  # dose levels","Numeric code constant not automatically reducible to a result, layout, or documented analysis parameter."
causal_analysis.py,473,,1,numeric_ast_literal,code_constant_requires_context,medium,"scores = [0, 1, 2]  # dose levels","Numeric code constant not automatically reducible to a result, layout, or documented analysis parameter."
causal_analysis.py,473,,2,numeric_ast_literal,code_constant_requires_context,medium,"scores = [0, 1, 2]  # dose levels","Numeric code constant not automatically reducible to a result, layout, or documented analysis parameter."
causal_analysis.py,476,,3,numeric_ast_literal,analysis_parameter_or_threshold,medium,T_num = sum(scores[i] * xs[i] for i in range(3)) - p_bar * sum(scores[i] * ns[i] for i in range(3)),"Explicit analysis parameter, random seed, resampling count, or decision threshold."
causal_analysis.py,476,,3,numeric_ast_literal,analysis_parameter_or_threshold,medium,T_num = sum(scores[i] * xs[i] for i in range(3)) - p_bar * sum(scores[i] * ns[i] for i in range(3)),"Explicit analysis parameter, random seed, resampling count, or decision threshold."
causal_analysis.py,478,,1,numeric_ast_literal,code_constant_requires_context,medium,p_bar * (1 - p_bar) * (,"Numeric code constant not automatically reducible to a result, layout, or documented analysis parameter."
causal_analysis.py,479,,2,numeric_ast_literal,analysis_parameter_or_threshold,medium,sum(scores[i]**2 * ns[i] for i in range(3)) -,"Explicit analysis parameter, random seed, resampling count, or decision threshold."
causal_analysis.py,479,,3,numeric_ast_literal,analysis_parameter_or_threshold,medium,sum(scores[i]**2 * ns[i] for i in range(3)) -,"Explicit analysis parameter, random seed, resampling count, or decision threshold."
causal_analysis.py,480,,2,numeric_ast_literal,analysis_parameter_or_threshold,medium,(sum(scores[i] * ns[i] for i in range(3)))**2 / N,"Explicit analysis parameter, random seed, resampling count, or decision threshold."
causal_analysis.py,480,,3,numeric_ast_literal,analysis_parameter_or_threshold,medium,(sum(scores[i] * ns[i] for i in range(3)))**2 / N,"Explicit analysis parameter, random seed, resampling count, or decision threshold."
causal_analysis.py,483,,0,numeric_ast_literal,code_constant_requires_context,medium,if T_den > 0:,"Numeric code constant not automatically reducible to a result, layout, or documented analysis parameter."
causal_analysis.py,485,,1,numeric_ast_literal,code_constant_requires_context,medium,p_trend = 1 - stats.norm.cdf(z_trend),"Numeric code constant not automatically reducible to a result, layout, or documented analysis parameter."
causal_analysis.py,487,,0,numeric_ast_literal,code_constant_requires_context,medium,z_trend = 0,"Numeric code constant not automatically reducible to a result, layout, or documented analysis parameter."
causal_analysis.py,488,,1.0,numeric_ast_literal,code_constant_requires_context,medium,p_trend = 1.0,"Numeric code constant not automatically reducible to a result, layout, or documented analysis parameter."
causal_analysis.py,515,,70,numeric_ast_literal,code_constant_requires_context,medium,"print(""\n"" + ""="" * 70)","Numeric code constant not automatically reducible to a result, layout, or documented analysis parameter."
causal_analysis.py,517,,0,number_embedded_in_text,prose_or_label_number,low,"print(""   (Exposure = dominant_binary: stock=1, flow=0)"")",Number is embedded in a string and requires contextual review.
causal_analysis.py,517,,1,number_embedded_in_text,prose_or_label_number,low,"print(""   (Exposure = dominant_binary: stock=1, flow=0)"")",Number is embedded in a string and requires contextual review.
causal_analysis.py,518,,70,numeric_ast_literal,code_constant_requires_context,medium,"print(""="" * 70)","Numeric code constant not automatically reducible to a result, layout, or documented analysis parameter."
causal_analysis.py,530,,0,numeric_ast_literal,code_constant_requires_context,medium,"table = table.reindex(index=[1, 0], columns=[1, 0])","Numeric code constant not automatically reducible to a result, layout, or documented analysis parameter."
causal_analysis.py,530,,0,numeric_ast_literal,code_constant_requires_context,medium,"table = table.reindex(index=[1, 0], columns=[1, 0])","Numeric code constant not automatically reducible to a result, layout, or documented analysis parameter."
causal_analysis.py,530,,1,numeric_ast_literal,code_constant_requires_context,medium,"table = table.reindex(index=[1, 0], columns=[1, 0])","Numeric code constant not automatically reducible to a result, layout, or documented analysis parameter."
causal_analysis.py,530,,1,numeric_ast_literal,code_constant_requires_context,medium,"table = table.reindex(index=[1, 0], columns=[1, 0])","Numeric code constant not automatically reducible to a result, layout, or documented analysis parameter."
causal_analysis.py,531,,0,numeric_ast_literal,code_constant_requires_context,medium,"a, b = table.iloc[0, 0], table.iloc[0, 1]","Numeric code constant not automatically reducible to a result, layout, or documented analysis parameter."
causal_analysis.py,531,,0,numeric_ast_literal,code_constant_requires_context,medium,"a, b = table.iloc[0, 0], table.iloc[0, 1]","Numeric code constant not automatically reducible to a result, layout, or documented analysis parameter."
causal_analysis.py,531,,0,numeric_ast_literal,code_constant_requires_context,medium,"a, b = table.iloc[0, 0], table.iloc[0, 1]","Numeric code constant not automatically reducible to a result, layout, or documented analysis parameter."
causal_analysis.py,531,,1,numeric_ast_literal,code_constant_requires_context,medium,"a, b = table.iloc[0, 0], table.iloc[0, 1]","Numeric code constant not automatically reducible to a result, layout, or documented analysis parameter."
causal_analysis.py,532,,0,numeric_ast_literal,code_constant_requires_context,medium,"c, dd_val = table.iloc[1, 0], table.iloc[1, 1]","Numeric code constant not automatically reducible to a result, layout, or documented analysis parameter."
causal_analysis.py,532,,1,numeric_ast_literal,code_constant_requires_context,medium,"c, dd_val = table.iloc[1, 0], table.iloc[1, 1]","Numeric code constant not automatically reducible to a result, layout, or documented analysis parameter."
causal_analysis.py,532,,1,numeric_ast_literal,code_constant_requires_context,medium,"c, dd_val = table.iloc[1, 0], table.iloc[1, 1]","Numeric code constant not automatically reducible to a result, layout, or documented analysis parameter."
causal_analysis.py,532,,1,numeric_ast_literal,code_constant_requires_context,medium,"c, dd_val = table.iloc[1, 0], table.iloc[1, 1]","Numeric code constant not automatically reducible to a result, layout, or documented analysis parameter."
causal_analysis.py,533,,0,numeric_ast_literal,code_constant_requires_context,medium,or_observed = (a * dd_val) / (b * c) if b * c > 0 else float('inf'),"Numeric code constant not automatically reducible to a result, layout, or documented analysis parameter."
causal_analysis.py,536,,1,numeric_ast_literal,code_constant_requires_context,medium,if or_observed >= 1:,"Numeric code constant not automatically reducible to a result, layout, or documented analysis parameter."
causal_analysis.py,537,,1,numeric_ast_literal,code_constant_requires_context,medium,e_val = or_observed + math.sqrt(or_observed * (or_observed - 1)),"Numeric code constant not automatically reducible to a result, layout, or documented analysis parameter."
causal_analysis.py,539,,1,numeric_ast_literal,code_constant_requires_context,medium,or_inv = 1 / or_observed,"Numeric code constant not automatically reducible to a result, layout, or documented analysis parameter."
causal_analysis.py,540,,1,numeric_ast_literal,code_constant_requires_context,medium,e_val = or_inv + math.sqrt(or_inv * (or_inv - 1)),"Numeric code constant not automatically reducible to a result, layout, or documented analysis parameter."
causal_analysis.py,544,,1,numeric_ast_literal,code_constant_requires_context,medium,se_log_or = math.sqrt(1/a + 1/b + 1/c + 1/dd_val),"Numeric code constant not automatically reducible to a result, layout, or documented analysis parameter."
causal_analysis.py,544,,1,numeric_ast_literal,code_constant_requires_context,medium,se_log_or = math.sqrt(1/a + 1/b + 1/c + 1/dd_val),"Numeric code constant not automatically reducible to a result, layout, or documented analysis parameter."
causal_analysis.py,544,,1,numeric_ast_literal,code_constant_requires_context,medium,se_log_or = math.sqrt(1/a + 1/b + 1/c + 1/dd_val),"Numeric code constant not automatically reducible to a result, layout, or documented analysis parameter."
causal_analysis.py,544,,1,numeric_ast_literal,code_constant_requires_context,medium,se_log_or = math.sqrt(1/a + 1/b + 1/c + 1/dd_val),"Numeric code constant not automatically reducible to a result, layout, or documented analysis parameter."
causal_analysis.py,545,,1.96,numeric_ast_literal,code_constant_requires_context,medium,or_lo = math.exp(log_or - 1.96 * se_log_or),"Numeric code constant not automatically reducible to a result, layout, or documented analysis parameter."
causal_analysis.py,546,,1,numeric_ast_literal,code_constant_requires_context,medium,if or_lo >= 1:,"Numeric code constant not automatically reducible to a result, layout, or documented analysis parameter."
causal_analysis.py,547,,1,numeric_ast_literal,code_constant_requires_context,medium,e_val_ci = or_lo + math.sqrt(or_lo * (or_lo - 1)),"Numeric code constant not automatically reducible to a result, layout, or documented analysis parameter."
causal_analysis.py,549,,1.0,numeric_ast_literal,code_constant_requires_context,medium,e_val_ci = 1.0,"Numeric code constant not automatically reducible to a result, layout, or documented analysis parameter."
causal_analysis.py,553,,95,number_embedded_in_text,dynamically_generated_value_or_format_precision,low,"print(f""  E-value (lower 95% CI):       {e_val_ci:.3f}"")",Number appears in an f-string or format specification; the reported value is generated at runtime.
causal_analysis.py,568,,10000,numeric_ast_literal,code_constant_requires_context,medium,n_perm = 10000,"Numeric code constant not automatically reducible to a result, layout, or documented analysis parameter."
causal_analysis.py,569,,42,numeric_ast_literal,code_constant_requires_context,medium,rng = np.random.RandomState(42),"Numeric code constant not automatically reducible to a result, layout, or documented analysis parameter."
causal_analysis.py,570,,1,numeric_ast_literal,code_constant_requires_context,medium,"observed_diff = (d.loc[d[EXPOSURE] == 1, ""outcome_bin""].mean() -","Numeric code constant not automatically reducible to a result, layout, or documented analysis parameter."
causal_analysis.py,571,,0,numeric_ast_literal,code_constant_requires_context,medium,"d.loc[d[EXPOSURE] == 0, ""outcome_bin""].mean())","Numeric code constant not automatically reducible to a result, layout, or documented analysis parameter."
causal_analysis.py,577,,0,numeric_ast_literal,code_constant_requires_context,medium,diff = Y_vec[T_perm == 1].mean() - Y_vec[T_perm == 0].mean(),"Numeric code constant not automatically reducible to a result, layout, or documented analysis parameter."
causal_analysis.py,577,,1,numeric_ast_literal,code_constant_requires_context,medium,diff = Y_vec[T_perm == 1].mean() - Y_vec[T_perm == 0].mean(),"Numeric code constant not automatically reducible to a result, layout, or documented analysis parameter."
causal_analysis.py,601,,0,numeric_ast_literal,code_constant_requires_context,medium,"ct = ct.reindex(index=[1, 0], columns=[1, 0]).fillna(0)","Numeric code constant not automatically reducible to a result, layout, or documented analysis parameter."
causal_analysis.py,601,,0,numeric_ast_literal,code_constant_requires_context,medium,"ct = ct.reindex(index=[1, 0], columns=[1, 0]).fillna(0)","Numeric code constant not automatically reducible to a result, layout, or documented analysis parameter."
causal_analysis.py,601,,0,numeric_ast_literal,code_constant_requires_context,medium,"ct = ct.reindex(index=[1, 0], columns=[1, 0]).fillna(0)","Numeric code constant not automatically reducible to a result, layout, or documented analysis parameter."
causal_analysis.py,601,,1,numeric_ast_literal,code_constant_requires_context,medium,"ct = ct.reindex(index=[1, 0], columns=[1, 0]).fillna(0)","Numeric code constant not automatically reducible to a result, layout, or documented analysis parameter."
causal_analysis.py,601,,1,numeric_ast_literal,code_constant_requires_context,medium,"ct = ct.reindex(index=[1, 0], columns=[1, 0]).fillna(0)","Numeric code constant not automatically reducible to a result, layout, or documented analysis parameter."
causal_analysis.py,602,,0,numeric_ast_literal,code_constant_requires_context,medium,"a_l, b_l = ct.iloc[0, 0], ct.iloc[0, 1]","Numeric code constant not automatically reducible to a result, layout, or documented analysis parameter."
causal_analysis.py,602,,0,numeric_ast_literal,code_constant_requires_context,medium,"a_l, b_l = ct.iloc[0, 0], ct.iloc[0, 1]","Numeric code constant not automatically reducible to a result, layout, or documented analysis parameter."
causal_analysis.py,602,,0,numeric_ast_literal,code_constant_requires_context,medium,"a_l, b_l = ct.iloc[0, 0], ct.iloc[0, 1]","Numeric code constant not automatically reducible to a result, layout, or documented analysis parameter."
causal_analysis.py,602,,1,numeric_ast_literal,code_constant_requires_context,medium,"a_l, b_l = ct.iloc[0, 0], ct.iloc[0, 1]","Numeric code constant not automatically reducible to a result, layout, or documented analysis parameter."
causal_analysis.py,603,,0,numeric_ast_literal,code_constant_requires_context,medium,"c_l, d_l = ct.iloc[1, 0], ct.iloc[1, 1]","Numeric code constant not automatically reducible to a result, layout, or documented analysis parameter."
causal_analysis.py,603,,1,numeric_ast_literal,code_constant_requires_context,medium,"c_l, d_l = ct.iloc[1, 0], ct.iloc[1, 1]","Numeric code constant not automatically reducible to a result, layout, or documented analysis parameter."
causal_analysis.py,603,,1,numeric_ast_literal,code_constant_requires_context,medium,"c_l, d_l = ct.iloc[1, 0], ct.iloc[1, 1]","Numeric code constant not automatically reducible to a result, layout, or documented analysis parameter."
causal_analysis.py,603,,1,numeric_ast_literal,code_constant_requires_context,medium,"c_l, d_l = ct.iloc[1, 0], ct.iloc[1, 1]","Numeric code constant not automatically reducible to a result, layout, or documented analysis parameter."
causal_analysis.py,604,,0,numeric_ast_literal,code_constant_requires_context,medium,if b_l * c_l > 0:,"Numeric code constant not automatically reducible to a result, layout, or documented analysis parameter."
causal_analysis.py,621,,1,number_embedded_in_text,dynamically_generated_value_or_format_precision,low,"print(f""  Sign changes (OR < 1): {(finite_ors < 1).sum()}"")",Number appears in an f-string or format specification; the reported value is generated at runtime.
causal_analysis.py,621,,1,numeric_ast_literal,code_constant_requires_context,medium,"print(f""  Sign changes (OR < 1): {(finite_ors < 1).sum()}"")","Numeric code constant not automatically reducible to a result, layout, or documented analysis parameter."
causal_analysis.py,622,,0.05,number_embedded_in_text,analysis_threshold_or_output_label,medium,"print(f""  Always significant (p < 0.05): ""","Decision threshold, confidence-level label, or chart legend rather than a computed result."
causal_analysis.py,623,,0.05,numeric_ast_literal,code_constant_requires_context,medium,"f""{'Yes' if (loo_ps < 0.05).all() else 'No'}"")","Numeric code constant not automatically reducible to a result, layout, or documented analysis parameter."
causal_analysis.py,635,,1,numeric_ast_literal,code_constant_requires_context,medium,"""sign_changes"": int((finite_ors < 1).sum()),","Numeric code constant not automatically reducible to a result, layout, or documented analysis parameter."
causal_analysis.py,636,,0.05,numeric_ast_literal,code_constant_requires_context,medium,"""always_sig"": bool((loo_ps < 0.05).all()),","Numeric code constant not automatically reducible to a result, layout, or documented analysis parameter."
causal_analysis.py,645,,0,numeric_ast_literal,code_constant_requires_context,medium,"ct = ct.reindex(index=[1, 0], columns=[1, 0]).fillna(0)","Numeric code constant not automatically reducible to a result, layout, or documented analysis parameter."
causal_analysis.py,645,,0,numeric_ast_literal,code_constant_requires_context,medium,"ct = ct.reindex(index=[1, 0], columns=[1, 0]).fillna(0)","Numeric code constant not automatically reducible to a result, layout, or documented analysis parameter."
causal_analysis.py,645,,0,numeric_ast_literal,code_constant_requires_context,medium,"ct = ct.reindex(index=[1, 0], columns=[1, 0]).fillna(0)","Numeric code constant not automatically reducible to a result, layout, or documented analysis parameter."
causal_analysis.py,645,,1,numeric_ast_literal,code_constant_requires_context,medium,"ct = ct.reindex(index=[1, 0], columns=[1, 0]).fillna(0)","Numeric code constant not automatically reducible to a result, layout, or documented analysis parameter."
causal_analysis.py,645,,1,numeric_ast_literal,code_constant_requires_context,medium,"ct = ct.reindex(index=[1, 0], columns=[1, 0]).fillna(0)","Numeric code constant not automatically reducible to a result, layout, or documented analysis parameter."
causal_analysis.py,646,,0,numeric_ast_literal,code_constant_requires_context,medium,"a_a, b_a = ct.iloc[0, 0], ct.iloc[0, 1]","Numeric code constant not automatically reducible to a result, layout, or documented analysis parameter."
causal_analysis.py,646,,0,numeric_ast_literal,code_constant_requires_context,medium,"a_a, b_a = ct.iloc[0, 0], ct.iloc[0, 1]","Numeric code constant not automatically reducible to a result, layout, or documented analysis parameter."
causal_analysis.py,646,,0,numeric_ast_literal,code_constant_requires_context,medium,"a_a, b_a = ct.iloc[0, 0], ct.iloc[0, 1]","Numeric code constant not automatically reducible to a result, layout, or documented analysis parameter."
causal_analysis.py,646,,1,numeric_ast_literal,code_constant_requires_context,medium,"a_a, b_a = ct.iloc[0, 0], ct.iloc[0, 1]","Numeric code constant not automatically reducible to a result, layout, or documented analysis parameter."
causal_analysis.py,647,,0,numeric_ast_literal,code_constant_requires_context,medium,"c_a, d_a = ct.iloc[1, 0], ct.iloc[1, 1]","Numeric code constant not automatically reducible to a result, layout, or documented analysis parameter."
causal_analysis.py,647,,1,numeric_ast_literal,code_constant_requires_context,medium,"c_a, d_a = ct.iloc[1, 0], ct.iloc[1, 1]","Numeric code constant not automatically reducible to a result, layout, or documented analysis parameter."
causal_analysis.py,647,,1,numeric_ast_literal,code_constant_requires_context,medium,"c_a, d_a = ct.iloc[1, 0], ct.iloc[1, 1]","Numeric code constant not automatically reducible to a result, layout, or documented analysis parameter."
causal_analysis.py,647,,1,numeric_ast_literal,code_constant_requires_context,medium,"c_a, d_a = ct.iloc[1, 0], ct.iloc[1, 1]","Numeric code constant not automatically reducible to a result, layout, or documented analysis parameter."
causal_analysis.py,648,,0,numeric_ast_literal,code_constant_requires_context,medium,or_a = (a_a * d_a) / (b_a * c_a) if b_a * c_a > 0 else float('inf'),"Numeric code constant not automatically reducible to a result, layout, or documented analysis parameter."
causal_analysis.py,659,,95,number_embedded_in_text,analysis_threshold_or_output_label,medium,"print(f""\n--- D5. Bootstrap 95% CI for OR ---"")","Decision threshold, confidence-level label, or chart legend rather than a computed result."
causal_analysis.py,660,,5000,numeric_ast_literal,analysis_parameter_or_threshold,medium,n_boot = 5000,"Explicit analysis parameter, random seed, resampling count, or decision threshold."
causal_analysis.py,662,,123,numeric_ast_literal,code_constant_requires_context,medium,rng_boot = np.random.RandomState(123),"Numeric code constant not automatically reducible to a result, layout, or documented analysis parameter."
causal_analysis.py,667,,1,numeric_ast_literal,code_constant_requires_context,medium,a_b = ((t_boot == 1) & (y_boot == 1)).sum(),"Numeric code constant not automatically reducible to a result, layout, or documented analysis parameter."
causal_analysis.py,667,,1,numeric_ast_literal,code_constant_requires_context,medium,a_b = ((t_boot == 1) & (y_boot == 1)).sum(),"Numeric code constant not automatically reducible to a result, layout, or documented analysis parameter."
causal_analysis.py,668,,0,numeric_ast_literal,code_constant_requires_context,medium,b_b = ((t_boot == 1) & (y_boot == 0)).sum(),"Numeric code constant not automatically reducible to a result, layout, or documented analysis parameter."
causal_analysis.py,668,,1,numeric_ast_literal,code_constant_requires_context,medium,b_b = ((t_boot == 1) & (y_boot == 0)).sum(),"Numeric code constant not automatically reducible to a result, layout, or documented analysis parameter."
causal_analysis.py,669,,0,numeric_ast_literal,code_constant_requires_context,medium,c_b = ((t_boot == 0) & (y_boot == 1)).sum(),"Numeric code constant not automatically reducible to a result, layout, or documented analysis parameter."
causal_analysis.py,669,,1,numeric_ast_literal,code_constant_requires_context,medium,c_b = ((t_boot == 0) & (y_boot == 1)).sum(),"Numeric code constant not automatically reducible to a result, layout, or documented analysis parameter."
causal_analysis.py,670,,0,numeric_ast_literal,code_constant_requires_context,medium,d_b = ((t_boot == 0) & (y_boot == 0)).sum(),"Numeric code constant not automatically reducible to a result, layout, or documented analysis parameter."
causal_analysis.py,670,,0,numeric_ast_literal,code_constant_requires_context,medium,d_b = ((t_boot == 0) & (y_boot == 0)).sum(),"Numeric code constant not automatically reducible to a result, layout, or documented analysis parameter."
causal_analysis.py,672,,0,numeric_ast_literal,code_constant_requires_context,medium,if a_b == 0 or b_b == 0 or c_b == 0 or d_b == 0:,"Numeric code constant not automatically reducible to a result, layout, or documented analysis parameter."
causal_analysis.py,672,,0,numeric_ast_literal,code_constant_requires_context,medium,if a_b == 0 or b_b == 0 or c_b == 0 or d_b == 0:,"Numeric code constant not automatically reducible to a result, layout, or documented analysis parameter."
causal_analysis.py,672,,0,numeric_ast_literal,code_constant_requires_context,medium,if a_b == 0 or b_b == 0 or c_b == 0 or d_b == 0:,"Numeric code constant not automatically reducible to a result, layout, or documented analysis parameter."
causal_analysis.py,672,,0,numeric_ast_literal,code_constant_requires_context,medium,if a_b == 0 or b_b == 0 or c_b == 0 or d_b == 0:,"Numeric code constant not automatically reducible to a result, layout, or documented analysis parameter."
causal_analysis.py,673,,0.5,numeric_ast_literal,code_constant_requires_context,medium,a_b += 0.5; b_b += 0.5; c_b += 0.5; d_b += 0.5,"Numeric code constant not automatically reducible to a result, layout, or documented analysis parameter."
causal_analysis.py,673,,0.5,numeric_ast_literal,code_constant_requires_context,medium,a_b += 0.5; b_b += 0.5; c_b += 0.5; d_b += 0.5,"Numeric code constant not automatically reducible to a result, layout, or documented analysis parameter."
causal_analysis.py,673,,0.5,numeric_ast_literal,code_constant_requires_context,medium,a_b += 0.5; b_b += 0.5; c_b += 0.5; d_b += 0.5,"Numeric code constant not automatically reducible to a result, layout, or documented analysis parameter."
causal_analysis.py,673,,0.5,numeric_ast_literal,code_constant_requires_context,medium,a_b += 0.5; b_b += 0.5; c_b += 0.5; d_b += 0.5,"Numeric code constant not automatically reducible to a result, layout, or documented analysis parameter."
causal_analysis.py,678,,2.5,numeric_ast_literal,analysis_parameter_or_threshold,medium,"ci_lo_b, ci_hi_b = np.percentile(boot_ors, [2.5, 97.5])","Explicit analysis parameter, random seed, resampling count, or decision threshold."
causal_analysis.py,678,,97.5,numeric_ast_literal,analysis_parameter_or_threshold,medium,"ci_lo_b, ci_hi_b = np.percentile(boot_ors, [2.5, 97.5])","Explicit analysis parameter, random seed, resampling count, or decision threshold."
causal_analysis.py,680,,95,number_embedded_in_text,dynamically_generated_value_or_format_precision,low,"print(f""  Bootstrap 95% CI: [{ci_lo_b:.3f}, {ci_hi_b:.3f}]"")",Number appears in an f-string or format specification; the reported value is generated at runtime.
causal_analysis.py,702,,5,numeric_ast_literal,code_constant_requires_context,medium,"print(f""\n  Max VIF: {max_vif:.2f} ({'OK' if max_vif < 5 else 'WARNING: possible multicollinearity'})"")","Numeric code constant not automatically reducible to a result, layout, or documented analysis parameter."
causal_analysis.py,711,,0.05,numeric_ast_literal,analysis_parameter_or_threshold,medium,"def _wilson_ci(x, n, alpha=0.05):","Explicit analysis parameter, random seed, resampling count, or decision threshold."
causal_analysis.py,713,,0,numeric_ast_literal,code_constant_requires_context,medium,if n == 0:,"Numeric code constant not automatically reducible to a result, layout, or documented analysis parameter."
causal_analysis.py,714,,0.0,numeric_ast_literal,code_constant_requires_context,medium,"return 0.0, 1.0","Numeric code constant not automatically reducible to a result, layout, or documented analysis parameter."
causal_analysis.py,714,,1.0,numeric_ast_literal,code_constant_requires_context,medium,"return 0.0, 1.0","Numeric code constant not automatically reducible to a result, layout, or documented analysis parameter."
causal_analysis.py,715,,1,numeric_ast_literal,analysis_parameter_or_threshold,medium,z = stats.norm.ppf(1 - alpha / 2),"Explicit analysis parameter, random seed, resampling count, or decision threshold."
causal_analysis.py,715,,2,numeric_ast_literal,analysis_parameter_or_threshold,medium,z = stats.norm.ppf(1 - alpha / 2),"Explicit analysis parameter, random seed, resampling count, or decision threshold."
causal_analysis.py,717,,1,numeric_ast_literal,code_constant_requires_context,medium,denom = 1 + z**2 / n,"Numeric code constant not automatically reducible to a result, layout, or documented analysis parameter."
causal_analysis.py,717,,2,numeric_ast_literal,code_constant_requires_context,medium,denom = 1 + z**2 / n,"Numeric code constant not automatically reducible to a result, layout, or documented analysis parameter."
causal_analysis.py,718,,2,numeric_ast_literal,code_constant_requires_context,medium,centre = (p_hat + z**2 / (2 * n)) / denom,"Numeric code constant not automatically reducible to a result, layout, or documented analysis parameter."
causal_analysis.py,718,,2,numeric_ast_literal,code_constant_requires_context,medium,centre = (p_hat + z**2 / (2 * n)) / denom,"Numeric code constant not automatically reducible to a result, layout, or documented analysis parameter."
causal_analysis.py,719,,1,numeric_ast_literal,code_constant_requires_context,medium,margin = z * math.sqrt((p_hat * (1 - p_hat) + z**2 / (4 * n)) / n) / denom,"Numeric code constant not automatically reducible to a result, layout, or documented analysis parameter."
causal_analysis.py,719,,2,numeric_ast_literal,code_constant_requires_context,medium,margin = z * math.sqrt((p_hat * (1 - p_hat) + z**2 / (4 * n)) / n) / denom,"Numeric code constant not automatically reducible to a result, layout, or documented analysis parameter."
causal_analysis.py,719,,4,numeric_ast_literal,code_constant_requires_context,medium,margin = z * math.sqrt((p_hat * (1 - p_hat) + z**2 / (4 * n)) / n) / denom,"Numeric code constant not automatically reducible to a result, layout, or documented analysis parameter."
causal_analysis.py,720,,0,numeric_ast_literal,code_constant_requires_context,medium,"return max(0, centre - margin), min(1, centre + margin)","Numeric code constant not automatically reducible to a result, layout, or documented analysis parameter."
causal_analysis.py,720,,1,numeric_ast_literal,code_constant_requires_context,medium,"return max(0, centre - margin), min(1, centre + margin)","Numeric code constant not automatically reducible to a result, layout, or documented analysis parameter."
causal_analysis.py,764,,2,numeric_ast_literal,code_constant_requires_context,medium,"json.dump(all_results, f, indent=2, ensure_ascii=False, default=str)","Numeric code constant not automatically reducible to a result, layout, or documented analysis parameter."
causal_analysis.py,765,,70,numeric_ast_literal,code_constant_requires_context,medium,"print(f""\n{'=' * 70}"")","Numeric code constant not automatically reducible to a result, layout, or documented analysis parameter."
causal_analysis.py,767,,70,numeric_ast_literal,code_constant_requires_context,medium,"print(f""{'=' * 70}"")","Numeric code constant not automatically reducible to a result, layout, or documented analysis parameter."
create_manuscript.py,1,,1,number_embedded_in_text,prose_or_label_number,medium,"""""""",Number is embedded in a string and requires contextual review.
create_manuscript.py,43,,0,numeric_ast_literal,code_constant_requires_context,medium,"sys.path.insert(0, os.path.dirname(__file__))","Numeric code constant not automatically reducible to a result, layout, or documented analysis parameter."
create_manuscript.py,259,,331,number_embedded_in_text,historical_date_or_prose_number,low,"""アケメネス朝ペルシア"": ""Conquered by Alexander the Great at Battle of Gaugamela (331 BC)"",","Historical date or contextual prose number, not a computed analysis result."
create_manuscript.py,260,,338,number_embedded_in_text,historical_date_or_prose_number,low,"""アテネ（ペロポネソス戦争後）"": ""Subjugated by Macedon after Battle of Chaeronea (338 BC)"",","Historical date or contextual prose number, not a computed analysis result."
create_manuscript.py,261,,146,number_embedded_in_text,historical_date_or_prose_number,low,"""スパルタ"": ""Defeated at Battle of Leuctra (371 BC); absorbed by Rome (146 BC)"",","Historical date or contextual prose number, not a computed analysis result."
create_manuscript.py,261,,371,number_embedded_in_text,historical_date_or_prose_number,low,"""スパルタ"": ""Defeated at Battle of Leuctra (371 BC); absorbed by Rome (146 BC)"",","Historical date or contextual prose number, not a computed analysis result."
create_manuscript.py,262,,146,number_embedded_in_text,historical_date_or_prose_number,low,"""カルタゴ"": ""Destroyed by Rome in Third Punic War (146 BC)"",","Historical date or contextual prose number, not a computed analysis result."
create_manuscript.py,264,,476,number_embedded_in_text,historical_date_or_prose_number,low,"""ローマ帝政後期（西）"": ""Fall of Rome to Odoacer (476 AD)"",","Historical date or contextual prose number, not a computed analysis result."
create_manuscript.py,265,,30,number_embedded_in_text,historical_date_or_prose_number,low,"""プトレマイオス朝エジプト"": ""Annexed by Rome after Battle of Actium (30 BC)"",","Historical date or contextual prose number, not a computed analysis result."
create_manuscript.py,266,,220,number_embedded_in_text,historical_date_or_prose_number,low,"""漢朝（前漢〜後漢）"": ""Collapsed into Three Kingdoms civil war (220 AD)"",","Historical date or contextual prose number, not a computed analysis result."
create_manuscript.py,268,,1453,number_embedded_in_text,prose_or_label_number,medium,"""ビザンツ帝国（後期）"": ""Fall of Constantinople to Ottoman Turks (1453)"",",Number is embedded in a string and requires contextual review.
create_manuscript.py,270,,1258,number_embedded_in_text,historical_date_or_prose_number,low,"""アッバース朝（後期）"": ""Sack of Baghdad by Mongols (1258)"",","Historical date or contextual prose number, not a computed analysis result."
create_manuscript.py,271,,1279,number_embedded_in_text,prose_or_label_number,medium,"""宋朝中国"": ""Conquered by Mongol Yuan Dynasty (1279)"",",Number is embedded in a string and requires contextual review.
create_manuscript.py,273,,1517,number_embedded_in_text,prose_or_label_number,medium,"""マムルーク朝エジプト"": ""Conquered by Ottoman Empire (1517)"",",Number is embedded in a string and requires contextual review.
create_manuscript.py,274,,1797,number_embedded_in_text,prose_or_label_number,medium,"""ヴェネツィア共和国"": ""Dissolved by Napoleon (1797)"",",Number is embedded in a string and requires contextual review.
create_manuscript.py,277,,1922,number_embedded_in_text,prose_or_label_number,medium,"""オスマン帝国（後期）"": ""Dismembered after WWI; Republic of Turkey founded (1922)"",",Number is embedded in a string and requires contextual review.
create_manuscript.py,278,,1644,number_embedded_in_text,prose_or_label_number,medium,"""明朝中国"": ""Conquered by Manchu Qing Dynasty (1644)"",",Number is embedded in a string and requires contextual review.
create_manuscript.py,280,,1912,number_embedded_in_text,prose_or_label_number,medium,"""清朝中国（後期）"": ""Semi-colonized after Opium Wars; dynasty fell (1912)"",",Number is embedded in a string and requires contextual review.
create_manuscript.py,281,,1910,number_embedded_in_text,prose_or_label_number,medium,"""李朝朝鮮"": ""Annexed by Japan (1910)"",",Number is embedded in a string and requires contextual review.
create_manuscript.py,282,,1853,number_embedded_in_text,prose_or_label_number,medium,"""徳川日本"": ""Forced opening by Perry (1853); Meiji Restoration (1868)"",",Number is embedded in a string and requires contextual review.
create_manuscript.py,282,,1868,number_embedded_in_text,prose_or_label_number,medium,"""徳川日本"": ""Forced opening by Perry (1853); Meiji Restoration (1868)"",",Number is embedded in a string and requires contextual review.
create_manuscript.py,283,,1857,number_embedded_in_text,prose_or_label_number,medium,"""ムガル帝国（後期）"": ""Colonized by British East India Company; dissolved (1857)"",",Number is embedded in a string and requires contextual review.
create_manuscript.py,284,,1722,number_embedded_in_text,historical_date_or_prose_number,low,"""サファヴィー朝ペルシア"": ""Conquered by Afghan Hotaki invaders (1722)"",","Historical date or contextual prose number, not a computed analysis result."
create_manuscript.py,285,,1533,number_embedded_in_text,historical_date_or_prose_number,low,"""インカ帝国"": ""Conquered by Spanish conquistadors under Pizarro (1533)"",","Historical date or contextual prose number, not a computed analysis result."
create_manuscript.py,286,,1521,number_embedded_in_text,prose_or_label_number,medium,"""アステカ帝国"": ""Conquered by Cortes and Spanish forces (1521)"",",Number is embedded in a string and requires contextual review.
create_manuscript.py,287,,1580,number_embedded_in_text,prose_or_label_number,medium,"""ポルトガル帝国"": ""Iberian Union under Spanish crown (1580); independence restored (1640)"",",Number is embedded in a string and requires contextual review.
create_manuscript.py,287,,1640,number_embedded_in_text,prose_or_label_number,medium,"""ポルトガル帝国"": ""Iberian Union under Spanish crown (1580); independence restored (1640)"",",Number is embedded in a string and requires contextual review.
create_manuscript.py,288,,1795,number_embedded_in_text,prose_or_label_number,medium,"""オランダ共和国"": ""Conquered by France (1795); later restored as Kingdom of the Netherlands"",",Number is embedded in a string and requires contextual review.
create_manuscript.py,289,,1808,number_embedded_in_text,prose_or_label_number,medium,"""スペイン帝国"": ""Napoleonic invasion (1808); loss of American colonies"",",Number is embedded in a string and requires contextual review.
create_manuscript.py,294,,1896,number_embedded_in_text,historical_date_or_prose_number,low,"""エチオピア帝国"": ""Survived: Victory at Battle of Adwa (1896) maintained independence"",","Historical date or contextual prose number, not a computed analysis result."
create_manuscript.py,296,,1815,number_embedded_in_text,historical_date_or_prose_number,low,"""スイス"": ""Survived: permanent neutrality since Congress of Vienna (1815)"",","Historical date or contextual prose number, not a computed analysis result."
create_manuscript.py,297,,1945,number_embedded_in_text,prose_or_label_number,medium,"""1930s日本（大東亜共栄圏）"": ""WWII defeat and Allied occupation (1945); state survived"",",Number is embedded in a string and requires contextual review.
create_manuscript.py,298,,1945,number_embedded_in_text,prose_or_label_number,medium,"""ナチスドイツ"": ""WWII defeat; division into East/West Germany (1945)"",",Number is embedded in a string and requires contextual review.
create_manuscript.py,299,,1946,number_embedded_in_text,prose_or_label_number,medium,"""ファシストイタリア"": ""WWII defeat; transition to republic (1946)"",",Number is embedded in a string and requires contextual review.
create_manuscript.py,300,,1991,number_embedded_in_text,prose_or_label_number,medium,"""ソ連"": ""Internal collapse and dissolution (1991)"",",Number is embedded in a string and requires contextual review.
create_manuscript.py,301,,1990,number_embedded_in_text,prose_or_label_number,medium,"""東ドイツ"": ""German reunification (1990)"",",Number is embedded in a string and requires contextual review.
create_manuscript.py,302,,1991,number_embedded_in_text,prose_or_label_number,medium,"""ユーゴスラビア"": ""Breakup into successor states (1991–1992)"",",Number is embedded in a string and requires contextual review.
create_manuscript.py,302,,1992,number_embedded_in_text,prose_or_label_number,medium,"""ユーゴスラビア"": ""Breakup into successor states (1991–1992)"",",Number is embedded in a string and requires contextual review.
create_manuscript.py,306,,1965,number_embedded_in_text,historical_date_or_prose_number,low,"""シンガポール"": ""Survived: rapid development as trade hub since independence (1965)"",","Historical date or contextual prose number, not a computed analysis result."
create_manuscript.py,311,,1978,number_embedded_in_text,historical_date_or_prose_number,low,"""現代中国"": ""Survived: reform-era growth since Deng Xiaoping (1978)"",","Historical date or contextual prose number, not a computed analysis result."
create_manuscript.py,313,,168,number_embedded_in_text,historical_date_or_prose_number,low,"""マケドニア王国（アレクサンドロス後）"": ""Conquered by Rome at Battle of Pydna (168 BC)"",","Historical date or contextual prose number, not a computed analysis result."
create_manuscript.py,314,,63,number_embedded_in_text,historical_date_or_prose_number,low,"""セレウコス朝シリア"": ""Annexed by Rome as province of Syria (63 BC)"",","Historical date or contextual prose number, not a computed analysis result."
create_manuscript.py,315,,224,number_embedded_in_text,historical_date_or_prose_number,low,"""パルティア"": ""Overthrown by Sasanian revolt under Ardashir I (224 AD)"",","Historical date or contextual prose number, not a computed analysis result."
create_manuscript.py,316,,636,number_embedded_in_text,historical_date_or_prose_number,low,"""ササン朝ペルシア"": ""Conquered by Arab-Muslim armies at Battle of al-Qadisiyyah (636 AD)"",","Historical date or contextual prose number, not a computed analysis result."
create_manuscript.py,319,,907,number_embedded_in_text,prose_or_label_number,medium,"""唐朝中国"": ""Collapsed after An Lushan Rebellion; fell to warlords (907)"",",Number is embedded in a string and requires contextual review.
create_manuscript.py,320,,750,number_embedded_in_text,prose_or_label_number,medium,"""ウマイヤ朝"": ""Overthrown by Abbasid Revolution (750)"",",Number is embedded in a string and requires contextual review.
create_manuscript.py,321,,1392,number_embedded_in_text,prose_or_label_number,medium,"""高麗"": ""Replaced by Joseon Dynasty coup (1392)"",",Number is embedded in a string and requires contextual review.
create_manuscript.py,322,,1431,number_embedded_in_text,prose_or_label_number,medium,"""クメール帝国（アンコール）"": ""Sacked by Ayutthaya (Siamese) forces (1431)"",",Number is embedded in a string and requires contextual review.
create_manuscript.py,325,,1240,number_embedded_in_text,prose_or_label_number,medium,"""キエフ大公国"": ""Destroyed by Mongol invasion (1240)"",",Number is embedded in a string and requires contextual review.
create_manuscript.py,326,,1797,number_embedded_in_text,prose_or_label_number,medium,"""ジェノヴァ共和国"": ""Annexed by France under Napoleon (1797)"",",Number is embedded in a string and requires contextual review.
create_manuscript.py,328,,1368,number_embedded_in_text,prose_or_label_number,medium,"""元朝中国"": ""Overthrown by Ming rebellion under Zhu Yuanzhang (1368)"",",Number is embedded in a string and requires contextual review.
create_manuscript.py,329,,1507,number_embedded_in_text,prose_or_label_number,medium,"""ティムール朝"": ""Fragmented; conquered by Uzbek Shaybanids (1507)"",",Number is embedded in a string and requires contextual review.
create_manuscript.py,330,,1879,number_embedded_in_text,prose_or_label_number,medium,"""琉球王国"": ""Annexed by Meiji Japan (1879)"",",Number is embedded in a string and requires contextual review.
create_manuscript.py,331,,1795,number_embedded_in_text,prose_or_label_number,medium,"""ポーランド・リトアニア共和国"": ""Partitioned by Russia, Prussia, Austria (1795)"",",Number is embedded in a string and requires contextual review.
create_manuscript.py,332,,1721,number_embedded_in_text,prose_or_label_number,medium,"""スウェーデン帝国"": ""Lost Great Northern War to Russia (1721); state survived"",",Number is embedded in a string and requires contextual review.
create_manuscript.py,333,,1917,number_embedded_in_text,prose_or_label_number,medium,"""ロシア帝国（ピョートル後）"": ""Russian Revolution (1917); state reconstituted as USSR"",",Number is embedded in a string and requires contextual review.
create_manuscript.py,335,,1893,number_embedded_in_text,prose_or_label_number,medium,"""ハワイ王国"": ""Overthrown by US-backed coup (1893); annexed by US (1898)"",",Number is embedded in a string and requires contextual review.
create_manuscript.py,335,,1898,number_embedded_in_text,prose_or_label_number,medium,"""ハワイ王国"": ""Overthrown by US-backed coup (1893); annexed by US (1898)"",",Number is embedded in a string and requires contextual review.
create_manuscript.py,336,,1879,number_embedded_in_text,prose_or_label_number,medium,"""ズールー王国"": ""Conquered by British Empire in Anglo-Zulu War (1879)"",",Number is embedded in a string and requires contextual review.
create_manuscript.py,337,,1885,number_embedded_in_text,prose_or_label_number,medium,"""ビルマ（コンバウン朝）"": ""Conquered by British Empire in Third Anglo-Burmese War (1885)"",",Number is embedded in a string and requires contextual review.
create_manuscript.py,338,,1918,number_embedded_in_text,prose_or_label_number,medium,"""オーストリア＝ハンガリー帝国"": ""Dissolved after WWI (1918); successor states emerged"",",Number is embedded in a string and requires contextual review.
create_manuscript.py,341,,1815,number_embedded_in_text,prose_or_label_number,medium,"""ナポレオン帝国"": ""Defeated at Waterloo (1815); France continued as nation-state"",",Number is embedded in a string and requires contextual review.
create_manuscript.py,342,,1910,number_embedded_in_text,prose_or_label_number,medium,"""大韓帝国"": ""Annexed by Japan (1910)"",",Number is embedded in a string and requires contextual review.
create_manuscript.py,343,,1945,number_embedded_in_text,prose_or_label_number,medium,"""満州国"": ""Dissolved after Japan's WWII defeat (1945)"",",Number is embedded in a string and requires contextual review.
create_manuscript.py,344,,1975,number_embedded_in_text,prose_or_label_number,medium,"""南ベトナム"": ""Conquered by North Vietnam; reunification (1975)"",",Number is embedded in a string and requires contextual review.
create_manuscript.py,345,,1989,number_embedded_in_text,prose_or_label_number,medium,"""チェコスロバキア（共産期）"": ""Velvet Revolution (1989); peaceful split into Czech Rep. and Slovakia (1993)"",",Number is embedded in a string and requires contextual review.
create_manuscript.py,345,,1993,number_embedded_in_text,prose_or_label_number,medium,"""チェコスロバキア（共産期）"": ""Velvet Revolution (1989); peaceful split into Czech Rep. and Slovakia (1993)"",",Number is embedded in a string and requires contextual review.
create_manuscript.py,346,,1989,number_embedded_in_text,prose_or_label_number,medium,"""ポーランド（共産期）"": ""Solidarity movement; democratic transition (1989)"",",Number is embedded in a string and requires contextual review.
create_manuscript.py,347,,1989,number_embedded_in_text,prose_or_label_number,medium,"""ルーマニア（共産期）"": ""Romanian Revolution; execution of Ceausescu (1989)"",",Number is embedded in a string and requires contextual review.
create_manuscript.py,349,,1948,number_embedded_in_text,historical_date_or_prose_number,low,"""イスラエル"": ""Survived: established and maintained statehood since 1948"",","Historical date or contextual prose number, not a computed analysis result."
create_manuscript.py,351,,1991,number_embedded_in_text,historical_date_or_prose_number,low,"""現代インド"": ""Survived: liberalization-era growth since 1991"",","Historical date or contextual prose number, not a computed analysis result."
create_manuscript.py,354,,1991,number_embedded_in_text,historical_date_or_prose_number,low,"""トルクメニスタン"": ""Survived: authoritarian gas-state since independence (1991)"",","Historical date or contextual prose number, not a computed analysis result."
create_manuscript.py,395,,0,numeric_ast_literal,code_constant_requires_context,medium,"ban_rate = ban_df[""outcome_binary""].mean() if len(ban_df) > 0 else 0","Numeric code constant not automatically reducible to a result, layout, or documented analysis parameter."
create_manuscript.py,395,,0,numeric_ast_literal,code_constant_requires_context,medium,"ban_rate = ban_df[""outcome_binary""].mean() if len(ban_df) > 0 else 0","Numeric code constant not automatically reducible to a result, layout, or documented analysis parameter."
create_manuscript.py,396,,0,numeric_ast_literal,code_constant_requires_context,medium,"no_rate = no_ban_df[""outcome_binary""].mean() if len(no_ban_df) > 0 else 0","Numeric code constant not automatically reducible to a result, layout, or documented analysis parameter."
create_manuscript.py,396,,0,numeric_ast_literal,code_constant_requires_context,medium,"no_rate = no_ban_df[""outcome_binary""].mean() if len(no_ban_df) > 0 else 0","Numeric code constant not automatically reducible to a result, layout, or documented analysis parameter."
create_manuscript.py,410,,0,numeric_ast_literal,code_constant_requires_context,medium,"""rr"": ban_rate / no_rate if no_rate > 0 else float(""inf""),","Numeric code constant not automatically reducible to a result, layout, or documented analysis parameter."
create_manuscript.py,414,,42,numeric_ast_literal,analysis_parameter_or_threshold,medium,rng = np.random.default_rng(42),"Explicit analysis parameter, random seed, resampling count, or decision threshold."
create_manuscript.py,415,,5000,numeric_ast_literal,analysis_parameter_or_threshold,medium,n_boot = 5000,"Explicit analysis parameter, random seed, resampling count, or decision threshold."
create_manuscript.py,428,,0,numeric_ast_literal,code_constant_requires_context,medium,"ct = ct.reindex(index=[""stock"", ""flow""], columns=[""overtaken"", ""survived""], fill_value=0)","Numeric code constant not automatically reducible to a result, layout, or documented analysis parameter."
create_manuscript.py,431,,0,numeric_ast_literal,code_constant_requires_context,medium,boot_ors[i] = (tp * tn) / (fp * fn) if (fp * fn) > 0 else np.nan,"Numeric code constant not automatically reducible to a result, layout, or documented analysis parameter."
create_manuscript.py,435,,100,numeric_ast_literal,code_constant_requires_context,medium,if len(valid) >= 100:,"Numeric code constant not automatically reducible to a result, layout, or documented analysis parameter."
create_manuscript.py,438,,2.5,numeric_ast_literal,analysis_parameter_or_threshold,medium,"""ci_lo"": np.percentile(valid, 2.5),","Explicit analysis parameter, random seed, resampling count, or decision threshold."
create_manuscript.py,439,,97.5,numeric_ast_literal,analysis_parameter_or_threshold,medium,"""ci_hi"": np.percentile(valid, 97.5),","Explicit analysis parameter, random seed, resampling count, or decision threshold."
create_manuscript.py,452,,10,numeric_ast_literal,display_or_layout_constant,low,"""font.size"": 10,","Document, chart, or slide layout constant."
create_manuscript.py,453,,12,numeric_ast_literal,code_constant_requires_context,medium,"""axes.titlesize"": 12,","Numeric code constant not automatically reducible to a result, layout, or documented analysis parameter."
create_manuscript.py,454,,300,numeric_ast_literal,display_or_layout_constant,low,"""figure.dpi"": 300,","Document, chart, or slide layout constant."
create_manuscript.py,458,,1,numeric_ast_literal,display_or_layout_constant,low,"fig, axes = plt.subplots(1, 2, figsize=(12, 5))","Document, chart, or slide layout constant."
create_manuscript.py,458,,12,numeric_ast_literal,display_or_layout_constant,low,"fig, axes = plt.subplots(1, 2, figsize=(12, 5))","Document, chart, or slide layout constant."
create_manuscript.py,458,,2,numeric_ast_literal,display_or_layout_constant,low,"fig, axes = plt.subplots(1, 2, figsize=(12, 5))","Document, chart, or slide layout constant."
create_manuscript.py,458,,5,numeric_ast_literal,display_or_layout_constant,low,"fig, axes = plt.subplots(1, 2, figsize=(12, 5))","Document, chart, or slide layout constant."
create_manuscript.py,471,,0.35,numeric_ast_literal,display_or_layout_constant,low,width = 0.35,"Document, chart, or slide layout constant."
create_manuscript.py,478,,100,numeric_ast_literal,code_constant_requires_context,medium,"ban_rates.append(s[""ban_rate""] * 100)","Numeric code constant not automatically reducible to a result, layout, or documented analysis parameter."
create_manuscript.py,479,,100,numeric_ast_literal,code_constant_requires_context,medium,"no_rates.append(s[""no_ban_rate""] * 100)","Numeric code constant not automatically reducible to a result, layout, or documented analysis parameter."
create_manuscript.py,481,,0.85,numeric_ast_literal,display_or_layout_constant,low,"bars1 = ax.bar(x - width/2, ban_rates, width, label=""Maritime closure"", color=""#c0392b"", alpha=0.85)","Document, chart, or slide layout constant."
create_manuscript.py,481,,2,numeric_ast_literal,display_or_layout_constant,low,"bars1 = ax.bar(x - width/2, ban_rates, width, label=""Maritime closure"", color=""#c0392b"", alpha=0.85)","Document, chart, or slide layout constant."
create_manuscript.py,482,,0.85,numeric_ast_literal,display_or_layout_constant,low,"bars2 = ax.bar(x + width/2, no_rates, width, label=""No closure"", color=""#2980b9"", alpha=0.85)","Document, chart, or slide layout constant."
create_manuscript.py,482,,2,numeric_ast_literal,display_or_layout_constant,low,"bars2 = ax.bar(x + width/2, no_rates, width, label=""No closure"", color=""#2980b9"", alpha=0.85)","Document, chart, or slide layout constant."
create_manuscript.py,485,,1.5,numeric_ast_literal,display_or_layout_constant,low,"ax.text(bar.get_x() + bar.get_width()/2, bar.get_height() + 1.5,","Document, chart, or slide layout constant."
create_manuscript.py,485,,2,numeric_ast_literal,display_or_layout_constant,low,"ax.text(bar.get_x() + bar.get_width()/2, bar.get_height() + 1.5,","Document, chart, or slide layout constant."
create_manuscript.py,486,,8,numeric_ast_literal,display_or_layout_constant,low,"f""{bar.get_height():.1f}%"", ha=""center"", va=""bottom"", fontsize=8)","Document, chart, or slide layout constant."
create_manuscript.py,488,,1.5,numeric_ast_literal,display_or_layout_constant,low,"ax.text(bar.get_x() + bar.get_width()/2, bar.get_height() + 1.5,","Document, chart, or slide layout constant."
create_manuscript.py,488,,2,numeric_ast_literal,display_or_layout_constant,low,"ax.text(bar.get_x() + bar.get_width()/2, bar.get_height() + 1.5,","Document, chart, or slide layout constant."
create_manuscript.py,489,,8,numeric_ast_literal,display_or_layout_constant,low,"f""{bar.get_height():.1f}%"", ha=""center"", va=""bottom"", fontsize=8)","Document, chart, or slide layout constant."
create_manuscript.py,495,,0,numeric_ast_literal,code_constant_requires_context,medium,"ax.set_ylim(0, 110)","Numeric code constant not automatically reducible to a result, layout, or documented analysis parameter."
create_manuscript.py,495,,110,numeric_ast_literal,code_constant_requires_context,medium,"ax.set_ylim(0, 110)","Numeric code constant not automatically reducible to a result, layout, or documented analysis parameter."
create_manuscript.py,496,,8,numeric_ast_literal,display_or_layout_constant,low,"ax.legend(loc=""upper left"", fontsize=8)","Document, chart, or slide layout constant."
create_manuscript.py,500,,1,number_embedded_in_text,manuscript_structure_or_cross_reference,low,"fig.suptitle(""Fig. 1  Conquest Rates: Maritime Closure vs. No Closure"", fontsize=13, fontweight=""bold"")","Figure, table, section, or heading number used for document structure."
create_manuscript.py,500,,13,numeric_ast_literal,display_or_layout_constant,low,"fig.suptitle(""Fig. 1  Conquest Rates: Maritime Closure vs. No Closure"", fontsize=13, fontweight=""bold"")","Document, chart, or slide layout constant."
create_manuscript.py,501,,0,numeric_ast_literal,code_constant_requires_context,medium,"fig.tight_layout(rect=[0, 0, 1, 0.93])","Numeric code constant not automatically reducible to a result, layout, or documented analysis parameter."
create_manuscript.py,501,,0,numeric_ast_literal,code_constant_requires_context,medium,"fig.tight_layout(rect=[0, 0, 1, 0.93])","Numeric code constant not automatically reducible to a result, layout, or documented analysis parameter."
create_manuscript.py,501,,0.93,numeric_ast_literal,code_constant_requires_context,medium,"fig.tight_layout(rect=[0, 0, 1, 0.93])","Numeric code constant not automatically reducible to a result, layout, or documented analysis parameter."
create_manuscript.py,501,,1,numeric_ast_literal,code_constant_requires_context,medium,"fig.tight_layout(rect=[0, 0, 1, 0.93])","Numeric code constant not automatically reducible to a result, layout, or documented analysis parameter."
create_manuscript.py,502,,300,numeric_ast_literal,display_or_layout_constant,low,"fig.savefig(os.path.join(FIG, ""Fig1.png""), dpi=300, bbox_inches=""tight"")","Document, chart, or slide layout constant."
create_manuscript.py,506,,5,numeric_ast_literal,display_or_layout_constant,low,"fig, ax = plt.subplots(figsize=(8, 5))","Document, chart, or slide layout constant."
create_manuscript.py,506,,8,numeric_ast_literal,display_or_layout_constant,low,"fig, ax = plt.subplots(figsize=(8, 5))","Document, chart, or slide layout constant."
create_manuscript.py,509,,0,numeric_ast_literal,code_constant_requires_context,medium,"0,","Numeric code constant not automatically reducible to a result, layout, or documented analysis parameter."
create_manuscript.py,526,,2,numeric_ast_literal,display_or_layout_constant,low,"linewidth=2,","Document, chart, or slide layout constant."
create_manuscript.py,527,,8,numeric_ast_literal,code_constant_requires_context,medium,"markersize=8,","Numeric code constant not automatically reducible to a result, layout, or documented analysis parameter."
create_manuscript.py,532,,0.05,numeric_ast_literal,display_or_layout_constant,low,"ax.axhline(y=0.05, color=""gray"", linestyle=""--"", linewidth=1, label=""p = 0.05 threshold"")","Document, chart, or slide layout constant."
create_manuscript.py,532,,0.05,number_embedded_in_text,analysis_threshold_or_output_label,medium,"ax.axhline(y=0.05, color=""gray"", linestyle=""--"", linewidth=1, label=""p = 0.05 threshold"")","Decision threshold, confidence-level label, or chart legend rather than a computed result."
create_manuscript.py,532,,1,numeric_ast_literal,display_or_layout_constant,low,"ax.axhline(y=0.05, color=""gray"", linestyle=""--"", linewidth=1, label=""p = 0.05 threshold"")","Document, chart, or slide layout constant."
create_manuscript.py,538,,0,number_embedded_in_text,prose_or_label_number,medium,"""0\n(Baseline)"",",Number is embedded in a string and requires contextual review.
create_manuscript.py,543,,0.01,numeric_ast_literal,code_constant_requires_context,medium,"ax.set_ylim(-0.01, max(0.25, max(all_ps) + 0.05))","Numeric code constant not automatically reducible to a result, layout, or documented analysis parameter."
create_manuscript.py,543,,0.05,numeric_ast_literal,code_constant_requires_context,medium,"ax.set_ylim(-0.01, max(0.25, max(all_ps) + 0.05))","Numeric code constant not automatically reducible to a result, layout, or documented analysis parameter."
create_manuscript.py,543,,0.25,numeric_ast_literal,code_constant_requires_context,medium,"ax.set_ylim(-0.01, max(0.25, max(all_ps) + 0.05))","Numeric code constant not automatically reducible to a result, layout, or documented analysis parameter."
create_manuscript.py,544,,9,numeric_ast_literal,display_or_layout_constant,low,ax.legend(fontsize=9),"Document, chart, or slide layout constant."
create_manuscript.py,545,,2,number_embedded_in_text,manuscript_structure_or_cross_reference,low,"ax.set_title(""Fig. 2  Fisher's Exact Test p-values: Maritime Closure → Conquest"", fontweight=""bold"")","Figure, table, section, or heading number used for document structure."
create_manuscript.py,549,,300,numeric_ast_literal,display_or_layout_constant,low,"fig.savefig(os.path.join(FIG, ""Fig2.png""), dpi=300, bbox_inches=""tight"")","Document, chart, or slide layout constant."
create_manuscript.py,553,,1,numeric_ast_literal,display_or_layout_constant,low,"fig, axes = plt.subplots(1, 2, figsize=(12, 5))","Document, chart, or slide layout constant."
create_manuscript.py,553,,12,numeric_ast_literal,display_or_layout_constant,low,"fig, axes = plt.subplots(1, 2, figsize=(12, 5))","Document, chart, or slide layout constant."
create_manuscript.py,553,,2,numeric_ast_literal,display_or_layout_constant,low,"fig, axes = plt.subplots(1, 2, figsize=(12, 5))","Document, chart, or slide layout constant."
create_manuscript.py,553,,5,numeric_ast_literal,display_or_layout_constant,low,"fig, axes = plt.subplots(1, 2, figsize=(12, 5))","Document, chart, or slide layout constant."
create_manuscript.py,570,,0,numeric_ast_literal,code_constant_requires_context,medium,if len(sub) > 0:,"Numeric code constant not automatically reducible to a result, layout, or documented analysis parameter."
create_manuscript.py,571,,100,numeric_ast_literal,code_constant_requires_context,medium,"rate = sub[""outcome_binary""].mean() * 100","Numeric code constant not automatically reducible to a result, layout, or documented analysis parameter."
create_manuscript.py,575,,0,numeric_ast_literal,code_constant_requires_context,medium,rates.append(0),"Numeric code constant not automatically reducible to a result, layout, or documented analysis parameter."
create_manuscript.py,576,,0,numeric_ast_literal,code_constant_requires_context,medium,counts.append(0),"Numeric code constant not automatically reducible to a result, layout, or documented analysis parameter."
create_manuscript.py,579,,0.85,numeric_ast_literal,display_or_layout_constant,low,"bars = ax.bar(range(len(categories)), rates, color=colors, alpha=0.85)","Document, chart, or slide layout constant."
create_manuscript.py,581,,0,numeric_ast_literal,code_constant_requires_context,medium,if n > 0:,"Numeric code constant not automatically reducible to a result, layout, or documented analysis parameter."
create_manuscript.py,582,,1.5,numeric_ast_literal,display_or_layout_constant,low,"ax.text(bar.get_x() + bar.get_width()/2, bar.get_height() + 1.5,","Document, chart, or slide layout constant."
create_manuscript.py,582,,2,numeric_ast_literal,display_or_layout_constant,low,"ax.text(bar.get_x() + bar.get_width()/2, bar.get_height() + 1.5,","Document, chart, or slide layout constant."
create_manuscript.py,583,,8,numeric_ast_literal,display_or_layout_constant,low,"f""{rates[i]:.0f}%\n(n={n})"", ha=""center"", va=""bottom"", fontsize=8)","Document, chart, or slide layout constant."
create_manuscript.py,586,,8,numeric_ast_literal,display_or_layout_constant,low,"ax.set_xticklabels(cat_labels, fontsize=8)","Document, chart, or slide layout constant."
create_manuscript.py,589,,0,numeric_ast_literal,code_constant_requires_context,medium,"ax.set_ylim(0, 115)","Numeric code constant not automatically reducible to a result, layout, or documented analysis parameter."
create_manuscript.py,589,,115,numeric_ast_literal,code_constant_requires_context,medium,"ax.set_ylim(0, 115)","Numeric code constant not automatically reducible to a result, layout, or documented analysis parameter."
create_manuscript.py,595,,3,number_embedded_in_text,dynamically_generated_value_or_format_precision,low,"f""Fig. 3  Conquest Rates by Closure Type ({candidate_count}-Country Reclassification)"",",Number appears in an f-string or format specification; the reported value is generated at runtime.
create_manuscript.py,596,,13,numeric_ast_literal,display_or_layout_constant,low,"fontsize=13,","Document, chart, or slide layout constant."
create_manuscript.py,599,,0,numeric_ast_literal,code_constant_requires_context,medium,"fig.tight_layout(rect=[0, 0, 1, 0.93])","Numeric code constant not automatically reducible to a result, layout, or documented analysis parameter."
create_manuscript.py,599,,0,numeric_ast_literal,code_constant_requires_context,medium,"fig.tight_layout(rect=[0, 0, 1, 0.93])","Numeric code constant not automatically reducible to a result, layout, or documented analysis parameter."
create_manuscript.py,599,,0.93,numeric_ast_literal,code_constant_requires_context,medium,"fig.tight_layout(rect=[0, 0, 1, 0.93])","Numeric code constant not automatically reducible to a result, layout, or documented analysis parameter."
create_manuscript.py,599,,1,numeric_ast_literal,code_constant_requires_context,medium,"fig.tight_layout(rect=[0, 0, 1, 0.93])","Numeric code constant not automatically reducible to a result, layout, or documented analysis parameter."
create_manuscript.py,600,,300,numeric_ast_literal,display_or_layout_constant,low,"fig.savefig(os.path.join(FIG, ""Fig3.png""), dpi=300, bbox_inches=""tight"")","Document, chart, or slide layout constant."
create_manuscript.py,604,,6,numeric_ast_literal,display_or_layout_constant,low,"fig, ax = plt.subplots(figsize=(8, 6))","Document, chart, or slide layout constant."
create_manuscript.py,604,,8,numeric_ast_literal,display_or_layout_constant,low,"fig, ax = plt.subplots(figsize=(8, 6))","Document, chart, or slide layout constant."
create_manuscript.py,625,,0,numeric_ast_literal,code_constant_requires_context,medium,"log_lo = np.log(v[""ci_lo""]) if v[""ci_lo""] > 0 else -5","Numeric code constant not automatically reducible to a result, layout, or documented analysis parameter."
create_manuscript.py,625,,5,numeric_ast_literal,code_constant_requires_context,medium,"log_lo = np.log(v[""ci_lo""]) if v[""ci_lo""] > 0 else -5","Numeric code constant not automatically reducible to a result, layout, or documented analysis parameter."
create_manuscript.py,626,,10000000000.0,numeric_ast_literal,code_constant_requires_context,medium,"log_hi = np.log(v[""ci_hi""]) if v[""ci_hi""] < 1e10 else 5","Numeric code constant not automatically reducible to a result, layout, or documented analysis parameter."
create_manuscript.py,626,,5,numeric_ast_literal,code_constant_requires_context,medium,"log_hi = np.log(v[""ci_hi""]) if v[""ci_hi""] < 1e10 else 5","Numeric code constant not automatically reducible to a result, layout, or documented analysis parameter."
create_manuscript.py,627,,0.05,numeric_ast_literal,display_or_layout_constant,low,"color = ""#c0392b"" if v[""p""] < 0.05 else ""#2980b9"" if v[""p""] < 0.10 else ""#7f8c8d""","Document, chart, or slide layout constant."
create_manuscript.py,627,,0.1,numeric_ast_literal,display_or_layout_constant,low,"color = ""#c0392b"" if v[""p""] < 0.05 else ""#2980b9"" if v[""p""] < 0.10 else ""#7f8c8d""","Document, chart, or slide layout constant."
create_manuscript.py,628,,2,numeric_ast_literal,display_or_layout_constant,low,"ax.plot([log_lo, log_hi], [i, i], color=color, linewidth=2)","Document, chart, or slide layout constant."
create_manuscript.py,629,,8,numeric_ast_literal,display_or_layout_constant,low,"ax.plot(log_or, i, ""o"", color=color, markersize=8)","Document, chart, or slide layout constant."
create_manuscript.py,631,,0,numeric_ast_literal,display_or_layout_constant,low,"ax.axvline(x=0, color=""gray"", linestyle=""--"", linewidth=1)","Document, chart, or slide layout constant."
create_manuscript.py,631,,1,numeric_ast_literal,display_or_layout_constant,low,"ax.axvline(x=0, color=""gray"", linestyle=""--"", linewidth=1)","Document, chart, or slide layout constant."
create_manuscript.py,637,,4,number_embedded_in_text,manuscript_structure_or_cross_reference,low,"""Fig. 4  Multivariate Logistic Regression\n""","Figure, table, section, or heading number used for document structure."
create_manuscript.py,640,,11,numeric_ast_literal,display_or_layout_constant,low,"fontsize=11,","Document, chart, or slide layout constant."
create_manuscript.py,647,,0,numeric_ast_literal,display_or_layout_constant,low,"Line2D([0], [0], marker=""o"", color=""#c0392b"", label=""p < 0.05"", markersize=8, linestyle=""-""),","Document, chart, or slide layout constant."
create_manuscript.py,647,,0,numeric_ast_literal,display_or_layout_constant,low,"Line2D([0], [0], marker=""o"", color=""#c0392b"", label=""p < 0.05"", markersize=8, linestyle=""-""),","Document, chart, or slide layout constant."
create_manuscript.py,647,,0.05,number_embedded_in_text,analysis_threshold_or_output_label,medium,"Line2D([0], [0], marker=""o"", color=""#c0392b"", label=""p < 0.05"", markersize=8, linestyle=""-""),","Decision threshold, confidence-level label, or chart legend rather than a computed result."
create_manuscript.py,647,,8,numeric_ast_literal,display_or_layout_constant,low,"Line2D([0], [0], marker=""o"", color=""#c0392b"", label=""p < 0.05"", markersize=8, linestyle=""-""),","Document, chart, or slide layout constant."
create_manuscript.py,648,,0,numeric_ast_literal,display_or_layout_constant,low,"Line2D([0], [0], marker=""o"", color=""#2980b9"", label=""p < 0.10"", markersize=8, linestyle=""-""),","Document, chart, or slide layout constant."
create_manuscript.py,648,,0,numeric_ast_literal,display_or_layout_constant,low,"Line2D([0], [0], marker=""o"", color=""#2980b9"", label=""p < 0.10"", markersize=8, linestyle=""-""),","Document, chart, or slide layout constant."
create_manuscript.py,648,,0.10,number_embedded_in_text,analysis_threshold_or_output_label,medium,"Line2D([0], [0], marker=""o"", color=""#2980b9"", label=""p < 0.10"", markersize=8, linestyle=""-""),","Decision threshold, confidence-level label, or chart legend rather than a computed result."
create_manuscript.py,648,,8,numeric_ast_literal,display_or_layout_constant,low,"Line2D([0], [0], marker=""o"", color=""#2980b9"", label=""p < 0.10"", markersize=8, linestyle=""-""),","Document, chart, or slide layout constant."
create_manuscript.py,649,,0,numeric_ast_literal,display_or_layout_constant,low,"Line2D([0], [0], marker=""o"", color=""#7f8c8d"", label=""p ≥ 0.10"", markersize=8, linestyle=""-""),","Document, chart, or slide layout constant."
create_manuscript.py,649,,0,numeric_ast_literal,display_or_layout_constant,low,"Line2D([0], [0], marker=""o"", color=""#7f8c8d"", label=""p ≥ 0.10"", markersize=8, linestyle=""-""),","Document, chart, or slide layout constant."
create_manuscript.py,649,,0.10,number_embedded_in_text,analysis_threshold_or_output_label,medium,"Line2D([0], [0], marker=""o"", color=""#7f8c8d"", label=""p ≥ 0.10"", markersize=8, linestyle=""-""),","Decision threshold, confidence-level label, or chart legend rather than a computed result."
create_manuscript.py,649,,8,numeric_ast_literal,display_or_layout_constant,low,"Line2D([0], [0], marker=""o"", color=""#7f8c8d"", label=""p ≥ 0.10"", markersize=8, linestyle=""-""),","Document, chart, or slide layout constant."
create_manuscript.py,651,,8,numeric_ast_literal,display_or_layout_constant,low,"ax.legend(handles=legend_elements, loc=""lower right"", fontsize=8)","Document, chart, or slide layout constant."
create_manuscript.py,654,,300,numeric_ast_literal,display_or_layout_constant,low,"fig.savefig(os.path.join(FIG, ""Fig4.png""), dpi=300, bbox_inches=""tight"")","Document, chart, or slide layout constant."
create_manuscript.py,666,,13.333,numeric_ast_literal,display_or_layout_constant,low,prs.slide_width = PptxInches(13.333),"Document, chart, or slide layout constant."
create_manuscript.py,667,,7.5,numeric_ast_literal,display_or_layout_constant,low,prs.slide_height = PptxInches(7.5),"Document, chart, or slide layout constant."
create_manuscript.py,671,,1,number_embedded_in_text,manuscript_structure_or_cross_reference,low,"""Fig1.png"": ""Fig. 1  Conquest rates comparing network closure vs. open polities across three reclassification scenarios."",","Figure, table, section, or heading number used for document structure."
create_manuscript.py,672,,2,number_embedded_in_text,manuscript_structure_or_cross_reference,low,"""Fig2.png"": ""Fig. 2  Sensitivity of Fisher exact p-values for closure and conquest to reclassification."",","Figure, table, section, or heading number used for document structure."
create_manuscript.py,674,,3,number_embedded_in_text,manuscript_structure_or_cross_reference,low,"""Fig. 3  Conquest rates by closure type under the ""","Figure, table, section, or heading number used for document structure."
create_manuscript.py,678,,4,number_embedded_in_text,manuscript_structure_or_cross_reference,low,"""Fig. 4  Forest plot of multivariate logistic regression odds ratios ""","Figure, table, section, or heading number used for document structure."
create_manuscript.py,685,,6,numeric_ast_literal,display_or_layout_constant,low,slide = prs.slides.add_slide(prs.slide_layouts[6])  # blank,"Document, chart, or slide layout constant."
create_manuscript.py,687,,0.2,numeric_ast_literal,display_or_layout_constant,low,"txBox = slide.shapes.add_textbox(PptxInches(0.5), PptxInches(0.2), PptxInches(12), PptxInches(0.6))","Document, chart, or slide layout constant."
create_manuscript.py,687,,0.5,numeric_ast_literal,display_or_layout_constant,low,"txBox = slide.shapes.add_textbox(PptxInches(0.5), PptxInches(0.2), PptxInches(12), PptxInches(0.6))","Document, chart, or slide layout constant."
create_manuscript.py,687,,0.6,numeric_ast_literal,display_or_layout_constant,low,"txBox = slide.shapes.add_textbox(PptxInches(0.5), PptxInches(0.2), PptxInches(12), PptxInches(0.6))","Document, chart, or slide layout constant."
create_manuscript.py,687,,12,numeric_ast_literal,display_or_layout_constant,low,"txBox = slide.shapes.add_textbox(PptxInches(0.5), PptxInches(0.2), PptxInches(12), PptxInches(0.6))","Document, chart, or slide layout constant."
create_manuscript.py,690,,0,numeric_ast_literal,display_or_layout_constant,low,tf.paragraphs[0].font.size = PptxPt(24),"Document, chart, or slide layout constant."
create_manuscript.py,690,,24,numeric_ast_literal,display_or_layout_constant,low,tf.paragraphs[0].font.size = PptxPt(24),"Document, chart, or slide layout constant."
create_manuscript.py,691,,0,numeric_ast_literal,display_or_layout_constant,low,tf.paragraphs[0].font.bold = True,"Document, chart, or slide layout constant."
create_manuscript.py,695,,0.5,numeric_ast_literal,display_or_layout_constant,low,"slide.shapes.add_picture(img_path, PptxInches(0.5), PptxInches(1.0), PptxInches(12), PptxInches(5.0))","Document, chart, or slide layout constant."
create_manuscript.py,695,,1.0,numeric_ast_literal,display_or_layout_constant,low,"slide.shapes.add_picture(img_path, PptxInches(0.5), PptxInches(1.0), PptxInches(12), PptxInches(5.0))","Document, chart, or slide layout constant."
create_manuscript.py,695,,12,numeric_ast_literal,display_or_layout_constant,low,"slide.shapes.add_picture(img_path, PptxInches(0.5), PptxInches(1.0), PptxInches(12), PptxInches(5.0))","Document, chart, or slide layout constant."
create_manuscript.py,695,,5.0,numeric_ast_literal,display_or_layout_constant,low,"slide.shapes.add_picture(img_path, PptxInches(0.5), PptxInches(1.0), PptxInches(12), PptxInches(5.0))","Document, chart, or slide layout constant."
create_manuscript.py,698,,0.5,numeric_ast_literal,display_or_layout_constant,low,"cap_box = slide.shapes.add_textbox(PptxInches(0.5), PptxInches(6.2), PptxInches(12), PptxInches(1.0))","Document, chart, or slide layout constant."
create_manuscript.py,698,,1.0,numeric_ast_literal,display_or_layout_constant,low,"cap_box = slide.shapes.add_textbox(PptxInches(0.5), PptxInches(6.2), PptxInches(12), PptxInches(1.0))","Document, chart, or slide layout constant."
create_manuscript.py,698,,12,numeric_ast_literal,display_or_layout_constant,low,"cap_box = slide.shapes.add_textbox(PptxInches(0.5), PptxInches(6.2), PptxInches(12), PptxInches(1.0))","Document, chart, or slide layout constant."
create_manuscript.py,698,,6.2,numeric_ast_literal,display_or_layout_constant,low,"cap_box = slide.shapes.add_textbox(PptxInches(0.5), PptxInches(6.2), PptxInches(12), PptxInches(1.0))","Document, chart, or slide layout constant."
create_manuscript.py,702,,0,numeric_ast_literal,display_or_layout_constant,low,cap_tf.paragraphs[0].font.size = PptxPt(12),"Document, chart, or slide layout constant."
create_manuscript.py,702,,12,numeric_ast_literal,display_or_layout_constant,low,cap_tf.paragraphs[0].font.size = PptxPt(12),"Document, chart, or slide layout constant."
create_manuscript.py,718,,9,numeric_ast_literal,display_or_layout_constant,low,font.size = Pt(9),"Document, chart, or slide layout constant."
create_manuscript.py,719,,2,numeric_ast_literal,display_or_layout_constant,low,style.paragraph_format.space_after = Pt(2),"Document, chart, or slide layout constant."
create_manuscript.py,720,,1.15,numeric_ast_literal,code_constant_requires_context,medium,style.paragraph_format.line_spacing = 1.15,"Numeric code constant not automatically reducible to a result, layout, or documented analysis parameter."
create_manuscript.py,724,,1,numeric_ast_literal,display_or_layout_constant,low,"level=1,","Document, chart, or slide layout constant."
create_manuscript.py,733,,9,numeric_ast_literal,display_or_layout_constant,low,run.font.size = Pt(9),"Document, chart, or slide layout constant."
create_manuscript.py,738,,1,numeric_ast_literal,display_or_layout_constant,low,"table = doc.add_table(rows=1, cols=len(headers))","Document, chart, or slide layout constant."
create_manuscript.py,742,,0,numeric_ast_literal,code_constant_requires_context,medium,hdr = table.rows[0],"Numeric code constant not automatically reducible to a result, layout, or documented analysis parameter."
create_manuscript.py,750,,8,numeric_ast_literal,display_or_layout_constant,low,run.font.size = Pt(8),"Document, chart, or slide layout constant."
create_manuscript.py,760,,1,numeric_ast_literal,code_constant_requires_context,medium,"str(idx + 1),","Numeric code constant not automatically reducible to a result, layout, or documented analysis parameter."
create_manuscript.py,775,,7,numeric_ast_literal,display_or_layout_constant,low,run.font.size = Pt(7),"Document, chart, or slide layout constant."
create_manuscript.py,778,,0.8,numeric_ast_literal,display_or_layout_constant,low,"widths = [Cm(0.8), Cm(3.5), Cm(2.5), Cm(2.5), Cm(1.8), Cm(1.2), Cm(2.0), Cm(1.5), Cm(6.0)]","Document, chart, or slide layout constant."
create_manuscript.py,778,,1.2,numeric_ast_literal,display_or_layout_constant,low,"widths = [Cm(0.8), Cm(3.5), Cm(2.5), Cm(2.5), Cm(1.8), Cm(1.2), Cm(2.0), Cm(1.5), Cm(6.0)]","Document, chart, or slide layout constant."
create_manuscript.py,778,,1.5,numeric_ast_literal,display_or_layout_constant,low,"widths = [Cm(0.8), Cm(3.5), Cm(2.5), Cm(2.5), Cm(1.8), Cm(1.2), Cm(2.0), Cm(1.5), Cm(6.0)]","Document, chart, or slide layout constant."
create_manuscript.py,778,,1.8,numeric_ast_literal,display_or_layout_constant,low,"widths = [Cm(0.8), Cm(3.5), Cm(2.5), Cm(2.5), Cm(1.8), Cm(1.2), Cm(2.0), Cm(1.5), Cm(6.0)]","Document, chart, or slide layout constant."
create_manuscript.py,778,,2.0,numeric_ast_literal,display_or_layout_constant,low,"widths = [Cm(0.8), Cm(3.5), Cm(2.5), Cm(2.5), Cm(1.8), Cm(1.2), Cm(2.0), Cm(1.5), Cm(6.0)]","Document, chart, or slide layout constant."
create_manuscript.py,778,,2.5,numeric_ast_literal,display_or_layout_constant,low,"widths = [Cm(0.8), Cm(3.5), Cm(2.5), Cm(2.5), Cm(1.8), Cm(1.2), Cm(2.0), Cm(1.5), Cm(6.0)]","Document, chart, or slide layout constant."
create_manuscript.py,778,,2.5,numeric_ast_literal,display_or_layout_constant,low,"widths = [Cm(0.8), Cm(3.5), Cm(2.5), Cm(2.5), Cm(1.8), Cm(1.2), Cm(2.0), Cm(1.5), Cm(6.0)]","Document, chart, or slide layout constant."
create_manuscript.py,778,,3.5,numeric_ast_literal,display_or_layout_constant,low,"widths = [Cm(0.8), Cm(3.5), Cm(2.5), Cm(2.5), Cm(1.8), Cm(1.2), Cm(2.0), Cm(1.5), Cm(6.0)]","Document, chart, or slide layout constant."
create_manuscript.py,778,,6.0,numeric_ast_literal,display_or_layout_constant,low,"widths = [Cm(0.8), Cm(3.5), Cm(2.5), Cm(2.5), Cm(1.8), Cm(1.2), Cm(2.0), Cm(1.5), Cm(6.0)]","Document, chart, or slide layout constant."
create_manuscript.py,796,,85,numeric_ast_literal,code_constant_requires_context,medium,if any(len(bullet) > 85 for bullet in bullets):,"Numeric code constant not automatically reducible to a result, layout, or documented analysis parameter."
create_manuscript.py,797,,85,number_embedded_in_text,prose_or_label_number,medium,"raise ValueError(""Each submission highlight must be 85 characters or fewer"")",Number is embedded in a string and requires contextual review.
create_manuscript.py,800,,1,numeric_ast_literal,display_or_layout_constant,low,"doc.add_heading(""Highlights"", level=1)","Document, chart, or slide layout constant."
create_manuscript.py,817,,1,numeric_ast_literal,code_constant_requires_context,medium,run = paragraph.add_run(part[1:-1]),"Numeric code constant not automatically reducible to a result, layout, or documented analysis parameter."
create_manuscript.py,817,,1,numeric_ast_literal,code_constant_requires_context,medium,run = paragraph.add_run(part[1:-1]),"Numeric code constant not automatically reducible to a result, layout, or documented analysis parameter."
create_manuscript.py,819,,9,numeric_ast_literal,display_or_layout_constant,low,run.font.size = Pt(9),"Document, chart, or slide layout constant."
create_manuscript.py,843,,2.5,numeric_ast_literal,display_or_layout_constant,low,section.top_margin = Cm(2.5),"Document, chart, or slide layout constant."
create_manuscript.py,844,,2.5,numeric_ast_literal,display_or_layout_constant,low,section.bottom_margin = Cm(2.5),"Document, chart, or slide layout constant."
create_manuscript.py,845,,2.5,numeric_ast_literal,display_or_layout_constant,low,section.left_margin = Cm(2.5),"Document, chart, or slide layout constant."
create_manuscript.py,846,,2.5,numeric_ast_literal,display_or_layout_constant,low,section.right_margin = Cm(2.5),"Document, chart, or slide layout constant."
create_manuscript.py,851,,12,numeric_ast_literal,display_or_layout_constant,low,font.size = Pt(12),"Document, chart, or slide layout constant."
create_manuscript.py,852,,1.5,numeric_ast_literal,code_constant_requires_context,medium,style.paragraph_format.line_spacing = 1.5,"Numeric code constant not automatically reducible to a result, layout, or documented analysis parameter."
create_manuscript.py,853,,6,numeric_ast_literal,display_or_layout_constant,low,style.paragraph_format.space_after = Pt(6),"Document, chart, or slide layout constant."
create_manuscript.py,864,,16,numeric_ast_literal,display_or_layout_constant,low,run.font.size = Pt(16),"Document, chart, or slide layout constant."
create_manuscript.py,870,,11,numeric_ast_literal,display_or_layout_constant,low,run.font.size = Pt(11),"Document, chart, or slide layout constant."
create_manuscript.py,876,,2,numeric_ast_literal,display_or_layout_constant,low,"p = doc.add_heading(""Abstract"", level=2)","Document, chart, or slide layout constant."
create_manuscript.py,904,,11,numeric_ast_literal,display_or_layout_constant,low,run.font.size = Pt(11),"Document, chart, or slide layout constant."
create_manuscript.py,924,,1,number_embedded_in_text,manuscript_structure_or_cross_reference,low,"doc.add_heading(""1  Introduction"", level=1)","Figure, table, section, or heading number used for document structure."
create_manuscript.py,924,,1,numeric_ast_literal,display_or_layout_constant,low,"doc.add_heading(""1  Introduction"", level=1)","Document, chart, or slide layout constant."
create_manuscript.py,927,,1987,number_embedded_in_text,prose_or_label_number,medium,"""Every era has a dominant network—a prevailing infrastructure of exchange through which """,Number is embedded in a string and requires contextual review.
create_manuscript.py,927,,2007,number_embedded_in_text,prose_or_label_number,medium,"""Every era has a dominant network—a prevailing infrastructure of exchange through which """,Number is embedded in a string and requires contextual review.
create_manuscript.py,937,,1988,number_embedded_in_text,historical_date_or_prose_number,low,"""The existing literature offers two broad explanations for why states fail. One ""","Historical date or contextual prose number, not a computed analysis result."
create_manuscript.py,937,,2002,number_embedded_in_text,historical_date_or_prose_number,low,"""The existing literature offers two broad explanations for why states fail. One ""","Historical date or contextual prose number, not a computed analysis result."
create_manuscript.py,937,,2007,number_embedded_in_text,historical_date_or_prose_number,low,"""The existing literature offers two broad explanations for why states fail. One ""","Historical date or contextual prose number, not a computed analysis result."
create_manuscript.py,937,,2012,number_embedded_in_text,historical_date_or_prose_number,low,"""The existing literature offers two broad explanations for why states fail. One ""","Historical date or contextual prose number, not a computed analysis result."
create_manuscript.py,963,,1997,number_embedded_in_text,historical_date_or_prose_number,low,"""We hypothesize that technology flow is a relevant channel. Maritime trade was never merely ""","Historical date or contextual prose number, not a computed analysis result."
create_manuscript.py,963,,2000,number_embedded_in_text,historical_date_or_prose_number,low,"""We hypothesize that technology flow is a relevant channel. Maritime trade was never merely ""","Historical date or contextual prose number, not a computed analysis result."
create_manuscript.py,963,,2002,number_embedded_in_text,historical_date_or_prose_number,low,"""We hypothesize that technology flow is a relevant channel. Maritime trade was never merely ""","Historical date or contextual prose number, not a computed analysis result."
create_manuscript.py,1012,,2,number_embedded_in_text,manuscript_structure_or_cross_reference,low,"""The remainder of the paper is organized as follows. Section 2 describes the dataset and ""","Figure, table, section, or heading number used for document structure."
create_manuscript.py,1012,,3,number_embedded_in_text,manuscript_structure_or_cross_reference,low,"""The remainder of the paper is organized as follows. Section 2 describes the dataset and ""","Figure, table, section, or heading number used for document structure."
create_manuscript.py,1012,,4,number_embedded_in_text,manuscript_structure_or_cross_reference,low,"""The remainder of the paper is organized as follows. Section 2 describes the dataset and ""","Figure, table, section, or heading number used for document structure."
create_manuscript.py,1012,,5,number_embedded_in_text,manuscript_structure_or_cross_reference,low,"""The remainder of the paper is organized as follows. Section 2 describes the dataset and ""","Figure, table, section, or heading number used for document structure."
create_manuscript.py,1012,,6,number_embedded_in_text,manuscript_structure_or_cross_reference,low,"""The remainder of the paper is organized as follows. Section 2 describes the dataset and ""","Figure, table, section, or heading number used for document structure."
create_manuscript.py,1012,,7,number_embedded_in_text,manuscript_structure_or_cross_reference,low,"""The remainder of the paper is organized as follows. Section 2 describes the dataset and ""","Figure, table, section, or heading number used for document structure."
create_manuscript.py,1022,,1,numeric_ast_literal,display_or_layout_constant,low,"doc.add_heading(""2  Data and Classification"", level=1)","Document, chart, or slide layout constant."
create_manuscript.py,1022,,2,number_embedded_in_text,manuscript_structure_or_cross_reference,low,"doc.add_heading(""2  Data and Classification"", level=1)","Figure, table, section, or heading number used for document structure."
create_manuscript.py,1024,,2,numeric_ast_literal,display_or_layout_constant,low,"doc.add_heading(""2.1  Dataset construction"", level=2)","Document, chart, or slide layout constant."
create_manuscript.py,1024,,2.1,number_embedded_in_text,manuscript_structure_or_cross_reference,low,"doc.add_heading(""2.1  Dataset construction"", level=2)","Figure, table, section, or heading number used for document structure."
create_manuscript.py,1032,,0,number_embedded_in_text,dynamically_generated_value_or_format_precision,low,"f""The dataset comprises {N} manually constructed polity–period cases assembled with AI """,Number appears in an f-string or format specification; the reported value is generated at runtime.
create_manuscript.py,1032,,0,number_embedded_in_text,dynamically_generated_value_or_format_precision,low,"f""The dataset comprises {N} manually constructed polity–period cases assembled with AI """,Number appears in an f-string or format specification; the reported value is generated at runtime.
create_manuscript.py,1032,,1,number_embedded_in_text,dynamically_generated_value_or_format_precision,low,"f""The dataset comprises {N} manually constructed polity–period cases assembled with AI """,Number appears in an f-string or format specification; the reported value is generated at runtime.
create_manuscript.py,1032,,1,number_embedded_in_text,dynamically_generated_value_or_format_precision,low,"f""The dataset comprises {N} manually constructed polity–period cases assembled with AI """,Number appears in an f-string or format specification; the reported value is generated at runtime.
create_manuscript.py,1032,,13,number_embedded_in_text,dynamically_generated_value_or_format_precision,low,"f""The dataset comprises {N} manually constructed polity–period cases assembled with AI """,Number appears in an f-string or format specification; the reported value is generated at runtime.
create_manuscript.py,1032,,2026,number_embedded_in_text,dynamically_generated_value_or_format_precision,low,"f""The dataset comprises {N} manually constructed polity–period cases assembled with AI """,Number appears in an f-string or format specification; the reported value is generated at runtime.
create_manuscript.py,1044,,3.1,number_embedded_in_text,dynamically_generated_value_or_format_precision,low,"f""Of the {N} polities, {n_stock} are classified as stock-oriented and {n_flow} as """,Number appears in an f-string or format specification; the reported value is generated at runtime.
create_manuscript.py,1054,,2,numeric_ast_literal,display_or_layout_constant,low,"doc.add_heading(""2.2  Closure typology"", level=2)","Document, chart, or slide layout constant."
create_manuscript.py,1054,,2.2,number_embedded_in_text,manuscript_structure_or_cross_reference,low,"doc.add_heading(""2.2  Closure typology"", level=2)","Figure, table, section, or heading number used for document structure."
create_manuscript.py,1056,,1,number_embedded_in_text,prose_or_label_number,medium,"""We classify each polity's degree of closure into five categories, ordered by the """,Number is embedded in a string and requires contextual review.
create_manuscript.py,1056,,2,number_embedded_in_text,prose_or_label_number,medium,"""We classify each polity's degree of closure into five categories, ordered by the """,Number is embedded in a string and requires contextual review.
create_manuscript.py,1056,,3,number_embedded_in_text,prose_or_label_number,medium,"""We classify each polity's degree of closure into five categories, ordered by the """,Number is embedded in a string and requires contextual review.
create_manuscript.py,1056,,4,number_embedded_in_text,prose_or_label_number,medium,"""We classify each polity's degree of closure into five categories, ordered by the """,Number is embedded in a string and requires contextual review.
create_manuscript.py,1056,,5,number_embedded_in_text,prose_or_label_number,medium,"""We classify each polity's degree of closure into five categories, ordered by the """,Number is embedded in a string and requires contextual review.
create_manuscript.py,1066,,1,number_embedded_in_text,prose_or_label_number,medium,"""Categories 1 through 3 represent deliberate closure: a policy choice by identifiable """,Number is embedded in a string and requires contextual review.
create_manuscript.py,1066,,3,number_embedded_in_text,prose_or_label_number,medium,"""Categories 1 through 3 represent deliberate closure: a policy choice by identifiable """,Number is embedded in a string and requires contextual review.
create_manuscript.py,1066,,4,number_embedded_in_text,prose_or_label_number,medium,"""Categories 1 through 3 represent deliberate closure: a policy choice by identifiable """,Number is embedded in a string and requires contextual review.
create_manuscript.py,1074,,2,numeric_ast_literal,display_or_layout_constant,low,"doc.add_heading(""2.3  Technical network exclusion: definition and candidates"", level=2)","Document, chart, or slide layout constant."
create_manuscript.py,1074,,2.3,number_embedded_in_text,manuscript_structure_or_cross_reference,low,"doc.add_heading(""2.3  Technical network exclusion: definition and candidates"", level=2)","Figure, table, section, or heading number used for document structure."
create_manuscript.py,1091,,1,number_embedded_in_text,prose_or_label_number,medium,"""The candidate set was developed after the initial dataset analysis and was neither """,Number is embedded in a string and requires contextual review.
create_manuscript.py,1097,,1,numeric_ast_literal,display_or_layout_constant,low,"table1 = doc.add_table(rows=1, cols=5)","Document, chart, or slide layout constant."
create_manuscript.py,1097,,5,numeric_ast_literal,display_or_layout_constant,low,"table1 = doc.add_table(rows=1, cols=5)","Document, chart, or slide layout constant."
create_manuscript.py,1100,,0,numeric_ast_literal,code_constant_requires_context,medium,hdr = table1.rows[0],"Numeric code constant not automatically reducible to a result, layout, or documented analysis parameter."
create_manuscript.py,1106,,10,numeric_ast_literal,display_or_layout_constant,low,run.font.size = Pt(10),"Document, chart, or slide layout constant."
create_manuscript.py,1111,,0,numeric_ast_literal,code_constant_requires_context,medium,"row_data = df[df[""entity""] == entity].iloc[0]","Numeric code constant not automatically reducible to a result, layout, or documented analysis parameter."
create_manuscript.py,1128,,9,numeric_ast_literal,display_or_layout_constant,low,run.font.size = Pt(9),"Document, chart, or slide layout constant."
create_manuscript.py,1131,,6,numeric_ast_literal,display_or_layout_constant,low,p.space_before = Pt(6),"Document, chart, or slide layout constant."
create_manuscript.py,1132,,1,number_embedded_in_text,manuscript_structure_or_cross_reference,low,"run = p.add_run(""Table 1  "")","Figure, table, section, or heading number used for document structure."
create_manuscript.py,1134,,10,numeric_ast_literal,display_or_layout_constant,low,run.font.size = Pt(10),"Document, chart, or slide layout constant."
create_manuscript.py,1137,,10,numeric_ast_literal,display_or_layout_constant,low,"""'Moderate' candidates had limited or uncertain connectivity."").font.size = Pt(10)","Document, chart, or slide layout constant."
create_manuscript.py,1142,,1,numeric_ast_literal,display_or_layout_constant,low,"doc.add_heading(""3  Methods"", level=1)","Document, chart, or slide layout constant."
create_manuscript.py,1142,,3,number_embedded_in_text,manuscript_structure_or_cross_reference,low,"doc.add_heading(""3  Methods"", level=1)","Figure, table, section, or heading number used for document structure."
create_manuscript.py,1144,,2,numeric_ast_literal,display_or_layout_constant,low,"doc.add_heading(""3.1  Outcome binarization and sensitivity design"", level=2)","Document, chart, or slide layout constant."
create_manuscript.py,1144,,3.1,number_embedded_in_text,manuscript_structure_or_cross_reference,low,"doc.add_heading(""3.1  Outcome binarization and sensitivity design"", level=2)","Figure, table, section, or heading number used for document structure."
create_manuscript.py,1148,,2,number_embedded_in_text,prose_or_label_number,medium,"""The three-category outcome (overtaken, disrupted, survived) poses a classification """,Number is embedded in a string and requires contextual review.
create_manuscript.py,1148,,3,number_embedded_in_text,prose_or_label_number,medium,"""The three-category outcome (overtaken, disrupted, survived) poses a classification """,Number is embedded in a string and requires contextual review.
create_manuscript.py,1148,,6,number_embedded_in_text,prose_or_label_number,medium,"""The three-category outcome (overtaken, disrupted, survived) poses a classification """,Number is embedded in a string and requires contextual review.
create_manuscript.py,1164,,2,numeric_ast_literal,display_or_layout_constant,low,"doc.add_heading(""3.2  Stock–flow association"", level=2)","Document, chart, or slide layout constant."
create_manuscript.py,1164,,3.2,number_embedded_in_text,manuscript_structure_or_cross_reference,low,"doc.add_heading(""3.2  Stock–flow association"", level=2)","Figure, table, section, or heading number used for document structure."
create_manuscript.py,1166,,2,number_embedded_in_text,manuscript_structure_or_cross_reference,low,"""We construct 2 × 2 tables crossing the predominant resource base (stock vs. flow) ""","Figure, table, section, or heading number used for document structure."
create_manuscript.py,1166,,2,number_embedded_in_text,manuscript_structure_or_cross_reference,low,"""We construct 2 × 2 tables crossing the predominant resource base (stock vs. flow) ""","Figure, table, section, or heading number used for document structure."
create_manuscript.py,1172,,2,numeric_ast_literal,display_or_layout_constant,low,"doc.add_heading(""3.3  Closure–conquest association"", level=2)","Document, chart, or slide layout constant."
create_manuscript.py,1172,,3.3,number_embedded_in_text,manuscript_structure_or_cross_reference,low,"doc.add_heading(""3.3  Closure–conquest association"", level=2)","Figure, table, section, or heading number used for document structure."
create_manuscript.py,1174,,2,number_embedded_in_text,manuscript_structure_or_cross_reference,low,"""For each of the six scenarios, we construct a 2 × 2 table crossing closure status ""","Figure, table, section, or heading number used for document structure."
create_manuscript.py,1174,,2,number_embedded_in_text,manuscript_structure_or_cross_reference,low,"""For each of the six scenarios, we construct a 2 × 2 table crossing closure status ""","Figure, table, section, or heading number used for document structure."
create_manuscript.py,1181,,2,numeric_ast_literal,display_or_layout_constant,low,"doc.add_heading(""3.4  Multivariate logistic regression"", level=2)","Document, chart, or slide layout constant."
create_manuscript.py,1181,,3.4,number_embedded_in_text,manuscript_structure_or_cross_reference,low,"doc.add_heading(""3.4  Multivariate logistic regression"", level=2)","Figure, table, section, or heading number used for document structure."
create_manuscript.py,1183,,95,number_embedded_in_text,historical_date_or_prose_number,low,"""To describe the closure–conquest association after covariate adjustment, ""","Historical date or contextual prose number, not a computed analysis result."
create_manuscript.py,1191,,2,numeric_ast_literal,display_or_layout_constant,low,"doc.add_heading(""3.5  Bootstrap uncertainty assessment"", level=2)","Document, chart, or slide layout constant."
create_manuscript.py,1191,,3.5,number_embedded_in_text,manuscript_structure_or_cross_reference,low,"doc.add_heading(""3.5  Bootstrap uncertainty assessment"", level=2)","Figure, table, section, or heading number used for document structure."
create_manuscript.py,1193,,000,number_embedded_in_text,prose_or_label_number,medium,"""We assess uncertainty in the stock–flow OR using a nonparametric bootstrap (5,000 resamples, """,Number is embedded in a string and requires contextual review.
create_manuscript.py,1193,,42,number_embedded_in_text,prose_or_label_number,medium,"""We assess uncertainty in the stock–flow OR using a nonparametric bootstrap (5,000 resamples, """,Number is embedded in a string and requires contextual review.
create_manuscript.py,1193,,5,number_embedded_in_text,prose_or_label_number,medium,"""We assess uncertainty in the stock–flow OR using a nonparametric bootstrap (5,000 resamples, """,Number is embedded in a string and requires contextual review.
create_manuscript.py,1202,,1,numeric_ast_literal,display_or_layout_constant,low,"doc.add_heading(""4  Results"", level=1)","Document, chart, or slide layout constant."
create_manuscript.py,1202,,4,number_embedded_in_text,manuscript_structure_or_cross_reference,low,"doc.add_heading(""4  Results"", level=1)","Figure, table, section, or heading number used for document structure."
create_manuscript.py,1204,,2,numeric_ast_literal,display_or_layout_constant,low,"doc.add_heading(""4.1  Baseline stock–flow association"", level=2)","Document, chart, or slide layout constant."
create_manuscript.py,1204,,4.1,number_embedded_in_text,manuscript_structure_or_cross_reference,low,"doc.add_heading(""4.1  Baseline stock–flow association"", level=2)","Figure, table, section, or heading number used for document structure."
create_manuscript.py,1207,,2,number_embedded_in_text,manuscript_structure_or_cross_reference,low,"f""Under the disrupted → overtaken assignment, the stock–flow 2 × 2 table yields ""","Figure, table, section, or heading number used for document structure."
create_manuscript.py,1207,,2,number_embedded_in_text,manuscript_structure_or_cross_reference,low,"f""Under the disrupted → overtaken assignment, the stock–flow 2 × 2 table yields ""","Figure, table, section, or heading number used for document structure."
create_manuscript.py,1220,,2,numeric_ast_literal,display_or_layout_constant,low,"doc.add_heading(""4.2  Maritime closure and conquest"", level=2)","Document, chart, or slide layout constant."
create_manuscript.py,1220,,4.2,number_embedded_in_text,manuscript_structure_or_cross_reference,low,"doc.add_heading(""4.2  Maritime closure and conquest"", level=2)","Figure, table, section, or heading number used for document structure."
create_manuscript.py,1230,,2,number_embedded_in_text,manuscript_structure_or_cross_reference,low,"f""Table 2 reports the closure–conquest association across all six scenarios. ""","Figure, table, section, or heading number used for document structure."
create_manuscript.py,1243,,1,numeric_ast_literal,display_or_layout_constant,low,"table2 = doc.add_table(rows=1, cols=8)","Document, chart, or slide layout constant."
create_manuscript.py,1243,,8,numeric_ast_literal,display_or_layout_constant,low,"table2 = doc.add_table(rows=1, cols=8)","Document, chart, or slide layout constant."
create_manuscript.py,1248,,0,numeric_ast_literal,code_constant_requires_context,medium,hdr = table2.rows[0],"Numeric code constant not automatically reducible to a result, layout, or documented analysis parameter."
create_manuscript.py,1254,,9,numeric_ast_literal,display_or_layout_constant,low,run.font.size = Pt(9),"Document, chart, or slide layout constant."
create_manuscript.py,1264,,0.05,numeric_ast_literal,code_constant_requires_context,medium,"sig = ""*"" if s[""fisher_ban_p""] < 0.05 else """"","Numeric code constant not automatically reducible to a result, layout, or documented analysis parameter."
create_manuscript.py,1273,,9,numeric_ast_literal,display_or_layout_constant,low,run.font.size = Pt(9),"Document, chart, or slide layout constant."
create_manuscript.py,1276,,6,numeric_ast_literal,display_or_layout_constant,low,p.space_before = Pt(6),"Document, chart, or slide layout constant."
create_manuscript.py,1277,,2,number_embedded_in_text,manuscript_structure_or_cross_reference,low,"run = p.add_run(""Table 2  "")","Figure, table, section, or heading number used for document structure."
create_manuscript.py,1279,,10,numeric_ast_literal,display_or_layout_constant,low,run.font.size = Pt(10),"Document, chart, or slide layout constant."
create_manuscript.py,1280,,10,numeric_ast_literal,display_or_layout_constant,low,"p.add_run(""Maritime closure and conquest across six scenarios. * p < 0.05."").font.size = Pt(10)","Document, chart, or slide layout constant."
create_manuscript.py,1284,,1,number_embedded_in_text,manuscript_structure_or_cross_reference,low,"""Figure 1 compares closure and open-group conquest rates across the six scenarios.""","Figure, table, section, or heading number used for document structure."
create_manuscript.py,1287,,12,numeric_ast_literal,display_or_layout_constant,low,p.space_before = Pt(12),"Document, chart, or slide layout constant."
create_manuscript.py,1291,,6,numeric_ast_literal,display_or_layout_constant,low,"run.add_picture(fig1_path, width=Inches(6))","Document, chart, or slide layout constant."
create_manuscript.py,1293,,12,numeric_ast_literal,display_or_layout_constant,low,p2.space_before = Pt(12),"Document, chart, or slide layout constant."
create_manuscript.py,1294,,1,number_embedded_in_text,manuscript_structure_or_cross_reference,low,"run = p2.add_run(""Fig. 1  "")","Figure, table, section, or heading number used for document structure."
create_manuscript.py,1296,,10,numeric_ast_literal,display_or_layout_constant,low,run.font.size = Pt(10),"Document, chart, or slide layout constant."
create_manuscript.py,1298,,10,numeric_ast_literal,display_or_layout_constant,low,"""reclassification scenarios under both disrupted assignments."").font.size = Pt(10)","Document, chart, or slide layout constant."
create_manuscript.py,1302,,2,number_embedded_in_text,manuscript_structure_or_cross_reference,low,"""Figure 2 shows how the one-sided Fisher p-value changes under the same ""","Figure, table, section, or heading number used for document structure."
create_manuscript.py,1306,,12,numeric_ast_literal,display_or_layout_constant,low,p.space_before = Pt(12),"Document, chart, or slide layout constant."
create_manuscript.py,1310,,5,numeric_ast_literal,display_or_layout_constant,low,"run.add_picture(fig2_path, width=Inches(5))","Document, chart, or slide layout constant."
create_manuscript.py,1312,,12,numeric_ast_literal,display_or_layout_constant,low,p2.space_before = Pt(12),"Document, chart, or slide layout constant."
create_manuscript.py,1313,,2,number_embedded_in_text,manuscript_structure_or_cross_reference,low,"run = p2.add_run(""Fig. 2  "")","Figure, table, section, or heading number used for document structure."
create_manuscript.py,1315,,10,numeric_ast_literal,display_or_layout_constant,low,run.font.size = Pt(10),"Document, chart, or slide layout constant."
create_manuscript.py,1317,,10,numeric_ast_literal,display_or_layout_constant,low,"""as polities are progressively reclassified."").font.size = Pt(10)","Document, chart, or slide layout constant."
create_manuscript.py,1322,,1,numeric_ast_literal,display_or_layout_constant,low,"doc.add_heading(""5  Sensitivity Analysis: Technical Network Exclusion"", level=1)","Document, chart, or slide layout constant."
create_manuscript.py,1322,,5,number_embedded_in_text,manuscript_structure_or_cross_reference,low,"doc.add_heading(""5  Sensitivity Analysis: Technical Network Exclusion"", level=1)","Figure, table, section, or heading number used for document structure."
create_manuscript.py,1324,,2,numeric_ast_literal,display_or_layout_constant,low,"doc.add_heading(""5.1  Closure-type disaggregation"", level=2)","Document, chart, or slide layout constant."
create_manuscript.py,1324,,5.1,number_embedded_in_text,manuscript_structure_or_cross_reference,low,"doc.add_heading(""5.1  Closure-type disaggregation"", level=2)","Figure, table, section, or heading number used for document structure."
create_manuscript.py,1339,,3,number_embedded_in_text,manuscript_structure_or_cross_reference,low,"f""Figure 3 shows that the category rates are not strictly monotonic: technical exclusion and sakoku have the ""","Figure, table, section, or heading number used for document structure."
create_manuscript.py,1347,,12,numeric_ast_literal,display_or_layout_constant,low,p.space_before = Pt(12),"Document, chart, or slide layout constant."
create_manuscript.py,1351,,6,numeric_ast_literal,display_or_layout_constant,low,"run.add_picture(fig3_path, width=Inches(6))","Document, chart, or slide layout constant."
create_manuscript.py,1353,,12,numeric_ast_literal,display_or_layout_constant,low,p2.space_before = Pt(12),"Document, chart, or slide layout constant."
create_manuscript.py,1354,,3,number_embedded_in_text,manuscript_structure_or_cross_reference,low,"run = p2.add_run(""Fig. 3  "")","Figure, table, section, or heading number used for document structure."
create_manuscript.py,1356,,10,numeric_ast_literal,display_or_layout_constant,low,run.font.size = Pt(10),"Document, chart, or slide layout constant."
create_manuscript.py,1359,,10,numeric_ast_literal,display_or_layout_constant,low,).font.size = Pt(10),"Document, chart, or slide layout constant."
create_manuscript.py,1361,,2,numeric_ast_literal,display_or_layout_constant,low,"doc.add_heading(""5.2  Stability of the stock–flow odds ratio"", level=2)","Document, chart, or slide layout constant."
create_manuscript.py,1361,,5.2,number_embedded_in_text,manuscript_structure_or_cross_reference,low,"doc.add_heading(""5.2  Stability of the stock–flow odds ratio"", level=2)","Figure, table, section, or heading number used for document structure."
create_manuscript.py,1365,,000,number_embedded_in_text,dynamically_generated_value_or_format_precision,low,"f""The stock–flow OR = {cm_all_c['OR']:.3f} is identical across all three """,Number appears in an f-string or format specification; the reported value is generated at runtime.
create_manuscript.py,1365,,5,number_embedded_in_text,dynamically_generated_value_or_format_precision,low,"f""The stock–flow OR = {cm_all_c['OR']:.3f} is identical across all three """,Number appears in an f-string or format specification; the reported value is generated at runtime.
create_manuscript.py,1365,,95,number_embedded_in_text,dynamically_generated_value_or_format_precision,low,"f""The stock–flow OR = {cm_all_c['OR']:.3f} is identical across all three """,Number appears in an f-string or format specification; the reported value is generated at runtime.
create_manuscript.py,1369,,0,numeric_ast_literal,code_constant_requires_context,medium,"f""{boot_c.get('median', 0):.3f} (95% CI [{boot_c.get('ci_lo', 0):.3f}, ""","Numeric code constant not automatically reducible to a result, layout, or documented analysis parameter."
create_manuscript.py,1369,,0,numeric_ast_literal,code_constant_requires_context,medium,"f""{boot_c.get('median', 0):.3f} (95% CI [{boot_c.get('ci_lo', 0):.3f}, ""","Numeric code constant not automatically reducible to a result, layout, or documented analysis parameter."
create_manuscript.py,1370,,0,numeric_ast_literal,code_constant_requires_context,medium,"f""{boot_c.get('ci_hi', 0):.3f}]). The median is close to the point estimate, but the ""","Numeric code constant not automatically reducible to a result, layout, or documented analysis parameter."
create_manuscript.py,1374,,2,numeric_ast_literal,display_or_layout_constant,low,"doc.add_heading(""5.3  Multivariate regression stability"", level=2)","Document, chart, or slide layout constant."
create_manuscript.py,1374,,5.3,number_embedded_in_text,manuscript_structure_or_cross_reference,low,"doc.add_heading(""5.3  Multivariate regression stability"", level=2)","Figure, table, section, or heading number used for document structure."
create_manuscript.py,1376,,4,number_embedded_in_text,dynamically_generated_value_or_format_precision,low,"f""Figure 4 presents the multivariate logistic regression results under the {candidate_count}-country """,Number appears in an f-string or format specification; the reported value is generated at runtime.
create_manuscript.py,1390,,12,numeric_ast_literal,display_or_layout_constant,low,p.space_before = Pt(12),"Document, chart, or slide layout constant."
create_manuscript.py,1394,,5.5,numeric_ast_literal,display_or_layout_constant,low,"run.add_picture(fig4_path, width=Inches(5.5))","Document, chart, or slide layout constant."
create_manuscript.py,1396,,12,numeric_ast_literal,display_or_layout_constant,low,p2.space_before = Pt(12),"Document, chart, or slide layout constant."
create_manuscript.py,1397,,4,number_embedded_in_text,manuscript_structure_or_cross_reference,low,"run = p2.add_run(""Fig. 4  "")","Figure, table, section, or heading number used for document structure."
create_manuscript.py,1399,,10,numeric_ast_literal,display_or_layout_constant,low,run.font.size = Pt(10),"Document, chart, or slide layout constant."
create_manuscript.py,1403,,10,numeric_ast_literal,display_or_layout_constant,low,).font.size = Pt(10),"Document, chart, or slide layout constant."
create_manuscript.py,1407,,3,number_embedded_in_text,manuscript_structure_or_cross_reference,low,"""Table 3 reports the corresponding coefficients, confidence intervals, and p-values.""","Figure, table, section, or heading number used for document structure."
create_manuscript.py,1411,,1,numeric_ast_literal,display_or_layout_constant,low,"table3 = doc.add_table(rows=1, cols=5)","Document, chart, or slide layout constant."
create_manuscript.py,1411,,5,numeric_ast_literal,display_or_layout_constant,low,"table3 = doc.add_table(rows=1, cols=5)","Document, chart, or slide layout constant."
create_manuscript.py,1414,,95,number_embedded_in_text,analysis_threshold_or_output_label,medium,"t3_headers = [""Variable"", ""OR"", ""95% CI"", ""p-value"", ""Sig.""]","Decision threshold, confidence-level label, or chart legend rather than a computed result."
create_manuscript.py,1415,,0,numeric_ast_literal,code_constant_requires_context,medium,hdr = table3.rows[0],"Numeric code constant not automatically reducible to a result, layout, or documented analysis parameter."
create_manuscript.py,1421,,10,numeric_ast_literal,display_or_layout_constant,low,run.font.size = Pt(10),"Document, chart, or slide layout constant."
create_manuscript.py,1436,,0.05,numeric_ast_literal,code_constant_requires_context,medium,"sig = ""*"" if v[""p""] < 0.05 else ""\u2020"" if v[""p""] < 0.10 else """"","Numeric code constant not automatically reducible to a result, layout, or documented analysis parameter."
create_manuscript.py,1436,,0.1,numeric_ast_literal,code_constant_requires_context,medium,"sig = ""*"" if v[""p""] < 0.05 else ""\u2020"" if v[""p""] < 0.10 else """"","Numeric code constant not automatically reducible to a result, layout, or documented analysis parameter."
create_manuscript.py,1437,,1000000.0,numeric_ast_literal,code_constant_requires_context,medium,"ci_lo_str = f""{v['ci_lo']:.3f}"" if v[""ci_lo""] < 1e6 else "">10\u2076""","Numeric code constant not automatically reducible to a result, layout, or documented analysis parameter."
create_manuscript.py,1438,,1000000.0,numeric_ast_literal,code_constant_requires_context,medium,"ci_hi_str = f""{v['ci_hi']:.3f}"" if v[""ci_hi""] < 1e6 else "">10\u2076""","Numeric code constant not automatically reducible to a result, layout, or documented analysis parameter."
create_manuscript.py,1446,,9,numeric_ast_literal,display_or_layout_constant,low,rn.font.size = Pt(9),"Document, chart, or slide layout constant."
create_manuscript.py,1449,,6,numeric_ast_literal,display_or_layout_constant,low,p.space_before = Pt(6),"Document, chart, or slide layout constant."
create_manuscript.py,1450,,3,number_embedded_in_text,manuscript_structure_or_cross_reference,low,"run = p.add_run(""Table 3  "")","Figure, table, section, or heading number used for document structure."
create_manuscript.py,1452,,10,numeric_ast_literal,display_or_layout_constant,low,run.font.size = Pt(10),"Document, chart, or slide layout constant."
create_manuscript.py,1454,,0.05,number_embedded_in_text,dynamically_generated_value_or_format_precision,low,"f""Multivariate logistic regression results ({candidate_count}-country reclassification, """,Number appears in an f-string or format specification; the reported value is generated at runtime.
create_manuscript.py,1456,,10,numeric_ast_literal,display_or_layout_constant,low,).font.size = Pt(10),"Document, chart, or slide layout constant."
create_manuscript.py,1461,,1,numeric_ast_literal,display_or_layout_constant,low,"doc.add_heading(""6  Discussion"", level=1)","Document, chart, or slide layout constant."
create_manuscript.py,1461,,6,number_embedded_in_text,manuscript_structure_or_cross_reference,low,"doc.add_heading(""6  Discussion"", level=1)","Figure, table, section, or heading number used for document structure."
create_manuscript.py,1463,,2,numeric_ast_literal,display_or_layout_constant,low,"doc.add_heading(""6.1  The mechanism: technology flow disruption and cumulative divergence"", level=2)","Document, chart, or slide layout constant."
create_manuscript.py,1463,,6.1,number_embedded_in_text,manuscript_structure_or_cross_reference,low,"doc.add_heading(""6.1  The mechanism: technology flow disruption and cumulative divergence"", level=2)","Figure, table, section, or heading number used for document structure."
create_manuscript.py,1474,,1853,number_embedded_in_text,manuscript_structure_or_cross_reference,low,"f""The closure-type pattern in Figure 3 provides a descriptive comparison. Technical ""","Figure, table, section, or heading number used for document structure."
create_manuscript.py,1474,,3,number_embedded_in_text,manuscript_structure_or_cross_reference,low,"f""The closure-type pattern in Figure 3 provides a descriptive comparison. Technical ""","Figure, table, section, or heading number used for document structure."
create_manuscript.py,1474,,54,number_embedded_in_text,manuscript_structure_or_cross_reference,low,"f""The closure-type pattern in Figure 3 provides a descriptive comparison. Technical ""","Figure, table, section, or heading number used for document structure."
create_manuscript.py,1490,,2012,number_embedded_in_text,prose_or_label_number,medium,"""The multivariate results provide a descriptive comparison. External threat and institutional """,Number is embedded in a string and requires contextual review.
create_manuscript.py,1490,,3,number_embedded_in_text,prose_or_label_number,medium,"""The multivariate results provide a descriptive comparison. External threat and institutional """,Number is embedded in a string and requires contextual review.
create_manuscript.py,1490,,4,number_embedded_in_text,prose_or_label_number,medium,"""The multivariate results provide a descriptive comparison. External threat and institutional """,Number is embedded in a string and requires contextual review.
create_manuscript.py,1505,,2,numeric_ast_literal,display_or_layout_constant,low,"doc.add_heading(""6.2  First contact and a proposed divergence mechanism"", level=2)","Document, chart, or slide layout constant."
create_manuscript.py,1505,,6.2,number_embedded_in_text,manuscript_structure_or_cross_reference,low,"doc.add_heading(""6.2  First contact and a proposed divergence mechanism"", level=2)","Figure, table, section, or heading number used for document structure."
create_manuscript.py,1507,,1997,number_embedded_in_text,historical_date_or_prose_number,low,"""The exploratory results can be read as a quantitative formulation of a long-recognized historical ""","Historical date or contextual prose number, not a computed analysis result."
create_manuscript.py,1507,,2003,number_embedded_in_text,historical_date_or_prose_number,low,"""The exploratory results can be read as a quantitative formulation of a long-recognized historical ""","Historical date or contextual prose number, not a computed analysis result."
create_manuscript.py,1515,,2000,number_embedded_in_text,prose_or_label_number,medium,"""The hypothesized pathway is cumulative divergence through technology flow disruption. """,Number is embedded in a string and requires contextual review.
create_manuscript.py,1515,,2002,number_embedded_in_text,prose_or_label_number,medium,"""The hypothesized pathway is cumulative divergence through technology flow disruption. """,Number is embedded in a string and requires contextual review.
create_manuscript.py,1515,,2008,number_embedded_in_text,prose_or_label_number,medium,"""The hypothesized pathway is cumulative divergence through technology flow disruption. """,Number is embedded in a string and requires contextual review.
create_manuscript.py,1571,,6.3,number_embedded_in_text,historical_date_or_prose_number,low,"doc.add_heading(""6.3  Beyond geographic isolation: technological access exclusion ""","Historical date or contextual prose number, not a computed analysis result."
create_manuscript.py,1572,,2,numeric_ast_literal,display_or_layout_constant,low,"""in the modern era"", level=2)","Document, chart, or slide layout constant."
create_manuscript.py,1583,,1000,number_embedded_in_text,prose_or_label_number,medium,"""Today, the dominant platform has shifted again. The critical networks are semiconductor """,Number is embedded in a string and requires contextual review.
create_manuscript.py,1583,,2002,number_embedded_in_text,prose_or_label_number,medium,"""Today, the dominant platform has shifted again. The critical networks are semiconductor """,Number is embedded in a string and requires contextual review.
create_manuscript.py,1583,,2010,number_embedded_in_text,prose_or_label_number,medium,"""Today, the dominant platform has shifted again. The critical networks are semiconductor """,Number is embedded in a string and requires contextual review.
create_manuscript.py,1583,,2018,number_embedded_in_text,prose_or_label_number,medium,"""Today, the dominant platform has shifted again. The critical networks are semiconductor """,Number is embedded in a string and requires contextual review.
create_manuscript.py,1583,,2020,number_embedded_in_text,prose_or_label_number,medium,"""Today, the dominant platform has shifted again. The critical networks are semiconductor """,Number is embedded in a string and requires contextual review.
create_manuscript.py,1614,,6.4,number_embedded_in_text,historical_date_or_prose_number,low,"doc.add_heading(""6.4  Stability of the stock–flow framework and the question of ""","Historical date or contextual prose number, not a computed analysis result."
create_manuscript.py,1615,,2,numeric_ast_literal,display_or_layout_constant,low,"""resource-base transitions"", level=2)","Document, chart, or slide layout constant."
create_manuscript.py,1629,,0,numeric_ast_literal,code_constant_requires_context,medium,"rate = sub[""outcome_binary""].mean() if n > 0 else 0","Numeric code constant not automatically reducible to a result, layout, or documented analysis parameter."
create_manuscript.py,1629,,0,numeric_ast_literal,code_constant_requires_context,medium,"rate = sub[""outcome_binary""].mean() if n > 0 else 0","Numeric code constant not automatically reducible to a result, layout, or documented analysis parameter."
create_manuscript.py,1673,,4,number_embedded_in_text,manuscript_structure_or_cross_reference,low,"""Table 4  Conquest rates by resource-base orientation and closure status ""","Figure, table, section, or heading number used for document structure."
create_manuscript.py,1677,,10,numeric_ast_literal,display_or_layout_constant,low,run_t4.font.size = Pt(10),"Document, chart, or slide layout constant."
create_manuscript.py,1680,,4,numeric_ast_literal,display_or_layout_constant,low,"t4 = doc.add_table(rows=4, cols=5)","Document, chart, or slide layout constant."
create_manuscript.py,1680,,5,numeric_ast_literal,display_or_layout_constant,low,"t4 = doc.add_table(rows=4, cols=5)","Document, chart, or slide layout constant."
create_manuscript.py,1685,,0,numeric_ast_literal,code_constant_requires_context,medium,cell = t4.rows[0].cells[i],"Numeric code constant not automatically reducible to a result, layout, or documented analysis parameter."
create_manuscript.py,1691,,10,numeric_ast_literal,display_or_layout_constant,low,run.font.size = Pt(10),"Document, chart, or slide layout constant."
create_manuscript.py,1699,,0,numeric_ast_literal,code_constant_requires_context,medium,"for row_idx, (label, cell_data) in enumerate(t4_data, start=0):","Numeric code constant not automatically reducible to a result, layout, or documented analysis parameter."
create_manuscript.py,1709,,1,numeric_ast_literal,code_constant_requires_context,medium,data_row = t4.rows[row_idx + 1],"Numeric code constant not automatically reducible to a result, layout, or documented analysis parameter."
create_manuscript.py,1717,,10,numeric_ast_literal,display_or_layout_constant,low,run.font.size = Pt(10),"Document, chart, or slide layout constant."
create_manuscript.py,1727,,9,numeric_ast_literal,display_or_layout_constant,low,run.font.size = Pt(9),"Document, chart, or slide layout constant."
create_manuscript.py,1756,,2,numeric_ast_literal,display_or_layout_constant,low,"doc.add_heading(""6.5  Limitations"", level=2)","Document, chart, or slide layout constant."
create_manuscript.py,1756,,6.5,number_embedded_in_text,manuscript_structure_or_cross_reference,low,"doc.add_heading(""6.5  Limitations"", level=2)","Figure, table, section, or heading number used for document structure."
create_manuscript.py,1776,,1,numeric_ast_literal,display_or_layout_constant,low,"doc.add_heading(""7  Conclusion"", level=1)","Document, chart, or slide layout constant."
create_manuscript.py,1776,,7,number_embedded_in_text,manuscript_structure_or_cross_reference,low,"doc.add_heading(""7  Conclusion"", level=1)","Figure, table, section, or heading number used for document structure."
create_manuscript.py,1805,,1,numeric_ast_literal,display_or_layout_constant,low,"doc.add_heading(""Statements and Declarations"", level=1)","Document, chart, or slide layout constant."
create_manuscript.py,1807,,2,numeric_ast_literal,display_or_layout_constant,low,"doc.add_heading(""Funding"", level=2)","Document, chart, or slide layout constant."
create_manuscript.py,1810,,2,numeric_ast_literal,display_or_layout_constant,low,"doc.add_heading(""Competing Interests"", level=2)","Document, chart, or slide layout constant."
create_manuscript.py,1813,,2,numeric_ast_literal,display_or_layout_constant,low,"doc.add_heading(""Author Contributions (CRediT)"", level=2)","Document, chart, or slide layout constant."
create_manuscript.py,1816,,2,numeric_ast_literal,display_or_layout_constant,low,"doc.add_heading(""Data Availability"", level=2)","Document, chart, or slide layout constant."
create_manuscript.py,1825,,2,numeric_ast_literal,display_or_layout_constant,low,"level=2,","Document, chart, or slide layout constant."
create_manuscript.py,1838,,1,numeric_ast_literal,display_or_layout_constant,low,"doc.add_heading(""References"", level=1)","Document, chart, or slide layout constant."
create_manuscript.py,1841,,003355302320935025,number_embedded_in_text,bibliographic_or_source_number,low,"""Acemoglu D, Johnson S, Robinson JA (2002) Reversal of fortune: geography and institutions in the making of the modern world income distribution. Q J Econ 117:1231–1294. https://doi.org/10.1162/003355302320935025"",","Bibliographic, URL, edition, volume, page, or publication-year content."
create_manuscript.py,1841,,10.1162,number_embedded_in_text,bibliographic_or_source_number,low,"""Acemoglu D, Johnson S, Robinson JA (2002) Reversal of fortune: geography and institutions in the making of the modern world income distribution. Q J Econ 117:1231–1294. https://doi.org/10.1162/003355302320935025"",","Bibliographic, URL, edition, volume, page, or publication-year content."
create_manuscript.py,1841,,117,number_embedded_in_text,bibliographic_or_source_number,low,"""Acemoglu D, Johnson S, Robinson JA (2002) Reversal of fortune: geography and institutions in the making of the modern world income distribution. Q J Econ 117:1231–1294. https://doi.org/10.1162/003355302320935025"",","Bibliographic, URL, edition, volume, page, or publication-year content."
create_manuscript.py,1841,,1231,number_embedded_in_text,bibliographic_or_source_number,low,"""Acemoglu D, Johnson S, Robinson JA (2002) Reversal of fortune: geography and institutions in the making of the modern world income distribution. Q J Econ 117:1231–1294. https://doi.org/10.1162/003355302320935025"",","Bibliographic, URL, edition, volume, page, or publication-year content."
create_manuscript.py,1841,,2002,number_embedded_in_text,bibliographic_or_source_number,low,"""Acemoglu D, Johnson S, Robinson JA (2002) Reversal of fortune: geography and institutions in the making of the modern world income distribution. Q J Econ 117:1231–1294. https://doi.org/10.1162/003355302320935025"",","Bibliographic, URL, edition, volume, page, or publication-year content."
create_manuscript.py,1842,,2012,number_embedded_in_text,prose_or_label_number,medium,"""Acemoglu D, Robinson JA (2012) Why nations fail: the origins of power, prosperity, and poverty. Crown, New York"",",Number is embedded in a string and requires contextual review.
create_manuscript.py,1843,,10.1086,number_embedded_in_text,bibliographic_or_source_number,low,"""Acemoglu D, Restrepo P (2020) Robots and jobs: evidence from US labor markets. J Polit Econ 128:2188–2244. https://doi.org/10.1086/705716"",","Bibliographic, URL, edition, volume, page, or publication-year content."
create_manuscript.py,1843,,128,number_embedded_in_text,bibliographic_or_source_number,low,"""Acemoglu D, Restrepo P (2020) Robots and jobs: evidence from US labor markets. J Polit Econ 128:2188–2244. https://doi.org/10.1086/705716"",","Bibliographic, URL, edition, volume, page, or publication-year content."
create_manuscript.py,1843,,2020,number_embedded_in_text,bibliographic_or_source_number,low,"""Acemoglu D, Restrepo P (2020) Robots and jobs: evidence from US labor markets. J Polit Econ 128:2188–2244. https://doi.org/10.1086/705716"",","Bibliographic, URL, edition, volume, page, or publication-year content."
create_manuscript.py,1843,,2188,number_embedded_in_text,bibliographic_or_source_number,low,"""Acemoglu D, Restrepo P (2020) Robots and jobs: evidence from US labor markets. J Polit Econ 128:2188–2244. https://doi.org/10.1086/705716"",","Bibliographic, URL, edition, volume, page, or publication-year content."
create_manuscript.py,1843,,705716,number_embedded_in_text,bibliographic_or_source_number,low,"""Acemoglu D, Restrepo P (2020) Robots and jobs: evidence from US labor markets. J Polit Econ 128:2188–2244. https://doi.org/10.1086/705716"",","Bibliographic, URL, edition, volume, page, or publication-year content."
create_manuscript.py,1844,,10.1257,number_embedded_in_text,bibliographic_or_source_number,low,"""Comin D, Easterly W, Gong E (2010) Was the wealth of nations determined in 1000 BC? Am Econ J Macroecon 2:65–97. https://doi.org/10.1257/mac.2.3.65"",","Bibliographic, URL, edition, volume, page, or publication-year content."
create_manuscript.py,1844,,1000,number_embedded_in_text,bibliographic_or_source_number,low,"""Comin D, Easterly W, Gong E (2010) Was the wealth of nations determined in 1000 BC? Am Econ J Macroecon 2:65–97. https://doi.org/10.1257/mac.2.3.65"",","Bibliographic, URL, edition, volume, page, or publication-year content."
create_manuscript.py,1844,,2,number_embedded_in_text,bibliographic_or_source_number,low,"""Comin D, Easterly W, Gong E (2010) Was the wealth of nations determined in 1000 BC? Am Econ J Macroecon 2:65–97. https://doi.org/10.1257/mac.2.3.65"",","Bibliographic, URL, edition, volume, page, or publication-year content."
create_manuscript.py,1844,,2010,number_embedded_in_text,bibliographic_or_source_number,low,"""Comin D, Easterly W, Gong E (2010) Was the wealth of nations determined in 1000 BC? Am Econ J Macroecon 2:65–97. https://doi.org/10.1257/mac.2.3.65"",","Bibliographic, URL, edition, volume, page, or publication-year content."
create_manuscript.py,1844,,65,number_embedded_in_text,bibliographic_or_source_number,low,"""Comin D, Easterly W, Gong E (2010) Was the wealth of nations determined in 1000 BC? Am Econ J Macroecon 2:65–97. https://doi.org/10.1257/mac.2.3.65"",","Bibliographic, URL, edition, volume, page, or publication-year content."
create_manuscript.py,1845,,10,number_embedded_in_text,bibliographic_or_source_number,low,"""Comin D, Mestieri M (2018) If technology has arrived everywhere, why has income diverged? Am Econ J Macroecon 10:137–178. https://doi.org/10.1257/mac.20150175"",","Bibliographic, URL, edition, volume, page, or publication-year content."
create_manuscript.py,1845,,10.1257,number_embedded_in_text,bibliographic_or_source_number,low,"""Comin D, Mestieri M (2018) If technology has arrived everywhere, why has income diverged? Am Econ J Macroecon 10:137–178. https://doi.org/10.1257/mac.20150175"",","Bibliographic, URL, edition, volume, page, or publication-year content."
create_manuscript.py,1845,,137,number_embedded_in_text,bibliographic_or_source_number,low,"""Comin D, Mestieri M (2018) If technology has arrived everywhere, why has income diverged? Am Econ J Macroecon 10:137–178. https://doi.org/10.1257/mac.20150175"",","Bibliographic, URL, edition, volume, page, or publication-year content."
create_manuscript.py,1845,,2018,number_embedded_in_text,bibliographic_or_source_number,low,"""Comin D, Mestieri M (2018) If technology has arrived everywhere, why has income diverged? Am Econ J Macroecon 10:137–178. https://doi.org/10.1257/mac.20150175"",","Bibliographic, URL, edition, volume, page, or publication-year content."
create_manuscript.py,1846,,1997,number_embedded_in_text,prose_or_label_number,medium,"""Diamond J (1997) Guns, germs, and steel: the fates of human societies. W.W. Norton, New York"",",Number is embedded in a string and requires contextual review.
create_manuscript.py,1847,,10.1126,number_embedded_in_text,bibliographic_or_source_number,low,"""Diamond J, Bellwood P (2003) Farmers and their languages: the first expansions. Science 300:597–603. https://doi.org/10.1126/science.1078208"",","Bibliographic, URL, edition, volume, page, or publication-year content."
create_manuscript.py,1847,,2003,number_embedded_in_text,bibliographic_or_source_number,low,"""Diamond J, Bellwood P (2003) Farmers and their languages: the first expansions. Science 300:597–603. https://doi.org/10.1126/science.1078208"",","Bibliographic, URL, edition, volume, page, or publication-year content."
create_manuscript.py,1847,,300,number_embedded_in_text,bibliographic_or_source_number,low,"""Diamond J, Bellwood P (2003) Farmers and their languages: the first expansions. Science 300:597–603. https://doi.org/10.1126/science.1078208"",","Bibliographic, URL, edition, volume, page, or publication-year content."
create_manuscript.py,1847,,597,number_embedded_in_text,bibliographic_or_source_number,low,"""Diamond J, Bellwood P (2003) Farmers and their languages: the first expansions. Science 300:597–603. https://doi.org/10.1126/science.1078208"",","Bibliographic, URL, edition, volume, page, or publication-year content."
create_manuscript.py,1848,,2007,number_embedded_in_text,bibliographic_or_source_number,low,"""Findlay R, O'Rourke KH (2007) Power and plenty: trade, war, and the world economy in the second millennium. Princeton University Press, Princeton"",","Bibliographic, URL, edition, volume, page, or publication-year content."
create_manuscript.py,1849,,1500,number_embedded_in_text,prose_or_label_number,medium,"""Kennedy P (1987) The rise and fall of the great powers: economic change and military conflict from 1500 to 2000. Random House, New York"",",Number is embedded in a string and requires contextual review.
create_manuscript.py,1849,,1987,number_embedded_in_text,prose_or_label_number,medium,"""Kennedy P (1987) The rise and fall of the great powers: economic change and military conflict from 1500 to 2000. Random House, New York"",",Number is embedded in a string and requires contextual review.
create_manuscript.py,1850,,2002,number_embedded_in_text,bibliographic_or_source_number,low,"""Mokyr J (2002) The gifts of Athena: historical origins of the knowledge economy. Princeton University Press, Princeton"",","Bibliographic, URL, edition, volume, page, or publication-year content."
create_manuscript.py,1851,,10.1162,number_embedded_in_text,bibliographic_or_source_number,low,"""Nunn N (2008) The long-term effects of Africa's slave trades. Q J Econ 123:139–176. https://doi.org/10.1162/qjec.2008.123.1.139"",","Bibliographic, URL, edition, volume, page, or publication-year content."
create_manuscript.py,1851,,123,number_embedded_in_text,bibliographic_or_source_number,low,"""Nunn N (2008) The long-term effects of Africa's slave trades. Q J Econ 123:139–176. https://doi.org/10.1162/qjec.2008.123.1.139"",","Bibliographic, URL, edition, volume, page, or publication-year content."
create_manuscript.py,1851,,139,number_embedded_in_text,bibliographic_or_source_number,low,"""Nunn N (2008) The long-term effects of Africa's slave trades. Q J Econ 123:139–176. https://doi.org/10.1162/qjec.2008.123.1.139"",","Bibliographic, URL, edition, volume, page, or publication-year content."
create_manuscript.py,1851,,2008,number_embedded_in_text,bibliographic_or_source_number,low,"""Nunn N (2008) The long-term effects of Africa's slave trades. Q J Econ 123:139–176. https://doi.org/10.1162/qjec.2008.123.1.139"",","Bibliographic, URL, edition, volume, page, or publication-year content."
create_manuscript.py,1852,,2000,number_embedded_in_text,bibliographic_or_source_number,low,"""Pomeranz K (2000) The great divergence: China, Europe, and the making of the modern world economy. Princeton University Press, Princeton"",","Bibliographic, URL, edition, volume, page, or publication-year content."
create_manuscript.py,1853,,1988,number_embedded_in_text,bibliographic_or_source_number,low,"""Tainter JA (1988) The collapse of complex societies. Cambridge University Press, Cambridge"",","Bibliographic, URL, edition, volume, page, or publication-year content."
create_manuscript.py,1858,,11,numeric_ast_literal,display_or_layout_constant,low,run.font.size = Pt(11),"Document, chart, or slide layout constant."
create_manuscript.py,1859,,1,numeric_ast_literal,display_or_layout_constant,low,p.paragraph_format.first_line_indent = Cm(-1),"Document, chart, or slide layout constant."
create_manuscript.py,1860,,1,numeric_ast_literal,display_or_layout_constant,low,p.paragraph_format.left_indent = Cm(1),"Document, chart, or slide layout constant."
create_manuscript_latex.py,30,,0,numeric_ast_literal,code_constant_requires_context,medium,"sys.path.insert(0, os.path.dirname(__file__))","Numeric code constant not automatically reducible to a result, layout, or documented analysis parameter."
create_manuscript_latex.py,68,,0,number_embedded_in_text,prose_or_label_number,medium,"""""""Format a 0-1 fraction as a LaTeX-safe percentage string like '83.3\\%'.""""""",Number is embedded in a string and requires contextual review.
create_manuscript_latex.py,68,,1,number_embedded_in_text,prose_or_label_number,medium,"""""""Format a 0-1 fraction as a LaTeX-safe percentage string like '83.3\\%'.""""""",Number is embedded in a string and requires contextual review.
create_manuscript_latex.py,68,,83.3,number_embedded_in_text,prose_or_label_number,medium,"""""""Format a 0-1 fraction as a LaTeX-safe percentage string like '83.3\\%'.""""""",Number is embedded in a string and requires contextual review.
create_manuscript_latex.py,69,,100,numeric_ast_literal,code_constant_requires_context,medium,"return f""{value*100:.1f}\\%""","Numeric code constant not automatically reducible to a result, layout, or documented analysis parameter."
create_manuscript_latex.py,74,,0,numeric_ast_literal,code_constant_requires_context,medium,basename = os.path.splitext(os.path.basename(tex_path))[0],"Numeric code constant not automatically reducible to a result, layout, or documented analysis parameter."
create_manuscript_latex.py,94,,120,numeric_ast_literal,code_constant_requires_context,medium,"subprocess.run(cmd_latex, capture_output=True, timeout=120)","Numeric code constant not automatically reducible to a result, layout, or documented analysis parameter."
create_manuscript_latex.py,104,,60,numeric_ast_literal,code_constant_requires_context,medium,"subprocess.run(cmd_bibtex, capture_output=True, timeout=60,","Numeric code constant not automatically reducible to a result, layout, or documented analysis parameter."
create_manuscript_latex.py,108,,120,numeric_ast_literal,code_constant_requires_context,medium,"subprocess.run(cmd_latex, capture_output=True, timeout=120)","Numeric code constant not automatically reducible to a result, layout, or documented analysis parameter."
create_manuscript_latex.py,109,,120,numeric_ast_literal,code_constant_requires_context,medium,"subprocess.run(cmd_latex, capture_output=True, timeout=120)","Numeric code constant not automatically reducible to a result, layout, or documented analysis parameter."
create_manuscript_latex.py,119,,003355302320935025,number_embedded_in_text,prose_or_label_number,medium,"bib = r""""""@article{AcemogluJohnsonRobinson2002,",Number is embedded in a string and requires contextual review.
create_manuscript_latex.py,119,,10,number_embedded_in_text,prose_or_label_number,medium,"bib = r""""""@article{AcemogluJohnsonRobinson2002,",Number is embedded in a string and requires contextual review.
create_manuscript_latex.py,119,,10.1086,number_embedded_in_text,prose_or_label_number,medium,"bib = r""""""@article{AcemogluJohnsonRobinson2002,",Number is embedded in a string and requires contextual review.
create_manuscript_latex.py,119,,10.1126,number_embedded_in_text,prose_or_label_number,medium,"bib = r""""""@article{AcemogluJohnsonRobinson2002,",Number is embedded in a string and requires contextual review.
create_manuscript_latex.py,119,,10.1162,number_embedded_in_text,prose_or_label_number,medium,"bib = r""""""@article{AcemogluJohnsonRobinson2002,",Number is embedded in a string and requires contextual review.
create_manuscript_latex.py,119,,10.1162,number_embedded_in_text,prose_or_label_number,medium,"bib = r""""""@article{AcemogluJohnsonRobinson2002,",Number is embedded in a string and requires contextual review.
create_manuscript_latex.py,119,,10.1257,number_embedded_in_text,prose_or_label_number,medium,"bib = r""""""@article{AcemogluJohnsonRobinson2002,",Number is embedded in a string and requires contextual review.
create_manuscript_latex.py,119,,10.1257,number_embedded_in_text,prose_or_label_number,medium,"bib = r""""""@article{AcemogluJohnsonRobinson2002,",Number is embedded in a string and requires contextual review.
create_manuscript_latex.py,119,,1000,number_embedded_in_text,prose_or_label_number,medium,"bib = r""""""@article{AcemogluJohnsonRobinson2002,",Number is embedded in a string and requires contextual review.
create_manuscript_latex.py,119,,117,number_embedded_in_text,prose_or_label_number,medium,"bib = r""""""@article{AcemogluJohnsonRobinson2002,",Number is embedded in a string and requires contextual review.
create_manuscript_latex.py,119,,123,number_embedded_in_text,prose_or_label_number,medium,"bib = r""""""@article{AcemogluJohnsonRobinson2002,",Number is embedded in a string and requires contextual review.
create_manuscript_latex.py,119,,1231,number_embedded_in_text,prose_or_label_number,medium,"bib = r""""""@article{AcemogluJohnsonRobinson2002,",Number is embedded in a string and requires contextual review.
create_manuscript_latex.py,119,,128,number_embedded_in_text,prose_or_label_number,medium,"bib = r""""""@article{AcemogluJohnsonRobinson2002,",Number is embedded in a string and requires contextual review.
create_manuscript_latex.py,119,,1294,number_embedded_in_text,prose_or_label_number,medium,"bib = r""""""@article{AcemogluJohnsonRobinson2002,",Number is embedded in a string and requires contextual review.
create_manuscript_latex.py,119,,137,number_embedded_in_text,prose_or_label_number,medium,"bib = r""""""@article{AcemogluJohnsonRobinson2002,",Number is embedded in a string and requires contextual review.
create_manuscript_latex.py,119,,139,number_embedded_in_text,prose_or_label_number,medium,"bib = r""""""@article{AcemogluJohnsonRobinson2002,",Number is embedded in a string and requires contextual review.
create_manuscript_latex.py,119,,1500,number_embedded_in_text,prose_or_label_number,medium,"bib = r""""""@article{AcemogluJohnsonRobinson2002,",Number is embedded in a string and requires contextual review.
create_manuscript_latex.py,119,,176,number_embedded_in_text,prose_or_label_number,medium,"bib = r""""""@article{AcemogluJohnsonRobinson2002,",Number is embedded in a string and requires contextual review.
create_manuscript_latex.py,119,,178,number_embedded_in_text,prose_or_label_number,medium,"bib = r""""""@article{AcemogluJohnsonRobinson2002,",Number is embedded in a string and requires contextual review.
create_manuscript_latex.py,119,,1987,number_embedded_in_text,prose_or_label_number,medium,"bib = r""""""@article{AcemogluJohnsonRobinson2002,",Number is embedded in a string and requires contextual review.
create_manuscript_latex.py,119,,1988,number_embedded_in_text,prose_or_label_number,medium,"bib = r""""""@article{AcemogluJohnsonRobinson2002,",Number is embedded in a string and requires contextual review.
create_manuscript_latex.py,119,,1997,number_embedded_in_text,prose_or_label_number,medium,"bib = r""""""@article{AcemogluJohnsonRobinson2002,",Number is embedded in a string and requires contextual review.
create_manuscript_latex.py,119,,2,number_embedded_in_text,prose_or_label_number,medium,"bib = r""""""@article{AcemogluJohnsonRobinson2002,",Number is embedded in a string and requires contextual review.
create_manuscript_latex.py,119,,2000,number_embedded_in_text,prose_or_label_number,medium,"bib = r""""""@article{AcemogluJohnsonRobinson2002,",Number is embedded in a string and requires contextual review.
create_manuscript_latex.py,119,,2000,number_embedded_in_text,prose_or_label_number,medium,"bib = r""""""@article{AcemogluJohnsonRobinson2002,",Number is embedded in a string and requires contextual review.
create_manuscript_latex.py,119,,2002,number_embedded_in_text,prose_or_label_number,medium,"bib = r""""""@article{AcemogluJohnsonRobinson2002,",Number is embedded in a string and requires contextual review.
create_manuscript_latex.py,119,,2002,number_embedded_in_text,prose_or_label_number,medium,"bib = r""""""@article{AcemogluJohnsonRobinson2002,",Number is embedded in a string and requires contextual review.
create_manuscript_latex.py,119,,2003,number_embedded_in_text,prose_or_label_number,medium,"bib = r""""""@article{AcemogluJohnsonRobinson2002,",Number is embedded in a string and requires contextual review.
create_manuscript_latex.py,119,,2007,number_embedded_in_text,prose_or_label_number,medium,"bib = r""""""@article{AcemogluJohnsonRobinson2002,",Number is embedded in a string and requires contextual review.
create_manuscript_latex.py,119,,2008,number_embedded_in_text,prose_or_label_number,medium,"bib = r""""""@article{AcemogluJohnsonRobinson2002,",Number is embedded in a string and requires contextual review.
create_manuscript_latex.py,119,,2010,number_embedded_in_text,prose_or_label_number,medium,"bib = r""""""@article{AcemogluJohnsonRobinson2002,",Number is embedded in a string and requires contextual review.
create_manuscript_latex.py,119,,2012,number_embedded_in_text,prose_or_label_number,medium,"bib = r""""""@article{AcemogluJohnsonRobinson2002,",Number is embedded in a string and requires contextual review.
create_manuscript_latex.py,119,,2018,number_embedded_in_text,prose_or_label_number,medium,"bib = r""""""@article{AcemogluJohnsonRobinson2002,",Number is embedded in a string and requires contextual review.
create_manuscript_latex.py,119,,2020,number_embedded_in_text,prose_or_label_number,medium,"bib = r""""""@article{AcemogluJohnsonRobinson2002,",Number is embedded in a string and requires contextual review.
create_manuscript_latex.py,119,,2188,number_embedded_in_text,prose_or_label_number,medium,"bib = r""""""@article{AcemogluJohnsonRobinson2002,",Number is embedded in a string and requires contextual review.
create_manuscript_latex.py,119,,2244,number_embedded_in_text,prose_or_label_number,medium,"bib = r""""""@article{AcemogluJohnsonRobinson2002,",Number is embedded in a string and requires contextual review.
create_manuscript_latex.py,119,,3,number_embedded_in_text,prose_or_label_number,medium,"bib = r""""""@article{AcemogluJohnsonRobinson2002,",Number is embedded in a string and requires contextual review.
create_manuscript_latex.py,119,,3,number_embedded_in_text,prose_or_label_number,medium,"bib = r""""""@article{AcemogluJohnsonRobinson2002,",Number is embedded in a string and requires contextual review.
create_manuscript_latex.py,119,,300,number_embedded_in_text,prose_or_label_number,medium,"bib = r""""""@article{AcemogluJohnsonRobinson2002,",Number is embedded in a string and requires contextual review.
create_manuscript_latex.py,119,,597,number_embedded_in_text,prose_or_label_number,medium,"bib = r""""""@article{AcemogluJohnsonRobinson2002,",Number is embedded in a string and requires contextual review.
create_manuscript_latex.py,119,,603,number_embedded_in_text,prose_or_label_number,medium,"bib = r""""""@article{AcemogluJohnsonRobinson2002,",Number is embedded in a string and requires contextual review.
create_manuscript_latex.py,119,,65,number_embedded_in_text,prose_or_label_number,medium,"bib = r""""""@article{AcemogluJohnsonRobinson2002,",Number is embedded in a string and requires contextual review.
create_manuscript_latex.py,119,,705716,number_embedded_in_text,prose_or_label_number,medium,"bib = r""""""@article{AcemogluJohnsonRobinson2002,",Number is embedded in a string and requires contextual review.
create_manuscript_latex.py,119,,97,number_embedded_in_text,prose_or_label_number,medium,"bib = r""""""@article{AcemogluJohnsonRobinson2002,",Number is embedded in a string and requires contextual review.
create_manuscript_latex.py,238,,8,number_embedded_in_text,prose_or_label_number,medium,"with open(bib_path, ""w"", encoding=""utf-8"") as f:",Number is embedded in a string and requires contextual review.
create_manuscript_latex.py,286,,0,numeric_ast_literal,code_constant_requires_context,medium,"rate = sub[""outcome_binary""].mean() if n > 0 else 0","Numeric code constant not automatically reducible to a result, layout, or documented analysis parameter."
create_manuscript_latex.py,286,,0,numeric_ast_literal,code_constant_requires_context,medium,"rate = sub[""outcome_binary""].mean() if n > 0 else 0","Numeric code constant not automatically reducible to a result, layout, or documented analysis parameter."
create_manuscript_latex.py,318,,0,numeric_ast_literal,code_constant_requires_context,medium,"row_data = df[df[""entity""] == entity].iloc[0]","Numeric code constant not automatically reducible to a result, layout, or documented analysis parameter."
create_manuscript_latex.py,334,,0.05,numeric_ast_literal,code_constant_requires_context,medium,"sig = ""*"" if s[""fisher_ban_p""] < 0.05 else """"","Numeric code constant not automatically reducible to a result, layout, or documented analysis parameter."
create_manuscript_latex.py,359,,0.05,numeric_ast_literal,code_constant_requires_context,medium,"sig = ""*"" if v[""p""] < 0.05 else (r""\dag"" if v[""p""] < 0.10 else """")","Numeric code constant not automatically reducible to a result, layout, or documented analysis parameter."
create_manuscript_latex.py,359,,0.1,numeric_ast_literal,code_constant_requires_context,medium,"sig = ""*"" if v[""p""] < 0.05 else (r""\dag"" if v[""p""] < 0.10 else """")","Numeric code constant not automatically reducible to a result, layout, or documented analysis parameter."
create_manuscript_latex.py,360,,1000000.0,numeric_ast_literal,code_constant_requires_context,medium,"ci_lo_str = (f""{v['ci_lo']:.3f}"" if v[""ci_lo""] < 1e6","Numeric code constant not automatically reducible to a result, layout, or documented analysis parameter."
create_manuscript_latex.py,361,,10,number_embedded_in_text,dynamically_generated_value_or_format_precision,low,"else r""$>10^{6}$"")",Number appears in an f-string or format specification; the reported value is generated at runtime.
create_manuscript_latex.py,361,,6,number_embedded_in_text,dynamically_generated_value_or_format_precision,low,"else r""$>10^{6}$"")",Number appears in an f-string or format specification; the reported value is generated at runtime.
create_manuscript_latex.py,362,,1000000.0,numeric_ast_literal,code_constant_requires_context,medium,"ci_hi_str = (f""{v['ci_hi']:.3f}"" if v[""ci_hi""] < 1e6","Numeric code constant not automatically reducible to a result, layout, or documented analysis parameter."
create_manuscript_latex.py,363,,10,number_embedded_in_text,dynamically_generated_value_or_format_precision,low,"else r""$>10^{6}$"")",Number appears in an f-string or format specification; the reported value is generated at runtime.
create_manuscript_latex.py,363,,6,number_embedded_in_text,dynamically_generated_value_or_format_precision,low,"else r""$>10^{6}$"")",Number appears in an f-string or format specification; the reported value is generated at runtime.
create_manuscript_latex.py,420,,1,number_embedded_in_text,dynamically_generated_value_or_format_precision,low,"W(r""\author*[1]{\fnm{Author} \sur{Name}}\email{author@example.com}"")",Number appears in an f-string or format specification; the reported value is generated at runtime.
create_manuscript_latex.py,422,,00000,number_embedded_in_text,dynamically_generated_value_or_format_precision,low,"W(r""\affil*[1]{\orgdiv{Department}, \orgname{University}, """,Number appears in an f-string or format specification; the reported value is generated at runtime.
create_manuscript_latex.py,422,,1,number_embedded_in_text,dynamically_generated_value_or_format_precision,low,"W(r""\affil*[1]{\orgdiv{Department}, \orgname{University}, """,Number appears in an f-string or format specification; the reported value is generated at runtime.
create_manuscript_latex.py,563,,0,number_embedded_in_text,dynamically_generated_value_or_format_precision,low,"W(f""The dataset comprises {N} manually constructed polity--period cases assembled with AI """,Number appears in an f-string or format specification; the reported value is generated at runtime.
create_manuscript_latex.py,563,,0,number_embedded_in_text,dynamically_generated_value_or_format_precision,low,"W(f""The dataset comprises {N} manually constructed polity--period cases assembled with AI """,Number appears in an f-string or format specification; the reported value is generated at runtime.
create_manuscript_latex.py,563,,1,number_embedded_in_text,dynamically_generated_value_or_format_precision,low,"W(f""The dataset comprises {N} manually constructed polity--period cases assembled with AI """,Number appears in an f-string or format specification; the reported value is generated at runtime.
create_manuscript_latex.py,563,,1,number_embedded_in_text,dynamically_generated_value_or_format_precision,low,"W(f""The dataset comprises {N} manually constructed polity--period cases assembled with AI """,Number appears in an f-string or format specification; the reported value is generated at runtime.
create_manuscript_latex.py,563,,13,number_embedded_in_text,dynamically_generated_value_or_format_precision,low,"W(f""The dataset comprises {N} manually constructed polity--period cases assembled with AI """,Number appears in an f-string or format specification; the reported value is generated at runtime.
create_manuscript_latex.py,563,,2026,number_embedded_in_text,dynamically_generated_value_or_format_precision,low,"W(f""The dataset comprises {N} manually constructed polity--period cases assembled with AI """,Number appears in an f-string or format specification; the reported value is generated at runtime.
create_manuscript_latex.py,587,,1,number_embedded_in_text,prose_or_label_number,medium,"W(r""We classify each polity's degree of closure into five categories, ordered by the """,Number is embedded in a string and requires contextual review.
create_manuscript_latex.py,587,,2,number_embedded_in_text,prose_or_label_number,medium,"W(r""We classify each polity's degree of closure into five categories, ordered by the """,Number is embedded in a string and requires contextual review.
create_manuscript_latex.py,587,,3,number_embedded_in_text,prose_or_label_number,medium,"W(r""We classify each polity's degree of closure into five categories, ordered by the """,Number is embedded in a string and requires contextual review.
create_manuscript_latex.py,587,,4,number_embedded_in_text,prose_or_label_number,medium,"W(r""We classify each polity's degree of closure into five categories, ordered by the """,Number is embedded in a string and requires contextual review.
create_manuscript_latex.py,587,,5,number_embedded_in_text,prose_or_label_number,medium,"W(r""We classify each polity's degree of closure into five categories, ordered by the """,Number is embedded in a string and requires contextual review.
create_manuscript_latex.py,597,,1,number_embedded_in_text,prose_or_label_number,medium,"W(r""Categories 1 through 3 represent deliberate closure: a policy choice by identifiable """,Number is embedded in a string and requires contextual review.
create_manuscript_latex.py,597,,3,number_embedded_in_text,prose_or_label_number,medium,"W(r""Categories 1 through 3 represent deliberate closure: a policy choice by identifiable """,Number is embedded in a string and requires contextual review.
create_manuscript_latex.py,597,,4,number_embedded_in_text,prose_or_label_number,medium,"W(r""Categories 1 through 3 represent deliberate closure: a policy choice by identifiable """,Number is embedded in a string and requires contextual review.
create_manuscript_latex.py,651,,2,number_embedded_in_text,prose_or_label_number,medium,"W(r""The three-category outcome (overtaken, disrupted, survived) poses a classification """,Number is embedded in a string and requires contextual review.
create_manuscript_latex.py,651,,3,number_embedded_in_text,prose_or_label_number,medium,"W(r""The three-category outcome (overtaken, disrupted, survived) poses a classification """,Number is embedded in a string and requires contextual review.
create_manuscript_latex.py,651,,6,number_embedded_in_text,prose_or_label_number,medium,"W(r""The three-category outcome (overtaken, disrupted, survived) poses a classification """,Number is embedded in a string and requires contextual review.
create_manuscript_latex.py,669,,2,number_embedded_in_text,manuscript_structure_or_cross_reference,low,"W(r""We construct $2 \times 2$ tables crossing the predominant resource base (stock vs.\ ""","Figure, table, section, or heading number used for document structure."
create_manuscript_latex.py,669,,2,number_embedded_in_text,manuscript_structure_or_cross_reference,low,"W(r""We construct $2 \times 2$ tables crossing the predominant resource base (stock vs.\ ""","Figure, table, section, or heading number used for document structure."
create_manuscript_latex.py,678,,2,number_embedded_in_text,manuscript_structure_or_cross_reference,low,"W(r""For each of the six scenarios, we construct a $2 \times 2$ table crossing closure ""","Figure, table, section, or heading number used for document structure."
create_manuscript_latex.py,678,,2,number_embedded_in_text,manuscript_structure_or_cross_reference,low,"W(r""For each of the six scenarios, we construct a $2 \times 2$ table crossing closure ""","Figure, table, section, or heading number used for document structure."
create_manuscript_latex.py,688,,95,number_embedded_in_text,historical_date_or_prose_number,low,"W(r""To describe the closure--conquest association after covariate adjustment, we fit ""","Historical date or contextual prose number, not a computed analysis result."
create_manuscript_latex.py,698,,000,number_embedded_in_text,dynamically_generated_value_or_format_precision,low,"W(r""We assess uncertainty in the stock--flow OR using a nonparametric bootstrap (5{,}000 resamples, """,Number appears in an f-string or format specification; the reported value is generated at runtime.
create_manuscript_latex.py,698,,42,number_embedded_in_text,dynamically_generated_value_or_format_precision,low,"W(r""We assess uncertainty in the stock--flow OR using a nonparametric bootstrap (5{,}000 resamples, """,Number appears in an f-string or format specification; the reported value is generated at runtime.
create_manuscript_latex.py,698,,5,number_embedded_in_text,dynamically_generated_value_or_format_precision,low,"W(r""We assess uncertainty in the stock--flow OR using a nonparametric bootstrap (5{,}000 resamples, """,Number appears in an f-string or format specification; the reported value is generated at runtime.
create_manuscript_latex.py,711,,2,number_embedded_in_text,manuscript_structure_or_cross_reference,low,"W(f""Under the disrupted $\\to$ overtaken assignment, the stock--flow $2 \\times 2$ table ""","Figure, table, section, or heading number used for document structure."
create_manuscript_latex.py,711,,2,number_embedded_in_text,manuscript_structure_or_cross_reference,low,"W(f""Under the disrupted $\\to$ overtaken assignment, the stock--flow $2 \\times 2$ table ""","Figure, table, section, or heading number used for document structure."
create_manuscript_latex.py,743,,0.05,number_embedded_in_text,dynamically_generated_value_or_format_precision,low,"W(r""\caption{Network closure and conquest across six scenarios. $^{*}$~$p < 0.05$.}"")",Number appears in an f-string or format specification; the reported value is generated at runtime.
create_manuscript_latex.py,750,,7,numeric_ast_literal,code_constant_requires_context,medium,"sig_str = ""$^{*}$"" if row[7] == ""*"" else """"","Numeric code constant not automatically reducible to a result, layout, or documented analysis parameter."
create_manuscript_latex.py,751,,0,numeric_ast_literal,code_constant_requires_context,medium,"W(f""{row[0]} & {row[1]} & {row[2]} & {row[3]} & {row[4]} & {row[5]} & {row[6]} & {sig_str} \\\\"")","Numeric code constant not automatically reducible to a result, layout, or documented analysis parameter."
create_manuscript_latex.py,751,,1,numeric_ast_literal,code_constant_requires_context,medium,"W(f""{row[0]} & {row[1]} & {row[2]} & {row[3]} & {row[4]} & {row[5]} & {row[6]} & {sig_str} \\\\"")","Numeric code constant not automatically reducible to a result, layout, or documented analysis parameter."
create_manuscript_latex.py,751,,2,numeric_ast_literal,code_constant_requires_context,medium,"W(f""{row[0]} & {row[1]} & {row[2]} & {row[3]} & {row[4]} & {row[5]} & {row[6]} & {sig_str} \\\\"")","Numeric code constant not automatically reducible to a result, layout, or documented analysis parameter."
create_manuscript_latex.py,751,,3,numeric_ast_literal,code_constant_requires_context,medium,"W(f""{row[0]} & {row[1]} & {row[2]} & {row[3]} & {row[4]} & {row[5]} & {row[6]} & {sig_str} \\\\"")","Numeric code constant not automatically reducible to a result, layout, or documented analysis parameter."
create_manuscript_latex.py,751,,4,numeric_ast_literal,code_constant_requires_context,medium,"W(f""{row[0]} & {row[1]} & {row[2]} & {row[3]} & {row[4]} & {row[5]} & {row[6]} & {sig_str} \\\\"")","Numeric code constant not automatically reducible to a result, layout, or documented analysis parameter."
create_manuscript_latex.py,751,,5,numeric_ast_literal,code_constant_requires_context,medium,"W(f""{row[0]} & {row[1]} & {row[2]} & {row[3]} & {row[4]} & {row[5]} & {row[6]} & {sig_str} \\\\"")","Numeric code constant not automatically reducible to a result, layout, or documented analysis parameter."
create_manuscript_latex.py,751,,6,numeric_ast_literal,code_constant_requires_context,medium,"W(f""{row[0]} & {row[1]} & {row[2]} & {row[3]} & {row[4]} & {row[5]} & {row[6]} & {sig_str} \\\\"")","Numeric code constant not automatically reducible to a result, layout, or documented analysis parameter."
create_manuscript_latex.py,774,,0.85,number_embedded_in_text,dynamically_generated_value_or_format_precision,low,"W(r""\includegraphics[width=0.85\textwidth]{figures/Fig2.png}"")",Number appears in an f-string or format specification; the reported value is generated at runtime.
create_manuscript_latex.py,821,,000,number_embedded_in_text,dynamically_generated_value_or_format_precision,low,"W(f""The stock--flow OR $= {cm_all_c['OR']:.3f}$ is identical across all three """,Number appears in an f-string or format specification; the reported value is generated at runtime.
create_manuscript_latex.py,821,,5,number_embedded_in_text,dynamically_generated_value_or_format_precision,low,"W(f""The stock--flow OR $= {cm_all_c['OR']:.3f}$ is identical across all three """,Number appears in an f-string or format specification; the reported value is generated at runtime.
create_manuscript_latex.py,821,,95,number_embedded_in_text,dynamically_generated_value_or_format_precision,low,"W(f""The stock--flow OR $= {cm_all_c['OR']:.3f}$ is identical across all three """,Number appears in an f-string or format specification; the reported value is generated at runtime.
create_manuscript_latex.py,825,,0,numeric_ast_literal,code_constant_requires_context,medium,"f""${boot_c.get('median', 0):.3f}$ (95\\% CI ""","Numeric code constant not automatically reducible to a result, layout, or documented analysis parameter."
create_manuscript_latex.py,826,,0,numeric_ast_literal,code_constant_requires_context,medium,"f""[{boot_c.get('ci_lo', 0):.3f}, {boot_c.get('ci_hi', 0):.3f}]), ""","Numeric code constant not automatically reducible to a result, layout, or documented analysis parameter."
create_manuscript_latex.py,826,,0,numeric_ast_literal,code_constant_requires_context,medium,"f""[{boot_c.get('ci_lo', 0):.3f}, {boot_c.get('ci_hi', 0):.3f}]), ""","Numeric code constant not automatically reducible to a result, layout, or documented analysis parameter."
create_manuscript_latex.py,847,,0.9,number_embedded_in_text,dynamically_generated_value_or_format_precision,low,"W(r""\includegraphics[width=0.9\textwidth]{figures/Fig4.png}"")",Number appears in an f-string or format specification; the reported value is generated at runtime.
create_manuscript_latex.py,860,,0.05,number_embedded_in_text,dynamically_generated_value_or_format_precision,low,"W(f""\\caption{{Multivariate logistic regression results ({candidate_count}-country """,Number appears in an f-string or format specification; the reported value is generated at runtime.
create_manuscript_latex.py,860,,0.10,number_embedded_in_text,dynamically_generated_value_or_format_precision,low,"W(f""\\caption{{Multivariate logistic regression results ({candidate_count}-country """,Number appears in an f-string or format specification; the reported value is generated at runtime.
create_manuscript_latex.py,866,,95,number_embedded_in_text,prose_or_label_number,medium,"W(r""Variable & OR & 95\% CI & $p$-value & Sig. \\"")",Number is embedded in a string and requires contextual review.
create_manuscript_latex.py,869,,0,numeric_ast_literal,code_constant_requires_context,medium,"W(f""{row[0]} & {row[1]} & {row[2]} & {row[3]} & {row[4]} \\\\"")","Numeric code constant not automatically reducible to a result, layout, or documented analysis parameter."
create_manuscript_latex.py,869,,1,numeric_ast_literal,code_constant_requires_context,medium,"W(f""{row[0]} & {row[1]} & {row[2]} & {row[3]} & {row[4]} \\\\"")","Numeric code constant not automatically reducible to a result, layout, or documented analysis parameter."
create_manuscript_latex.py,869,,2,numeric_ast_literal,code_constant_requires_context,medium,"W(f""{row[0]} & {row[1]} & {row[2]} & {row[3]} & {row[4]} \\\\"")","Numeric code constant not automatically reducible to a result, layout, or documented analysis parameter."
create_manuscript_latex.py,869,,3,numeric_ast_literal,code_constant_requires_context,medium,"W(f""{row[0]} & {row[1]} & {row[2]} & {row[3]} & {row[4]} \\\\"")","Numeric code constant not automatically reducible to a result, layout, or documented analysis parameter."
create_manuscript_latex.py,869,,4,numeric_ast_literal,code_constant_requires_context,medium,"W(f""{row[0]} & {row[1]} & {row[2]} & {row[3]} & {row[4]} \\\\"")","Numeric code constant not automatically reducible to a result, layout, or documented analysis parameter."
create_manuscript_latex.py,892,,1853,number_embedded_in_text,dynamically_generated_value_or_format_precision,low,"W(r""The closure-type pattern in Figure~\ref{fig:closure-types} provides a descriptive """,Number appears in an f-string or format specification; the reported value is generated at runtime.
create_manuscript_latex.py,892,,54,number_embedded_in_text,dynamically_generated_value_or_format_precision,low,"W(r""The closure-type pattern in Figure~\ref{fig:closure-types} provides a descriptive """,Number appears in an f-string or format specification; the reported value is generated at runtime.
create_manuscript_latex.py,1000,,1000,number_embedded_in_text,prose_or_label_number,medium,"W(r""Today, the dominant platform has shifted again. The critical networks are """,Number is embedded in a string and requires contextual review.
create_manuscript_latex.py,1065,,100,numeric_ast_literal,code_constant_requires_context,medium,"rate_str = f""{cell['rate']*100:.1f}\\%""","Numeric code constant not automatically reducible to a result, layout, or documented analysis parameter."
create_manuscript_latex.py,1189,,8,number_embedded_in_text,prose_or_label_number,medium,"with open(tex_path, ""w"", encoding=""utf-8"") as f:",Number is embedded in a string and requires contextual review.
create_manuscript_latex.py,1237,,1,numeric_ast_literal,code_constant_requires_context,medium,"str(idx + 1),","Numeric code constant not automatically reducible to a result, layout, or documented analysis parameter."
create_manuscript_latex.py,1253,,8,number_embedded_in_text,prose_or_label_number,medium,"with open(path, ""w"", encoding=""utf-8"") as f:",Number is embedded in a string and requires contextual review.
create_manuscript_latex.py,1341,,8,number_embedded_in_text,prose_or_label_number,medium,"with open(path, ""w"", encoding=""utf-8"") as f:",Number is embedded in a string and requires contextual review.
create_manuscript_latex.py,1359,,2.5,numeric_ast_literal,display_or_layout_constant,low,section.top_margin = Cm(2.5),"Document, chart, or slide layout constant."
create_manuscript_latex.py,1360,,2.5,numeric_ast_literal,display_or_layout_constant,low,section.bottom_margin = Cm(2.5),"Document, chart, or slide layout constant."
create_manuscript_latex.py,1361,,2.5,numeric_ast_literal,display_or_layout_constant,low,section.left_margin = Cm(2.5),"Document, chart, or slide layout constant."
create_manuscript_latex.py,1362,,2.5,numeric_ast_literal,display_or_layout_constant,low,section.right_margin = Cm(2.5),"Document, chart, or slide layout constant."
create_manuscript_latex.py,1364,,12,numeric_ast_literal,display_or_layout_constant,low,"doc.styles[""Normal""].font.size = Pt(12)","Document, chart, or slide layout constant."
data.py,1,,05,number_embedded_in_text,prose_or_label_number,low,"""""""",Number is embedded in a string and requires contextual review.
data.py,1,,2026,number_embedded_in_text,prose_or_label_number,low,"""""""",Number is embedded in a string and requires contextual review.
data.py,30,,05,number_embedded_in_text,prose_or_label_number,low,"""created_at_utc"": ""2026-05-13"",",Number is embedded in a string and requires contextual review.
data.py,30,,13,number_embedded_in_text,prose_or_label_number,low,"""created_at_utc"": ""2026-05-13"",",Number is embedded in a string and requires contextual review.
data.py,30,,2026,number_embedded_in_text,prose_or_label_number,low,"""created_at_utc"": ""2026-05-13"",",Number is embedded in a string and requires contextual review.
data.py,32,,54,numeric_ast_literal,code_constant_requires_context,medium,"""initial_records"": 54,","Numeric code constant not automatically reducible to a result, layout, or documented analysis parameter."
data.py,33,,96,numeric_ast_literal,code_constant_requires_context,medium,"""expanded_records"": 96,","Numeric code constant not automatically reducible to a result, layout, or documented analysis parameter."
data.py,35,,0,numeric_ast_literal,code_constant_requires_context,medium,"""independent_coders_in_original_dataset"": 0,","Numeric code constant not automatically reducible to a result, layout, or documented analysis parameter."
data.py,70,,8,number_embedded_in_text,prose_or_label_number,low,"with DATA_PATH.open(encoding=""utf-8"") as file:",Number is embedded in a string and requires contextual review.
data.py,77,,96,numeric_ast_literal,code_constant_requires_context,medium,if len(records_from_csv) != 96:,"Numeric code constant not automatically reducible to a result, layout, or documented analysis parameter."
data.py,78,,96,number_embedded_in_text,dynamically_generated_value_or_format_precision,low,"raise ValueError(f""Expected 96 records, found {len(records_from_csv)}"")",Number appears in an f-string or format specification; the reported value is generated at runtime.
data.py,92,,0,numeric_ast_literal,code_constant_requires_context,medium,"""ancient"": 0,","Numeric code constant not automatically reducible to a result, layout, or documented analysis parameter."
data.py,93,,1,numeric_ast_literal,code_constant_requires_context,medium,"""medieval"": 1,","Numeric code constant not automatically reducible to a result, layout, or documented analysis parameter."
data.py,94,,2,numeric_ast_literal,code_constant_requires_context,medium,"""early_modern"": 2,","Numeric code constant not automatically reducible to a result, layout, or documented analysis parameter."
data.py,95,,3,numeric_ast_literal,code_constant_requires_context,medium,"""modern"": 3,","Numeric code constant not automatically reducible to a result, layout, or documented analysis parameter."
data.py,96,,4,numeric_ast_literal,code_constant_requires_context,medium,"""20c"": 4,","Numeric code constant not automatically reducible to a result, layout, or documented analysis parameter."
data.py,97,,5,numeric_ast_literal,code_constant_requires_context,medium,"""contemporary"": 5,","Numeric code constant not automatically reducible to a result, layout, or documented analysis parameter."
data/polity_period_records.csv,2,external_threat,0.8,canonical_csv_input,subjective_ai_assisted_input_value,high,アケメネス朝ペルシア,Published canonical input; retained from the legacy AI-assisted exploratory coding and not calculated from a public dataset.
data/polity_period_records.csv,2,geo_barrier,0.4,canonical_csv_input,subjective_ai_assisted_input_value,high,アケメネス朝ペルシア,Published canonical input; retained from the legacy AI-assisted exploratory coding and not calculated from a public dataset.
data/polity_period_records.csv,2,has_external_patron,0,canonical_csv_input,historically_anchored_input_value,medium,アケメネス朝ペルシア,Published canonical historical input; field-level source status is documented in supplementary_case_sources.csv.
data/polity_period_records.csv,2,institutional_quality,0.6,canonical_csv_input,subjective_ai_assisted_input_value,high,アケメネス朝ペルシア,Published canonical input; retained from the legacy AI-assisted exploratory coding and not calculated from a public dataset.
data/polity_period_records.csv,2,regime_duration_yrs,220,canonical_csv_input,historically_anchored_input_value,medium,アケメネス朝ペルシア,Published canonical historical input; field-level source status is documented in supplementary_case_sources.csv.
data/polity_period_records.csv,2,relative_pop,0.9,canonical_csv_input,subjective_ai_assisted_input_value,high,アケメネス朝ペルシア,Published canonical input; retained from the legacy AI-assisted exploratory coding and not calculated from a public dataset.
data/polity_period_records.csv,2,stock_index,0.4,canonical_csv_input,subjective_ai_assisted_input_value,high,アケメネス朝ペルシア,Published canonical input; retained from the legacy AI-assisted exploratory coding and not calculated from a public dataset.
data/polity_period_records.csv,2,tech_position,0.5,canonical_csv_input,subjective_ai_assisted_input_value,high,アケメネス朝ペルシア,Published canonical input; retained from the legacy AI-assisted exploratory coding and not calculated from a public dataset.
data/polity_period_records.csv,2,trade_openness,0.7,canonical_csv_input,subjective_ai_assisted_input_value,high,アケメネス朝ペルシア,Published canonical input; retained from the legacy AI-assisted exploratory coding and not calculated from a public dataset.
data/polity_period_records.csv,3,external_threat,0.8,canonical_csv_input,subjective_ai_assisted_input_value,high,アテネ（ペロポネソス戦争後）,Published canonical input; retained from the legacy AI-assisted exploratory coding and not calculated from a public dataset.
data/polity_period_records.csv,3,geo_barrier,0.5,canonical_csv_input,subjective_ai_assisted_input_value,high,アテネ（ペロポネソス戦争後）,Published canonical input; retained from the legacy AI-assisted exploratory coding and not calculated from a public dataset.
data/polity_period_records.csv,3,has_external_patron,0,canonical_csv_input,historically_anchored_input_value,medium,アテネ（ペロポネソス戦争後）,Published canonical historical input; field-level source status is documented in supplementary_case_sources.csv.
data/polity_period_records.csv,3,institutional_quality,0.7,canonical_csv_input,subjective_ai_assisted_input_value,high,アテネ（ペロポネソス戦争後）,Published canonical input; retained from the legacy AI-assisted exploratory coding and not calculated from a public dataset.
data/polity_period_records.csv,3,regime_duration_yrs,66,canonical_csv_input,historically_anchored_input_value,medium,アテネ（ペロポネソス戦争後）,Published canonical historical input; field-level source status is documented in supplementary_case_sources.csv.
data/polity_period_records.csv,3,relative_pop,0.2,canonical_csv_input,subjective_ai_assisted_input_value,high,アテネ（ペロポネソス戦争後）,Published canonical input; retained from the legacy AI-assisted exploratory coding and not calculated from a public dataset.
data/polity_period_records.csv,3,stock_index,0.45,canonical_csv_input,subjective_ai_assisted_input_value,high,アテネ（ペロポネソス戦争後）,Published canonical input; retained from the legacy AI-assisted exploratory coding and not calculated from a public dataset.
data/polity_period_records.csv,3,tech_position,0.6,canonical_csv_input,subjective_ai_assisted_input_value,high,アテネ（ペロポネソス戦争後）,Published canonical input; retained from the legacy AI-assisted exploratory coding and not calculated from a public dataset.
data/polity_period_records.csv,3,trade_openness,0.8,canonical_csv_input,subjective_ai_assisted_input_value,high,アテネ（ペロポネソス戦争後）,Published canonical input; retained from the legacy AI-assisted exploratory coding and not calculated from a public dataset.
data/polity_period_records.csv,4,external_threat,0.7,canonical_csv_input,subjective_ai_assisted_input_value,high,スパルタ,Published canonical input; retained from the legacy AI-assisted exploratory coding and not calculated from a public dataset.
data/polity_period_records.csv,4,geo_barrier,0.5,canonical_csv_input,subjective_ai_assisted_input_value,high,スパルタ,Published canonical input; retained from the legacy AI-assisted exploratory coding and not calculated from a public dataset.
data/polity_period_records.csv,4,has_external_patron,0,canonical_csv_input,historically_anchored_input_value,medium,スパルタ,Published canonical historical input; field-level source status is documented in supplementary_case_sources.csv.
data/polity_period_records.csv,4,institutional_quality,0.7,canonical_csv_input,subjective_ai_assisted_input_value,high,スパルタ,Published canonical input; retained from the legacy AI-assisted exploratory coding and not calculated from a public dataset.
data/polity_period_records.csv,4,regime_duration_yrs,654,canonical_csv_input,historically_anchored_input_value,medium,スパルタ,Published canonical historical input; field-level source status is documented in supplementary_case_sources.csv.
data/polity_period_records.csv,4,relative_pop,0.1,canonical_csv_input,subjective_ai_assisted_input_value,high,スパルタ,Published canonical input; retained from the legacy AI-assisted exploratory coding and not calculated from a public dataset.
data/polity_period_records.csv,4,stock_index,0.65,canonical_csv_input,subjective_ai_assisted_input_value,high,スパルタ,Published canonical input; retained from the legacy AI-assisted exploratory coding and not calculated from a public dataset.
data/polity_period_records.csv,4,tech_position,0.4,canonical_csv_input,subjective_ai_assisted_input_value,high,スパルタ,Published canonical input; retained from the legacy AI-assisted exploratory coding and not calculated from a public dataset.
data/polity_period_records.csv,4,trade_openness,0.15,canonical_csv_input,subjective_ai_assisted_input_value,high,スパルタ,Published canonical input; retained from the legacy AI-assisted exploratory coding and not calculated from a public dataset.
data/polity_period_records.csv,5,external_threat,0.9,canonical_csv_input,subjective_ai_assisted_input_value,high,カルタゴ,Published canonical input; retained from the legacy AI-assisted exploratory coding and not calculated from a public dataset.
data/polity_period_records.csv,5,geo_barrier,0.5,canonical_csv_input,subjective_ai_assisted_input_value,high,カルタゴ,Published canonical input; retained from the legacy AI-assisted exploratory coding and not calculated from a public dataset.
data/polity_period_records.csv,5,has_external_patron,0,canonical_csv_input,historically_anchored_input_value,medium,カルタゴ,Published canonical historical input; field-level source status is documented in supplementary_case_sources.csv.
data/polity_period_records.csv,5,institutional_quality,0.5,canonical_csv_input,subjective_ai_assisted_input_value,high,カルタゴ,Published canonical input; retained from the legacy AI-assisted exploratory coding and not calculated from a public dataset.
data/polity_period_records.csv,5,regime_duration_yrs,668,canonical_csv_input,historically_anchored_input_value,medium,カルタゴ,Published canonical historical input; field-level source status is documented in supplementary_case_sources.csv.
data/polity_period_records.csv,5,relative_pop,0.3,canonical_csv_input,subjective_ai_assisted_input_value,high,カルタゴ,Published canonical input; retained from the legacy AI-assisted exploratory coding and not calculated from a public dataset.
data/polity_period_records.csv,5,stock_index,0.35,canonical_csv_input,subjective_ai_assisted_input_value,high,カルタゴ,Published canonical input; retained from the legacy AI-assisted exploratory coding and not calculated from a public dataset.
data/polity_period_records.csv,5,tech_position,0.6,canonical_csv_input,subjective_ai_assisted_input_value,high,カルタゴ,Published canonical input; retained from the legacy AI-assisted exploratory coding and not calculated from a public dataset.
data/polity_period_records.csv,5,trade_openness,0.9,canonical_csv_input,subjective_ai_assisted_input_value,high,カルタゴ,Published canonical input; retained from the legacy AI-assisted exploratory coding and not calculated from a public dataset.
data/polity_period_records.csv,6,external_threat,0.4,canonical_csv_input,subjective_ai_assisted_input_value,high,ローマ共和政〜帝政前期,Published canonical input; retained from the legacy AI-assisted exploratory coding and not calculated from a public dataset.
data/polity_period_records.csv,6,geo_barrier,0.4,canonical_csv_input,subjective_ai_assisted_input_value,high,ローマ共和政〜帝政前期,Published canonical input; retained from the legacy AI-assisted exploratory coding and not calculated from a public dataset.
data/polity_period_records.csv,6,has_external_patron,0,canonical_csv_input,historically_anchored_input_value,medium,ローマ共和政〜帝政前期,Published canonical historical input; field-level source status is documented in supplementary_case_sources.csv.
data/polity_period_records.csv,6,institutional_quality,0.8,canonical_csv_input,subjective_ai_assisted_input_value,high,ローマ共和政〜帝政前期,Published canonical input; retained from the legacy AI-assisted exploratory coding and not calculated from a public dataset.
data/polity_period_records.csv,6,regime_duration_yrs,709,canonical_csv_input,historically_anchored_input_value,medium,ローマ共和政〜帝政前期,Published canonical historical input; field-level source status is documented in supplementary_case_sources.csv.
data/polity_period_records.csv,6,relative_pop,0.9,canonical_csv_input,subjective_ai_assisted_input_value,high,ローマ共和政〜帝政前期,Published canonical input; retained from the legacy AI-assisted exploratory coding and not calculated from a public dataset.
data/polity_period_records.csv,6,stock_index,0.55,canonical_csv_input,subjective_ai_assisted_input_value,high,ローマ共和政〜帝政前期,Published canonical input; retained from the legacy AI-assisted exploratory coding and not calculated from a public dataset.
data/polity_period_records.csv,6,tech_position,0.8,canonical_csv_input,subjective_ai_assisted_input_value,high,ローマ共和政〜帝政前期,Published canonical input; retained from the legacy AI-assisted exploratory coding and not calculated from a public dataset.
data/polity_period_records.csv,6,trade_openness,0.75,canonical_csv_input,subjective_ai_assisted_input_value,high,ローマ共和政〜帝政前期,Published canonical input; retained from the legacy AI-assisted exploratory coding and not calculated from a public dataset.
data/polity_period_records.csv,7,external_threat,0.9,canonical_csv_input,subjective_ai_assisted_input_value,high,ローマ帝政後期（西）,Published canonical input; retained from the legacy AI-assisted exploratory coding and not calculated from a public dataset.
data/polity_period_records.csv,7,geo_barrier,0.3,canonical_csv_input,subjective_ai_assisted_input_value,high,ローマ帝政後期（西）,Published canonical input; retained from the legacy AI-assisted exploratory coding and not calculated from a public dataset.
data/polity_period_records.csv,7,has_external_patron,0,canonical_csv_input,historically_anchored_input_value,medium,ローマ帝政後期（西）,Published canonical historical input; field-level source status is documented in supplementary_case_sources.csv.
data/polity_period_records.csv,7,institutional_quality,0.4,canonical_csv_input,subjective_ai_assisted_input_value,high,ローマ帝政後期（西）,Published canonical input; retained from the legacy AI-assisted exploratory coding and not calculated from a public dataset.
data/polity_period_records.csv,7,regime_duration_yrs,276,canonical_csv_input,historically_anchored_input_value,medium,ローマ帝政後期（西）,Published canonical historical input; field-level source status is documented in supplementary_case_sources.csv.
data/polity_period_records.csv,7,relative_pop,0.5,canonical_csv_input,subjective_ai_assisted_input_value,high,ローマ帝政後期（西）,Published canonical input; retained from the legacy AI-assisted exploratory coding and not calculated from a public dataset.
data/polity_period_records.csv,7,stock_index,0.6,canonical_csv_input,subjective_ai_assisted_input_value,high,ローマ帝政後期（西）,Published canonical input; retained from the legacy AI-assisted exploratory coding and not calculated from a public dataset.
data/polity_period_records.csv,7,tech_position,0.5,canonical_csv_input,subjective_ai_assisted_input_value,high,ローマ帝政後期（西）,Published canonical input; retained from the legacy AI-assisted exploratory coding and not calculated from a public dataset.
data/polity_period_records.csv,7,trade_openness,0.35,canonical_csv_input,subjective_ai_assisted_input_value,high,ローマ帝政後期（西）,Published canonical input; retained from the legacy AI-assisted exploratory coding and not calculated from a public dataset.
data/polity_period_records.csv,8,external_threat,0.8,canonical_csv_input,subjective_ai_assisted_input_value,high,プトレマイオス朝エジプト,Published canonical input; retained from the legacy AI-assisted exploratory coding and not calculated from a public dataset.
data/polity_period_records.csv,8,geo_barrier,0.6,canonical_csv_input,subjective_ai_assisted_input_value,high,プトレマイオス朝エジプト,Published canonical input; retained from the legacy AI-assisted exploratory coding and not calculated from a public dataset.
data/polity_period_records.csv,8,has_external_patron,0,canonical_csv_input,historically_anchored_input_value,medium,プトレマイオス朝エジプト,Published canonical historical input; field-level source status is documented in supplementary_case_sources.csv.
data/polity_period_records.csv,8,institutional_quality,0.5,canonical_csv_input,subjective_ai_assisted_input_value,high,プトレマイオス朝エジプト,Published canonical input; retained from the legacy AI-assisted exploratory coding and not calculated from a public dataset.
data/polity_period_records.csv,8,regime_duration_yrs,275,canonical_csv_input,historically_anchored_input_value,medium,プトレマイオス朝エジプト,Published canonical historical input; field-level source status is documented in supplementary_case_sources.csv.
data/polity_period_records.csv,8,relative_pop,0.4,canonical_csv_input,subjective_ai_assisted_input_value,high,プトレマイオス朝エジプト,Published canonical input; retained from the legacy AI-assisted exploratory coding and not calculated from a public dataset.
data/polity_period_records.csv,8,stock_index,0.55,canonical_csv_input,subjective_ai_assisted_input_value,high,プトレマイオス朝エジプト,Published canonical input; retained from the legacy AI-assisted exploratory coding and not calculated from a public dataset.
data/polity_period_records.csv,8,tech_position,0.6,canonical_csv_input,subjective_ai_assisted_input_value,high,プトレマイオス朝エジプト,Published canonical input; retained from the legacy AI-assisted exploratory coding and not calculated from a public dataset.
data/polity_period_records.csv,8,trade_openness,0.7,canonical_csv_input,subjective_ai_assisted_input_value,high,プトレマイオス朝エジプト,Published canonical input; retained from the legacy AI-assisted exploratory coding and not calculated from a public dataset.
data/polity_period_records.csv,9,external_threat,0.5,canonical_csv_input,subjective_ai_assisted_input_value,high,漢朝（前漢〜後漢）,Published canonical input; retained from the legacy AI-assisted exploratory coding and not calculated from a public dataset.
data/polity_period_records.csv,9,geo_barrier,0.6,canonical_csv_input,subjective_ai_assisted_input_value,high,漢朝（前漢〜後漢）,Published canonical input; retained from the legacy AI-assisted exploratory coding and not calculated from a public dataset.
data/polity_period_records.csv,9,has_external_patron,0,canonical_csv_input,historically_anchored_input_value,medium,漢朝（前漢〜後漢）,Published canonical historical input; field-level source status is documented in supplementary_case_sources.csv.
data/polity_period_records.csv,9,institutional_quality,0.7,canonical_csv_input,subjective_ai_assisted_input_value,high,漢朝（前漢〜後漢）,Published canonical input; retained from the legacy AI-assisted exploratory coding and not calculated from a public dataset.
data/polity_period_records.csv,9,regime_duration_yrs,426,canonical_csv_input,historically_anchored_input_value,medium,漢朝（前漢〜後漢）,Published canonical historical input; field-level source status is documented in supplementary_case_sources.csv.
data/polity_period_records.csv,9,relative_pop,0.95,canonical_csv_input,subjective_ai_assisted_input_value,high,漢朝（前漢〜後漢）,Published canonical input; retained from the legacy AI-assisted exploratory coding and not calculated from a public dataset.
data/polity_period_records.csv,9,stock_index,0.65,canonical_csv_input,subjective_ai_assisted_input_value,high,漢朝（前漢〜後漢）,Published canonical input; retained from the legacy AI-assisted exploratory coding and not calculated from a public dataset.
data/polity_period_records.csv,9,tech_position,0.8,canonical_csv_input,subjective_ai_assisted_input_value,high,漢朝（前漢〜後漢）,Published canonical input; retained from the legacy AI-assisted exploratory coding and not calculated from a public dataset.
data/polity_period_records.csv,9,trade_openness,0.55,canonical_csv_input,subjective_ai_assisted_input_value,high,漢朝（前漢〜後漢）,Published canonical input; retained from the legacy AI-assisted exploratory coding and not calculated from a public dataset.
data/polity_period_records.csv,10,external_threat,0.7,canonical_csv_input,subjective_ai_assisted_input_value,high,ビザンツ帝国（前期）,Published canonical input; retained from the legacy AI-assisted exploratory coding and not calculated from a public dataset.
data/polity_period_records.csv,10,geo_barrier,0.7,canonical_csv_input,subjective_ai_assisted_input_value,high,ビザンツ帝国（前期）,Published canonical input; retained from the legacy AI-assisted exploratory coding and not calculated from a public dataset.
data/polity_period_records.csv,10,has_external_patron,0,canonical_csv_input,historically_anchored_input_value,medium,ビザンツ帝国（前期）,Published canonical historical input; field-level source status is documented in supplementary_case_sources.csv.
data/polity_period_records.csv,10,institutional_quality,0.8,canonical_csv_input,subjective_ai_assisted_input_value,high,ビザンツ帝国（前期）,Published canonical input; retained from the legacy AI-assisted exploratory coding and not calculated from a public dataset.
data/polity_period_records.csv,10,regime_duration_yrs,670,canonical_csv_input,historically_anchored_input_value,medium,ビザンツ帝国（前期）,Published canonical historical input; field-level source status is documented in supplementary_case_sources.csv.
data/polity_period_records.csv,10,relative_pop,0.4,canonical_csv_input,subjective_ai_assisted_input_value,high,ビザンツ帝国（前期）,Published canonical input; retained from the legacy AI-assisted exploratory coding and not calculated from a public dataset.
data/polity_period_records.csv,10,stock_index,0.65,canonical_csv_input,subjective_ai_assisted_input_value,high,ビザンツ帝国（前期）,Published canonical input; retained from the legacy AI-assisted exploratory coding and not calculated from a public dataset.
data/polity_period_records.csv,10,tech_position,0.8,canonical_csv_input,subjective_ai_assisted_input_value,high,ビザンツ帝国（前期）,Published canonical input; retained from the legacy AI-assisted exploratory coding and not calculated from a public dataset.
data/polity_period_records.csv,10,trade_openness,0.65,canonical_csv_input,subjective_ai_assisted_input_value,high,ビザンツ帝国（前期）,Published canonical input; retained from the legacy AI-assisted exploratory coding and not calculated from a public dataset.
data/polity_period_records.csv,11,external_threat,0.9,canonical_csv_input,subjective_ai_assisted_input_value,high,ビザンツ帝国（後期）,Published canonical input; retained from the legacy AI-assisted exploratory coding and not calculated from a public dataset.
data/polity_period_records.csv,11,geo_barrier,0.7,canonical_csv_input,subjective_ai_assisted_input_value,high,ビザンツ帝国（後期）,Published canonical input; retained from the legacy AI-assisted exploratory coding and not calculated from a public dataset.
data/polity_period_records.csv,11,has_external_patron,0,canonical_csv_input,historically_anchored_input_value,medium,ビザンツ帝国（後期）,Published canonical historical input; field-level source status is documented in supplementary_case_sources.csv.
data/polity_period_records.csv,11,institutional_quality,0.4,canonical_csv_input,subjective_ai_assisted_input_value,high,ビザンツ帝国（後期）,Published canonical input; retained from the legacy AI-assisted exploratory coding and not calculated from a public dataset.
data/polity_period_records.csv,11,regime_duration_yrs,453,canonical_csv_input,historically_anchored_input_value,medium,ビザンツ帝国（後期）,Published canonical historical input; field-level source status is documented in supplementary_case_sources.csv.
data/polity_period_records.csv,11,relative_pop,0.1,canonical_csv_input,subjective_ai_assisted_input_value,high,ビザンツ帝国（後期）,Published canonical input; retained from the legacy AI-assisted exploratory coding and not calculated from a public dataset.
data/polity_period_records.csv,11,stock_index,0.55,canonical_csv_input,subjective_ai_assisted_input_value,high,ビザンツ帝国（後期）,Published canonical input; retained from the legacy AI-assisted exploratory coding and not calculated from a public dataset.
data/polity_period_records.csv,11,tech_position,0.4,canonical_csv_input,subjective_ai_assisted_input_value,high,ビザンツ帝国（後期）,Published canonical input; retained from the legacy AI-assisted exploratory coding and not calculated from a public dataset.
data/polity_period_records.csv,11,trade_openness,0.3,canonical_csv_input,subjective_ai_assisted_input_value,high,ビザンツ帝国（後期）,Published canonical input; retained from the legacy AI-assisted exploratory coding and not calculated from a public dataset.
data/polity_period_records.csv,12,external_threat,0.5,canonical_csv_input,subjective_ai_assisted_input_value,high,アッバース朝（前期）,Published canonical input; retained from the legacy AI-assisted exploratory coding and not calculated from a public dataset.
data/polity_period_records.csv,12,geo_barrier,0.3,canonical_csv_input,subjective_ai_assisted_input_value,high,アッバース朝（前期）,Published canonical input; retained from the legacy AI-assisted exploratory coding and not calculated from a public dataset.
data/polity_period_records.csv,12,has_external_patron,0,canonical_csv_input,historically_anchored_input_value,medium,アッバース朝（前期）,Published canonical historical input; field-level source status is documented in supplementary_case_sources.csv.
data/polity_period_records.csv,12,institutional_quality,0.7,canonical_csv_input,subjective_ai_assisted_input_value,high,アッバース朝（前期）,Published canonical input; retained from the legacy AI-assisted exploratory coding and not calculated from a public dataset.
data/polity_period_records.csv,12,regime_duration_yrs,250,canonical_csv_input,historically_anchored_input_value,medium,アッバース朝（前期）,Published canonical historical input; field-level source status is documented in supplementary_case_sources.csv.
data/polity_period_records.csv,12,relative_pop,0.7,canonical_csv_input,subjective_ai_assisted_input_value,high,アッバース朝（前期）,Published canonical input; retained from the legacy AI-assisted exploratory coding and not calculated from a public dataset.
data/polity_period_records.csv,12,stock_index,0.6,canonical_csv_input,subjective_ai_assisted_input_value,high,アッバース朝（前期）,Published canonical input; retained from the legacy AI-assisted exploratory coding and not calculated from a public dataset.
data/polity_period_records.csv,12,tech_position,0.9,canonical_csv_input,subjective_ai_assisted_input_value,high,アッバース朝（前期）,Published canonical input; retained from the legacy AI-assisted exploratory coding and not calculated from a public dataset.
data/polity_period_records.csv,12,trade_openness,0.8,canonical_csv_input,subjective_ai_assisted_input_value,high,アッバース朝（前期）,Published canonical input; retained from the legacy AI-assisted exploratory coding and not calculated from a public dataset.
data/polity_period_records.csv,13,external_threat,0.95,canonical_csv_input,subjective_ai_assisted_input_value,high,アッバース朝（後期）,Published canonical input; retained from the legacy AI-assisted exploratory coding and not calculated from a public dataset.
data/polity_period_records.csv,13,geo_barrier,0.3,canonical_csv_input,subjective_ai_assisted_input_value,high,アッバース朝（後期）,Published canonical input; retained from the legacy AI-assisted exploratory coding and not calculated from a public dataset.
data/polity_period_records.csv,13,has_external_patron,0,canonical_csv_input,historically_anchored_input_value,medium,アッバース朝（後期）,Published canonical historical input; field-level source status is documented in supplementary_case_sources.csv.
data/polity_period_records.csv,13,institutional_quality,0.3,canonical_csv_input,subjective_ai_assisted_input_value,high,アッバース朝（後期）,Published canonical input; retained from the legacy AI-assisted exploratory coding and not calculated from a public dataset.
data/polity_period_records.csv,13,regime_duration_yrs,258,canonical_csv_input,historically_anchored_input_value,medium,アッバース朝（後期）,Published canonical historical input; field-level source status is documented in supplementary_case_sources.csv.
data/polity_period_records.csv,13,relative_pop,0.3,canonical_csv_input,subjective_ai_assisted_input_value,high,アッバース朝（後期）,Published canonical input; retained from the legacy AI-assisted exploratory coding and not calculated from a public dataset.
data/polity_period_records.csv,13,stock_index,0.5,canonical_csv_input,subjective_ai_assisted_input_value,high,アッバース朝（後期）,Published canonical input; retained from the legacy AI-assisted exploratory coding and not calculated from a public dataset.
data/polity_period_records.csv,13,tech_position,0.5,canonical_csv_input,subjective_ai_assisted_input_value,high,アッバース朝（後期）,Published canonical input; retained from the legacy AI-assisted exploratory coding and not calculated from a public dataset.
data/polity_period_records.csv,13,trade_openness,0.35,canonical_csv_input,subjective_ai_assisted_input_value,high,アッバース朝（後期）,Published canonical input; retained from the legacy AI-assisted exploratory coding and not calculated from a public dataset.
data/polity_period_records.csv,14,external_threat,0.95,canonical_csv_input,subjective_ai_assisted_input_value,high,宋朝中国,Published canonical input; retained from the legacy AI-assisted exploratory coding and not calculated from a public dataset.
data/polity_period_records.csv,14,geo_barrier,0.4,canonical_csv_input,subjective_ai_assisted_input_value,high,宋朝中国,Published canonical input; retained from the legacy AI-assisted exploratory coding and not calculated from a public dataset.
data/polity_period_records.csv,14,has_external_patron,0,canonical_csv_input,historically_anchored_input_value,medium,宋朝中国,Published canonical historical input; field-level source status is documented in supplementary_case_sources.csv.
data/polity_period_records.csv,14,institutional_quality,0.7,canonical_csv_input,subjective_ai_assisted_input_value,high,宋朝中国,Published canonical input; retained from the legacy AI-assisted exploratory coding and not calculated from a public dataset.
data/polity_period_records.csv,14,regime_duration_yrs,319,canonical_csv_input,historically_anchored_input_value,medium,宋朝中国,Published canonical historical input; field-level source status is documented in supplementary_case_sources.csv.
data/polity_period_records.csv,14,relative_pop,0.8,canonical_csv_input,subjective_ai_assisted_input_value,high,宋朝中国,Published canonical input; retained from the legacy AI-assisted exploratory coding and not calculated from a public dataset.
data/polity_period_records.csv,14,stock_index,0.75,canonical_csv_input,subjective_ai_assisted_input_value,high,宋朝中国,Published canonical input; retained from the legacy AI-assisted exploratory coding and not calculated from a public dataset.
data/polity_period_records.csv,14,tech_position,0.85,canonical_csv_input,subjective_ai_assisted_input_value,high,宋朝中国,Published canonical input; retained from the legacy AI-assisted exploratory coding and not calculated from a public dataset.
data/polity_period_records.csv,14,trade_openness,0.6,canonical_csv_input,subjective_ai_assisted_input_value,high,宋朝中国,Published canonical input; retained from the legacy AI-assisted exploratory coding and not calculated from a public dataset.
data/polity_period_records.csv,15,external_threat,0.3,canonical_csv_input,subjective_ai_assisted_input_value,high,モンゴル帝国,Published canonical input; retained from the legacy AI-assisted exploratory coding and not calculated from a public dataset.
data/polity_period_records.csv,15,geo_barrier,0.1,canonical_csv_input,subjective_ai_assisted_input_value,high,モンゴル帝国,Published canonical input; retained from the legacy AI-assisted exploratory coding and not calculated from a public dataset.
data/polity_period_records.csv,15,has_external_patron,0,canonical_csv_input,historically_anchored_input_value,medium,モンゴル帝国,Published canonical historical input; field-level source status is documented in supplementary_case_sources.csv.
data/polity_period_records.csv,15,institutional_quality,0.3,canonical_csv_input,subjective_ai_assisted_input_value,high,モンゴル帝国,Published canonical input; retained from the legacy AI-assisted exploratory coding and not calculated from a public dataset.
data/polity_period_records.csv,15,regime_duration_yrs,162,canonical_csv_input,historically_anchored_input_value,medium,モンゴル帝国,Published canonical historical input; field-level source status is documented in supplementary_case_sources.csv.
data/polity_period_records.csv,15,relative_pop,0.15,canonical_csv_input,subjective_ai_assisted_input_value,high,モンゴル帝国,Published canonical input; retained from the legacy AI-assisted exploratory coding and not calculated from a public dataset.
data/polity_period_records.csv,15,stock_index,0.2,canonical_csv_input,subjective_ai_assisted_input_value,high,モンゴル帝国,Published canonical input; retained from the legacy AI-assisted exploratory coding and not calculated from a public dataset.
data/polity_period_records.csv,15,tech_position,0.6,canonical_csv_input,subjective_ai_assisted_input_value,high,モンゴル帝国,Published canonical input; retained from the legacy AI-assisted exploratory coding and not calculated from a public dataset.
data/polity_period_records.csv,15,trade_openness,0.85,canonical_csv_input,subjective_ai_assisted_input_value,high,モンゴル帝国,Published canonical input; retained from the legacy AI-assisted exploratory coding and not calculated from a public dataset.
data/polity_period_records.csv,16,external_threat,0.8,canonical_csv_input,subjective_ai_assisted_input_value,high,マムルーク朝エジプト,Published canonical input; retained from the legacy AI-assisted exploratory coding and not calculated from a public dataset.
data/polity_period_records.csv,16,geo_barrier,0.5,canonical_csv_input,subjective_ai_assisted_input_value,high,マムルーク朝エジプト,Published canonical input; retained from the legacy AI-assisted exploratory coding and not calculated from a public dataset.
data/polity_period_records.csv,16,has_external_patron,0,canonical_csv_input,historically_anchored_input_value,medium,マムルーク朝エジプト,Published canonical historical input; field-level source status is documented in supplementary_case_sources.csv.
data/polity_period_records.csv,16,institutional_quality,0.4,canonical_csv_input,subjective_ai_assisted_input_value,high,マムルーク朝エジプト,Published canonical input; retained from the legacy AI-assisted exploratory coding and not calculated from a public dataset.
data/polity_period_records.csv,16,regime_duration_yrs,267,canonical_csv_input,historically_anchored_input_value,medium,マムルーク朝エジプト,Published canonical historical input; field-level source status is documented in supplementary_case_sources.csv.
data/polity_period_records.csv,16,relative_pop,0.3,canonical_csv_input,subjective_ai_assisted_input_value,high,マムルーク朝エジプト,Published canonical input; retained from the legacy AI-assisted exploratory coding and not calculated from a public dataset.
data/polity_period_records.csv,16,stock_index,0.5,canonical_csv_input,subjective_ai_assisted_input_value,high,マムルーク朝エジプト,Published canonical input; retained from the legacy AI-assisted exploratory coding and not calculated from a public dataset.
data/polity_period_records.csv,16,tech_position,0.4,canonical_csv_input,subjective_ai_assisted_input_value,high,マムルーク朝エジプト,Published canonical input; retained from the legacy AI-assisted exploratory coding and not calculated from a public dataset.
data/polity_period_records.csv,16,trade_openness,0.65,canonical_csv_input,subjective_ai_assisted_input_value,high,マムルーク朝エジプト,Published canonical input; retained from the legacy AI-assisted exploratory coding and not calculated from a public dataset.
data/polity_period_records.csv,17,external_threat,0.7,canonical_csv_input,subjective_ai_assisted_input_value,high,ヴェネツィア共和国,Published canonical input; retained from the legacy AI-assisted exploratory coding and not calculated from a public dataset.
data/polity_period_records.csv,17,geo_barrier,0.7,canonical_csv_input,subjective_ai_assisted_input_value,high,ヴェネツィア共和国,Published canonical input; retained from the legacy AI-assisted exploratory coding and not calculated from a public dataset.
data/polity_period_records.csv,17,has_external_patron,0,canonical_csv_input,historically_anchored_input_value,medium,ヴェネツィア共和国,Published canonical historical input; field-level source status is documented in supplementary_case_sources.csv.
data/polity_period_records.csv,17,institutional_quality,0.8,canonical_csv_input,subjective_ai_assisted_input_value,high,ヴェネツィア共和国,Published canonical input; retained from the legacy AI-assisted exploratory coding and not calculated from a public dataset.
data/polity_period_records.csv,17,regime_duration_yrs,1100,canonical_csv_input,historically_anchored_input_value,medium,ヴェネツィア共和国,Published canonical historical input; field-level source status is documented in supplementary_case_sources.csv.
data/polity_period_records.csv,17,relative_pop,0.05,canonical_csv_input,subjective_ai_assisted_input_value,high,ヴェネツィア共和国,Published canonical input; retained from the legacy AI-assisted exploratory coding and not calculated from a public dataset.
data/polity_period_records.csv,17,stock_index,0.4,canonical_csv_input,subjective_ai_assisted_input_value,high,ヴェネツィア共和国,Published canonical input; retained from the legacy AI-assisted exploratory coding and not calculated from a public dataset.
data/polity_period_records.csv,17,tech_position,0.7,canonical_csv_input,subjective_ai_assisted_input_value,high,ヴェネツィア共和国,Published canonical input; retained from the legacy AI-assisted exploratory coding and not calculated from a public dataset.
data/polity_period_records.csv,17,trade_openness,0.95,canonical_csv_input,subjective_ai_assisted_input_value,high,ヴェネツィア共和国,Published canonical input; retained from the legacy AI-assisted exploratory coding and not calculated from a public dataset.
data/polity_period_records.csv,18,external_threat,0.6,canonical_csv_input,subjective_ai_assisted_input_value,high,ハンザ同盟,Published canonical input; retained from the legacy AI-assisted exploratory coding and not calculated from a public dataset.
data/polity_period_records.csv,18,geo_barrier,0.2,canonical_csv_input,subjective_ai_assisted_input_value,high,ハンザ同盟,Published canonical input; retained from the legacy AI-assisted exploratory coding and not calculated from a public dataset.
data/polity_period_records.csv,18,has_external_patron,0,canonical_csv_input,historically_anchored_input_value,medium,ハンザ同盟,Published canonical historical input; field-level source status is documented in supplementary_case_sources.csv.
data/polity_period_records.csv,18,institutional_quality,0.5,canonical_csv_input,subjective_ai_assisted_input_value,high,ハンザ同盟,Published canonical input; retained from the legacy AI-assisted exploratory coding and not calculated from a public dataset.
data/polity_period_records.csv,18,regime_duration_yrs,469,canonical_csv_input,historically_anchored_input_value,medium,ハンザ同盟,Published canonical historical input; field-level source status is documented in supplementary_case_sources.csv.
data/polity_period_records.csv,18,relative_pop,0.1,canonical_csv_input,subjective_ai_assisted_input_value,high,ハンザ同盟,Published canonical input; retained from the legacy AI-assisted exploratory coding and not calculated from a public dataset.
data/polity_period_records.csv,18,stock_index,0.3,canonical_csv_input,subjective_ai_assisted_input_value,high,ハンザ同盟,Published canonical input; retained from the legacy AI-assisted exploratory coding and not calculated from a public dataset.
data/polity_period_records.csv,18,tech_position,0.6,canonical_csv_input,subjective_ai_assisted_input_value,high,ハンザ同盟,Published canonical input; retained from the legacy AI-assisted exploratory coding and not calculated from a public dataset.
data/polity_period_records.csv,18,trade_openness,0.9,canonical_csv_input,subjective_ai_assisted_input_value,high,ハンザ同盟,Published canonical input; retained from the legacy AI-assisted exploratory coding and not calculated from a public dataset.
data/polity_period_records.csv,19,external_threat,0.5,canonical_csv_input,subjective_ai_assisted_input_value,high,オスマン帝国（前期）,Published canonical input; retained from the legacy AI-assisted exploratory coding and not calculated from a public dataset.
data/polity_period_records.csv,19,geo_barrier,0.5,canonical_csv_input,subjective_ai_assisted_input_value,high,オスマン帝国（前期）,Published canonical input; retained from the legacy AI-assisted exploratory coding and not calculated from a public dataset.
data/polity_period_records.csv,19,has_external_patron,0,canonical_csv_input,historically_anchored_input_value,medium,オスマン帝国（前期）,Published canonical historical input; field-level source status is documented in supplementary_case_sources.csv.
data/polity_period_records.csv,19,institutional_quality,0.7,canonical_csv_input,subjective_ai_assisted_input_value,high,オスマン帝国（前期）,Published canonical input; retained from the legacy AI-assisted exploratory coding and not calculated from a public dataset.
data/polity_period_records.csv,19,regime_duration_yrs,300,canonical_csv_input,historically_anchored_input_value,medium,オスマン帝国（前期）,Published canonical historical input; field-level source status is documented in supplementary_case_sources.csv.
data/polity_period_records.csv,19,relative_pop,0.6,canonical_csv_input,subjective_ai_assisted_input_value,high,オスマン帝国（前期）,Published canonical input; retained from the legacy AI-assisted exploratory coding and not calculated from a public dataset.
data/polity_period_records.csv,19,stock_index,0.5,canonical_csv_input,subjective_ai_assisted_input_value,high,オスマン帝国（前期）,Published canonical input; retained from the legacy AI-assisted exploratory coding and not calculated from a public dataset.
data/polity_period_records.csv,19,tech_position,0.8,canonical_csv_input,subjective_ai_assisted_input_value,high,オスマン帝国（前期）,Published canonical input; retained from the legacy AI-assisted exploratory coding and not calculated from a public dataset.
data/polity_period_records.csv,19,trade_openness,0.65,canonical_csv_input,subjective_ai_assisted_input_value,high,オスマン帝国（前期）,Published canonical input; retained from the legacy AI-assisted exploratory coding and not calculated from a public dataset.
data/polity_period_records.csv,20,external_threat,0.9,canonical_csv_input,subjective_ai_assisted_input_value,high,オスマン帝国（後期）,Published canonical input; retained from the legacy AI-assisted exploratory coding and not calculated from a public dataset.
data/polity_period_records.csv,20,geo_barrier,0.4,canonical_csv_input,subjective_ai_assisted_input_value,high,オスマン帝国（後期）,Published canonical input; retained from the legacy AI-assisted exploratory coding and not calculated from a public dataset.
data/polity_period_records.csv,20,has_external_patron,0,canonical_csv_input,historically_anchored_input_value,medium,オスマン帝国（後期）,Published canonical historical input; field-level source status is documented in supplementary_case_sources.csv.
data/polity_period_records.csv,20,institutional_quality,0.3,canonical_csv_input,subjective_ai_assisted_input_value,high,オスマン帝国（後期）,Published canonical input; retained from the legacy AI-assisted exploratory coding and not calculated from a public dataset.
data/polity_period_records.csv,20,regime_duration_yrs,322,canonical_csv_input,historically_anchored_input_value,medium,オスマン帝国（後期）,Published canonical historical input; field-level source status is documented in supplementary_case_sources.csv.
data/polity_period_records.csv,20,relative_pop,0.3,canonical_csv_input,subjective_ai_assisted_input_value,high,オスマン帝国（後期）,Published canonical input; retained from the legacy AI-assisted exploratory coding and not calculated from a public dataset.
data/polity_period_records.csv,20,stock_index,0.55,canonical_csv_input,subjective_ai_assisted_input_value,high,オスマン帝国（後期）,Published canonical input; retained from the legacy AI-assisted exploratory coding and not calculated from a public dataset.
data/polity_period_records.csv,20,tech_position,0.3,canonical_csv_input,subjective_ai_assisted_input_value,high,オスマン帝国（後期）,Published canonical input; retained from the legacy AI-assisted exploratory coding and not calculated from a public dataset.
data/polity_period_records.csv,20,trade_openness,0.3,canonical_csv_input,subjective_ai_assisted_input_value,high,オスマン帝国（後期）,Published canonical input; retained from the legacy AI-assisted exploratory coding and not calculated from a public dataset.
data/polity_period_records.csv,21,external_threat,0.7,canonical_csv_input,subjective_ai_assisted_input_value,high,明朝中国,Published canonical input; retained from the legacy AI-assisted exploratory coding and not calculated from a public dataset.
data/polity_period_records.csv,21,geo_barrier,0.6,canonical_csv_input,subjective_ai_assisted_input_value,high,明朝中国,Published canonical input; retained from the legacy AI-assisted exploratory coding and not calculated from a public dataset.
data/polity_period_records.csv,21,has_external_patron,0,canonical_csv_input,historically_anchored_input_value,medium,明朝中国,Published canonical historical input; field-level source status is documented in supplementary_case_sources.csv.
data/polity_period_records.csv,21,institutional_quality,0.6,canonical_csv_input,subjective_ai_assisted_input_value,high,明朝中国,Published canonical input; retained from the legacy AI-assisted exploratory coding and not calculated from a public dataset.
data/polity_period_records.csv,21,regime_duration_yrs,276,canonical_csv_input,historically_anchored_input_value,medium,明朝中国,Published canonical historical input; field-level source status is documented in supplementary_case_sources.csv.
data/polity_period_records.csv,21,relative_pop,0.95,canonical_csv_input,subjective_ai_assisted_input_value,high,明朝中国,Published canonical input; retained from the legacy AI-assisted exploratory coding and not calculated from a public dataset.
data/polity_period_records.csv,21,stock_index,0.8,canonical_csv_input,subjective_ai_assisted_input_value,high,明朝中国,Published canonical input; retained from the legacy AI-assisted exploratory coding and not calculated from a public dataset.
data/polity_period_records.csv,21,tech_position,0.5,canonical_csv_input,subjective_ai_assisted_input_value,high,明朝中国,Published canonical input; retained from the legacy AI-assisted exploratory coding and not calculated from a public dataset.
data/polity_period_records.csv,21,trade_openness,0.15,canonical_csv_input,subjective_ai_assisted_input_value,high,明朝中国,Published canonical input; retained from the legacy AI-assisted exploratory coding and not calculated from a public dataset.
data/polity_period_records.csv,22,external_threat,0.3,canonical_csv_input,subjective_ai_assisted_input_value,high,清朝中国（前期）,Published canonical input; retained from the legacy AI-assisted exploratory coding and not calculated from a public dataset.
data/polity_period_records.csv,22,geo_barrier,0.6,canonical_csv_input,subjective_ai_assisted_input_value,high,清朝中国（前期）,Published canonical input; retained from the legacy AI-assisted exploratory coding and not calculated from a public dataset.
data/polity_period_records.csv,22,has_external_patron,0,canonical_csv_input,historically_anchored_input_value,medium,清朝中国（前期）,Published canonical historical input; field-level source status is documented in supplementary_case_sources.csv.
data/polity_period_records.csv,22,institutional_quality,0.7,canonical_csv_input,subjective_ai_assisted_input_value,high,清朝中国（前期）,Published canonical input; retained from the legacy AI-assisted exploratory coding and not calculated from a public dataset.
data/polity_period_records.csv,22,regime_duration_yrs,156,canonical_csv_input,historically_anchored_input_value,medium,清朝中国（前期）,Published canonical historical input; field-level source status is documented in supplementary_case_sources.csv.
data/polity_period_records.csv,22,relative_pop,0.95,canonical_csv_input,subjective_ai_assisted_input_value,high,清朝中国（前期）,Published canonical input; retained from the legacy AI-assisted exploratory coding and not calculated from a public dataset.
data/polity_period_records.csv,22,stock_index,0.85,canonical_csv_input,subjective_ai_assisted_input_value,high,清朝中国（前期）,Published canonical input; retained from the legacy AI-assisted exploratory coding and not calculated from a public dataset.
data/polity_period_records.csv,22,tech_position,0.5,canonical_csv_input,subjective_ai_assisted_input_value,high,清朝中国（前期）,Published canonical input; retained from the legacy AI-assisted exploratory coding and not calculated from a public dataset.
data/polity_period_records.csv,22,trade_openness,0.2,canonical_csv_input,subjective_ai_assisted_input_value,high,清朝中国（前期）,Published canonical input; retained from the legacy AI-assisted exploratory coding and not calculated from a public dataset.
data/polity_period_records.csv,23,external_threat,0.9,canonical_csv_input,subjective_ai_assisted_input_value,high,清朝中国（後期）,Published canonical input; retained from the legacy AI-assisted exploratory coding and not calculated from a public dataset.
data/polity_period_records.csv,23,geo_barrier,0.5,canonical_csv_input,subjective_ai_assisted_input_value,high,清朝中国（後期）,Published canonical input; retained from the legacy AI-assisted exploratory coding and not calculated from a public dataset.
data/polity_period_records.csv,23,has_external_patron,0,canonical_csv_input,historically_anchored_input_value,medium,清朝中国（後期）,Published canonical historical input; field-level source status is documented in supplementary_case_sources.csv.
data/polity_period_records.csv,23,institutional_quality,0.3,canonical_csv_input,subjective_ai_assisted_input_value,high,清朝中国（後期）,Published canonical input; retained from the legacy AI-assisted exploratory coding and not calculated from a public dataset.
data/polity_period_records.csv,23,regime_duration_yrs,112,canonical_csv_input,historically_anchored_input_value,medium,清朝中国（後期）,Published canonical historical input; field-level source status is documented in supplementary_case_sources.csv.
data/polity_period_records.csv,23,relative_pop,0.9,canonical_csv_input,subjective_ai_assisted_input_value,high,清朝中国（後期）,Published canonical input; retained from the legacy AI-assisted exploratory coding and not calculated from a public dataset.
data/polity_period_records.csv,23,stock_index,0.7,canonical_csv_input,subjective_ai_assisted_input_value,high,清朝中国（後期）,Published canonical input; retained from the legacy AI-assisted exploratory coding and not calculated from a public dataset.
data/polity_period_records.csv,23,tech_position,0.2,canonical_csv_input,subjective_ai_assisted_input_value,high,清朝中国（後期）,Published canonical input; retained from the legacy AI-assisted exploratory coding and not calculated from a public dataset.
data/polity_period_records.csv,23,trade_openness,0.25,canonical_csv_input,subjective_ai_assisted_input_value,high,清朝中国（後期）,Published canonical input; retained from the legacy AI-assisted exploratory coding and not calculated from a public dataset.
data/polity_period_records.csv,24,external_threat,0.8,canonical_csv_input,subjective_ai_assisted_input_value,high,李朝朝鮮,Published canonical input; retained from the legacy AI-assisted exploratory coding and not calculated from a public dataset.
data/polity_period_records.csv,24,geo_barrier,0.5,canonical_csv_input,subjective_ai_assisted_input_value,high,李朝朝鮮,Published canonical input; retained from the legacy AI-assisted exploratory coding and not calculated from a public dataset.
data/polity_period_records.csv,24,has_external_patron,0,canonical_csv_input,historically_anchored_input_value,medium,李朝朝鮮,Published canonical historical input; field-level source status is documented in supplementary_case_sources.csv.
data/polity_period_records.csv,24,institutional_quality,0.5,canonical_csv_input,subjective_ai_assisted_input_value,high,李朝朝鮮,Published canonical input; retained from the legacy AI-assisted exploratory coding and not calculated from a public dataset.
data/polity_period_records.csv,24,regime_duration_yrs,505,canonical_csv_input,historically_anchored_input_value,medium,李朝朝鮮,Published canonical historical input; field-level source status is documented in supplementary_case_sources.csv.
data/polity_period_records.csv,24,relative_pop,0.2,canonical_csv_input,subjective_ai_assisted_input_value,high,李朝朝鮮,Published canonical input; retained from the legacy AI-assisted exploratory coding and not calculated from a public dataset.
data/polity_period_records.csv,24,stock_index,0.55,canonical_csv_input,subjective_ai_assisted_input_value,high,李朝朝鮮,Published canonical input; retained from the legacy AI-assisted exploratory coding and not calculated from a public dataset.
data/polity_period_records.csv,24,tech_position,0.3,canonical_csv_input,subjective_ai_assisted_input_value,high,李朝朝鮮,Published canonical input; retained from the legacy AI-assisted exploratory coding and not calculated from a public dataset.
data/polity_period_records.csv,24,trade_openness,0.1,canonical_csv_input,subjective_ai_assisted_input_value,high,李朝朝鮮,Published canonical input; retained from the legacy AI-assisted exploratory coding and not calculated from a public dataset.
data/polity_period_records.csv,25,external_threat,0.7,canonical_csv_input,subjective_ai_assisted_input_value,high,徳川日本,Published canonical input; retained from the legacy AI-assisted exploratory coding and not calculated from a public dataset.
data/polity_period_records.csv,25,geo_barrier,0.8,canonical_csv_input,subjective_ai_assisted_input_value,high,徳川日本,Published canonical input; retained from the legacy AI-assisted exploratory coding and not calculated from a public dataset.
data/polity_period_records.csv,25,has_external_patron,0,canonical_csv_input,historically_anchored_input_value,medium,徳川日本,Published canonical historical input; field-level source status is documented in supplementary_case_sources.csv.
data/polity_period_records.csv,25,institutional_quality,0.7,canonical_csv_input,subjective_ai_assisted_input_value,high,徳川日本,Published canonical input; retained from the legacy AI-assisted exploratory coding and not calculated from a public dataset.
data/polity_period_records.csv,25,regime_duration_yrs,265,canonical_csv_input,historically_anchored_input_value,medium,徳川日本,Published canonical historical input; field-level source status is documented in supplementary_case_sources.csv.
data/polity_period_records.csv,25,relative_pop,0.3,canonical_csv_input,subjective_ai_assisted_input_value,high,徳川日本,Published canonical input; retained from the legacy AI-assisted exploratory coding and not calculated from a public dataset.
data/polity_period_records.csv,25,stock_index,0.65,canonical_csv_input,subjective_ai_assisted_input_value,high,徳川日本,Published canonical input; retained from the legacy AI-assisted exploratory coding and not calculated from a public dataset.
data/polity_period_records.csv,25,tech_position,0.3,canonical_csv_input,subjective_ai_assisted_input_value,high,徳川日本,Published canonical input; retained from the legacy AI-assisted exploratory coding and not calculated from a public dataset.
data/polity_period_records.csv,25,trade_openness,0.05,canonical_csv_input,subjective_ai_assisted_input_value,high,徳川日本,Published canonical input; retained from the legacy AI-assisted exploratory coding and not calculated from a public dataset.
data/polity_period_records.csv,26,external_threat,0.9,canonical_csv_input,subjective_ai_assisted_input_value,high,ムガル帝国（後期）,Published canonical input; retained from the legacy AI-assisted exploratory coding and not calculated from a public dataset.
data/polity_period_records.csv,26,geo_barrier,0.5,canonical_csv_input,subjective_ai_assisted_input_value,high,ムガル帝国（後期）,Published canonical input; retained from the legacy AI-assisted exploratory coding and not calculated from a public dataset.
data/polity_period_records.csv,26,has_external_patron,0,canonical_csv_input,historically_anchored_input_value,medium,ムガル帝国（後期）,Published canonical historical input; field-level source status is documented in supplementary_case_sources.csv.
data/polity_period_records.csv,26,institutional_quality,0.3,canonical_csv_input,subjective_ai_assisted_input_value,high,ムガル帝国（後期）,Published canonical input; retained from the legacy AI-assisted exploratory coding and not calculated from a public dataset.
data/polity_period_records.csv,26,regime_duration_yrs,157,canonical_csv_input,historically_anchored_input_value,medium,ムガル帝国（後期）,Published canonical historical input; field-level source status is documented in supplementary_case_sources.csv.
data/polity_period_records.csv,26,relative_pop,0.8,canonical_csv_input,subjective_ai_assisted_input_value,high,ムガル帝国（後期）,Published canonical input; retained from the legacy AI-assisted exploratory coding and not calculated from a public dataset.
data/polity_period_records.csv,26,stock_index,0.6,canonical_csv_input,subjective_ai_assisted_input_value,high,ムガル帝国（後期）,Published canonical input; retained from the legacy AI-assisted exploratory coding and not calculated from a public dataset.
data/polity_period_records.csv,26,tech_position,0.3,canonical_csv_input,subjective_ai_assisted_input_value,high,ムガル帝国（後期）,Published canonical input; retained from the legacy AI-assisted exploratory coding and not calculated from a public dataset.
data/polity_period_records.csv,26,trade_openness,0.3,canonical_csv_input,subjective_ai_assisted_input_value,high,ムガル帝国（後期）,Published canonical input; retained from the legacy AI-assisted exploratory coding and not calculated from a public dataset.
data/polity_period_records.csv,27,external_threat,0.7,canonical_csv_input,subjective_ai_assisted_input_value,high,サファヴィー朝ペルシア,Published canonical input; retained from the legacy AI-assisted exploratory coding and not calculated from a public dataset.
data/polity_period_records.csv,27,geo_barrier,0.5,canonical_csv_input,subjective_ai_assisted_input_value,high,サファヴィー朝ペルシア,Published canonical input; retained from the legacy AI-assisted exploratory coding and not calculated from a public dataset.
data/polity_period_records.csv,27,has_external_patron,0,canonical_csv_input,historically_anchored_input_value,medium,サファヴィー朝ペルシア,Published canonical historical input; field-level source status is documented in supplementary_case_sources.csv.
data/polity_period_records.csv,27,institutional_quality,0.4,canonical_csv_input,subjective_ai_assisted_input_value,high,サファヴィー朝ペルシア,Published canonical input; retained from the legacy AI-assisted exploratory coding and not calculated from a public dataset.
data/polity_period_records.csv,27,regime_duration_yrs,235,canonical_csv_input,historically_anchored_input_value,medium,サファヴィー朝ペルシア,Published canonical historical input; field-level source status is documented in supplementary_case_sources.csv.
data/polity_period_records.csv,27,relative_pop,0.3,canonical_csv_input,subjective_ai_assisted_input_value,high,サファヴィー朝ペルシア,Published canonical input; retained from the legacy AI-assisted exploratory coding and not calculated from a public dataset.
data/polity_period_records.csv,27,stock_index,0.55,canonical_csv_input,subjective_ai_assisted_input_value,high,サファヴィー朝ペルシア,Published canonical input; retained from the legacy AI-assisted exploratory coding and not calculated from a public dataset.
data/polity_period_records.csv,27,tech_position,0.5,canonical_csv_input,subjective_ai_assisted_input_value,high,サファヴィー朝ペルシア,Published canonical input; retained from the legacy AI-assisted exploratory coding and not calculated from a public dataset.
data/polity_period_records.csv,27,trade_openness,0.35,canonical_csv_input,subjective_ai_assisted_input_value,high,サファヴィー朝ペルシア,Published canonical input; retained from the legacy AI-assisted exploratory coding and not calculated from a public dataset.
data/polity_period_records.csv,28,external_threat,0.9,canonical_csv_input,subjective_ai_assisted_input_value,high,インカ帝国,Published canonical input; retained from the legacy AI-assisted exploratory coding and not calculated from a public dataset.
data/polity_period_records.csv,28,geo_barrier,0.7,canonical_csv_input,subjective_ai_assisted_input_value,high,インカ帝国,Published canonical input; retained from the legacy AI-assisted exploratory coding and not calculated from a public dataset.
data/polity_period_records.csv,28,has_external_patron,0,canonical_csv_input,historically_anchored_input_value,medium,インカ帝国,Published canonical historical input; field-level source status is documented in supplementary_case_sources.csv.
data/polity_period_records.csv,28,institutional_quality,0.5,canonical_csv_input,subjective_ai_assisted_input_value,high,インカ帝国,Published canonical input; retained from the legacy AI-assisted exploratory coding and not calculated from a public dataset.
data/polity_period_records.csv,28,regime_duration_yrs,95,canonical_csv_input,historically_anchored_input_value,medium,インカ帝国,Published canonical historical input; field-level source status is documented in supplementary_case_sources.csv.
data/polity_period_records.csv,28,relative_pop,0.3,canonical_csv_input,subjective_ai_assisted_input_value,high,インカ帝国,Published canonical input; retained from the legacy AI-assisted exploratory coding and not calculated from a public dataset.
data/polity_period_records.csv,28,stock_index,0.55,canonical_csv_input,subjective_ai_assisted_input_value,high,インカ帝国,Published canonical input; retained from the legacy AI-assisted exploratory coding and not calculated from a public dataset.
data/polity_period_records.csv,28,tech_position,0.1,canonical_csv_input,subjective_ai_assisted_input_value,high,インカ帝国,Published canonical input; retained from the legacy AI-assisted exploratory coding and not calculated from a public dataset.
data/polity_period_records.csv,28,trade_openness,0.05,canonical_csv_input,subjective_ai_assisted_input_value,high,インカ帝国,Published canonical input; retained from the legacy AI-assisted exploratory coding and not calculated from a public dataset.
data/polity_period_records.csv,29,external_threat,0.9,canonical_csv_input,subjective_ai_assisted_input_value,high,アステカ帝国,Published canonical input; retained from the legacy AI-assisted exploratory coding and not calculated from a public dataset.
data/polity_period_records.csv,29,geo_barrier,0.4,canonical_csv_input,subjective_ai_assisted_input_value,high,アステカ帝国,Published canonical input; retained from the legacy AI-assisted exploratory coding and not calculated from a public dataset.
data/polity_period_records.csv,29,has_external_patron,0,canonical_csv_input,historically_anchored_input_value,medium,アステカ帝国,Published canonical historical input; field-level source status is documented in supplementary_case_sources.csv.
data/polity_period_records.csv,29,institutional_quality,0.4,canonical_csv_input,subjective_ai_assisted_input_value,high,アステカ帝国,Published canonical input; retained from the legacy AI-assisted exploratory coding and not calculated from a public dataset.
data/polity_period_records.csv,29,regime_duration_yrs,93,canonical_csv_input,historically_anchored_input_value,medium,アステカ帝国,Published canonical historical input; field-level source status is documented in supplementary_case_sources.csv.
data/polity_period_records.csv,29,relative_pop,0.3,canonical_csv_input,subjective_ai_assisted_input_value,high,アステカ帝国,Published canonical input; retained from the legacy AI-assisted exploratory coding and not calculated from a public dataset.
data/polity_period_records.csv,29,stock_index,0.5,canonical_csv_input,subjective_ai_assisted_input_value,high,アステカ帝国,Published canonical input; retained from the legacy AI-assisted exploratory coding and not calculated from a public dataset.
data/polity_period_records.csv,29,tech_position,0.1,canonical_csv_input,subjective_ai_assisted_input_value,high,アステカ帝国,Published canonical input; retained from the legacy AI-assisted exploratory coding and not calculated from a public dataset.
data/polity_period_records.csv,29,trade_openness,0.1,canonical_csv_input,subjective_ai_assisted_input_value,high,アステカ帝国,Published canonical input; retained from the legacy AI-assisted exploratory coding and not calculated from a public dataset.
data/polity_period_records.csv,30,external_threat,0.7,canonical_csv_input,subjective_ai_assisted_input_value,high,ポルトガル帝国,Published canonical input; retained from the legacy AI-assisted exploratory coding and not calculated from a public dataset.
data/polity_period_records.csv,30,geo_barrier,0.5,canonical_csv_input,subjective_ai_assisted_input_value,high,ポルトガル帝国,Published canonical input; retained from the legacy AI-assisted exploratory coding and not calculated from a public dataset.
data/polity_period_records.csv,30,has_external_patron,0,canonical_csv_input,historically_anchored_input_value,medium,ポルトガル帝国,Published canonical historical input; field-level source status is documented in supplementary_case_sources.csv.
data/polity_period_records.csv,30,institutional_quality,0.5,canonical_csv_input,subjective_ai_assisted_input_value,high,ポルトガル帝国,Published canonical input; retained from the legacy AI-assisted exploratory coding and not calculated from a public dataset.
data/polity_period_records.csv,30,regime_duration_yrs,165,canonical_csv_input,historically_anchored_input_value,medium,ポルトガル帝国,Published canonical historical input; field-level source status is documented in supplementary_case_sources.csv.
data/polity_period_records.csv,30,relative_pop,0.05,canonical_csv_input,subjective_ai_assisted_input_value,high,ポルトガル帝国,Published canonical input; retained from the legacy AI-assisted exploratory coding and not calculated from a public dataset.
data/polity_period_records.csv,30,stock_index,0.3,canonical_csv_input,subjective_ai_assisted_input_value,high,ポルトガル帝国,Published canonical input; retained from the legacy AI-assisted exploratory coding and not calculated from a public dataset.
data/polity_period_records.csv,30,tech_position,0.8,canonical_csv_input,subjective_ai_assisted_input_value,high,ポルトガル帝国,Published canonical input; retained from the legacy AI-assisted exploratory coding and not calculated from a public dataset.
data/polity_period_records.csv,30,trade_openness,0.9,canonical_csv_input,subjective_ai_assisted_input_value,high,ポルトガル帝国,Published canonical input; retained from the legacy AI-assisted exploratory coding and not calculated from a public dataset.
data/polity_period_records.csv,31,external_threat,0.8,canonical_csv_input,subjective_ai_assisted_input_value,high,オランダ共和国,Published canonical input; retained from the legacy AI-assisted exploratory coding and not calculated from a public dataset.
data/polity_period_records.csv,31,geo_barrier,0.3,canonical_csv_input,subjective_ai_assisted_input_value,high,オランダ共和国,Published canonical input; retained from the legacy AI-assisted exploratory coding and not calculated from a public dataset.
data/polity_period_records.csv,31,has_external_patron,0,canonical_csv_input,historically_anchored_input_value,medium,オランダ共和国,Published canonical historical input; field-level source status is documented in supplementary_case_sources.csv.
data/polity_period_records.csv,31,institutional_quality,0.8,canonical_csv_input,subjective_ai_assisted_input_value,high,オランダ共和国,Published canonical input; retained from the legacy AI-assisted exploratory coding and not calculated from a public dataset.
data/polity_period_records.csv,31,regime_duration_yrs,214,canonical_csv_input,historically_anchored_input_value,medium,オランダ共和国,Published canonical historical input; field-level source status is documented in supplementary_case_sources.csv.
data/polity_period_records.csv,31,relative_pop,0.05,canonical_csv_input,subjective_ai_assisted_input_value,high,オランダ共和国,Published canonical input; retained from the legacy AI-assisted exploratory coding and not calculated from a public dataset.
data/polity_period_records.csv,31,stock_index,0.35,canonical_csv_input,subjective_ai_assisted_input_value,high,オランダ共和国,Published canonical input; retained from the legacy AI-assisted exploratory coding and not calculated from a public dataset.
data/polity_period_records.csv,31,tech_position,0.8,canonical_csv_input,subjective_ai_assisted_input_value,high,オランダ共和国,Published canonical input; retained from the legacy AI-assisted exploratory coding and not calculated from a public dataset.
data/polity_period_records.csv,31,trade_openness,0.95,canonical_csv_input,subjective_ai_assisted_input_value,high,オランダ共和国,Published canonical input; retained from the legacy AI-assisted exploratory coding and not calculated from a public dataset.
data/polity_period_records.csv,32,external_threat,0.7,canonical_csv_input,subjective_ai_assisted_input_value,high,スペイン帝国,Published canonical input; retained from the legacy AI-assisted exploratory coding and not calculated from a public dataset.
data/polity_period_records.csv,32,geo_barrier,0.6,canonical_csv_input,subjective_ai_assisted_input_value,high,スペイン帝国,Published canonical input; retained from the legacy AI-assisted exploratory coding and not calculated from a public dataset.
data/polity_period_records.csv,32,has_external_patron,0,canonical_csv_input,historically_anchored_input_value,medium,スペイン帝国,Published canonical historical input; field-level source status is documented in supplementary_case_sources.csv.
data/polity_period_records.csv,32,institutional_quality,0.4,canonical_csv_input,subjective_ai_assisted_input_value,high,スペイン帝国,Published canonical input; retained from the legacy AI-assisted exploratory coding and not calculated from a public dataset.
data/polity_period_records.csv,32,regime_duration_yrs,316,canonical_csv_input,historically_anchored_input_value,medium,スペイン帝国,Published canonical historical input; field-level source status is documented in supplementary_case_sources.csv.
data/polity_period_records.csv,32,relative_pop,0.2,canonical_csv_input,subjective_ai_assisted_input_value,high,スペイン帝国,Published canonical input; retained from the legacy AI-assisted exploratory coding and not calculated from a public dataset.
data/polity_period_records.csv,32,stock_index,0.4,canonical_csv_input,subjective_ai_assisted_input_value,high,スペイン帝国,Published canonical input; retained from the legacy AI-assisted exploratory coding and not calculated from a public dataset.
data/polity_period_records.csv,32,tech_position,0.5,canonical_csv_input,subjective_ai_assisted_input_value,high,スペイン帝国,Published canonical input; retained from the legacy AI-assisted exploratory coding and not calculated from a public dataset.
data/polity_period_records.csv,32,trade_openness,0.6,canonical_csv_input,subjective_ai_assisted_input_value,high,スペイン帝国,Published canonical input; retained from the legacy AI-assisted exploratory coding and not calculated from a public dataset.
data/polity_period_records.csv,33,external_threat,0.4,canonical_csv_input,subjective_ai_assisted_input_value,high,ムガル帝国（前期）,Published canonical input; retained from the legacy AI-assisted exploratory coding and not calculated from a public dataset.
data/polity_period_records.csv,33,geo_barrier,0.5,canonical_csv_input,subjective_ai_assisted_input_value,high,ムガル帝国（前期）,Published canonical input; retained from the legacy AI-assisted exploratory coding and not calculated from a public dataset.
data/polity_period_records.csv,33,has_external_patron,0,canonical_csv_input,historically_anchored_input_value,medium,ムガル帝国（前期）,Published canonical historical input; field-level source status is documented in supplementary_case_sources.csv.
data/polity_period_records.csv,33,institutional_quality,0.6,canonical_csv_input,subjective_ai_assisted_input_value,high,ムガル帝国（前期）,Published canonical input; retained from the legacy AI-assisted exploratory coding and not calculated from a public dataset.
data/polity_period_records.csv,33,regime_duration_yrs,174,canonical_csv_input,historically_anchored_input_value,medium,ムガル帝国（前期）,Published canonical historical input; field-level source status is documented in supplementary_case_sources.csv.
data/polity_period_records.csv,33,relative_pop,0.8,canonical_csv_input,subjective_ai_assisted_input_value,high,ムガル帝国（前期）,Published canonical input; retained from the legacy AI-assisted exploratory coding and not calculated from a public dataset.
data/polity_period_records.csv,33,stock_index,0.55,canonical_csv_input,subjective_ai_assisted_input_value,high,ムガル帝国（前期）,Published canonical input; retained from the legacy AI-assisted exploratory coding and not calculated from a public dataset.
data/polity_period_records.csv,33,tech_position,0.6,canonical_csv_input,subjective_ai_assisted_input_value,high,ムガル帝国（前期）,Published canonical input; retained from the legacy AI-assisted exploratory coding and not calculated from a public dataset.
data/polity_period_records.csv,33,trade_openness,0.6,canonical_csv_input,subjective_ai_assisted_input_value,high,ムガル帝国（前期）,Published canonical input; retained from the legacy AI-assisted exploratory coding and not calculated from a public dataset.
data/polity_period_records.csv,34,external_threat,0.6,canonical_csv_input,subjective_ai_assisted_input_value,high,大英帝国,Published canonical input; retained from the legacy AI-assisted exploratory coding and not calculated from a public dataset.
data/polity_period_records.csv,34,geo_barrier,0.8,canonical_csv_input,subjective_ai_assisted_input_value,high,大英帝国,Published canonical input; retained from the legacy AI-assisted exploratory coding and not calculated from a public dataset.
data/polity_period_records.csv,34,has_external_patron,0,canonical_csv_input,historically_anchored_input_value,medium,大英帝国,Published canonical historical input; field-level source status is documented in supplementary_case_sources.csv.
data/polity_period_records.csv,34,institutional_quality,0.9,canonical_csv_input,subjective_ai_assisted_input_value,high,大英帝国,Published canonical input; retained from the legacy AI-assisted exploratory coding and not calculated from a public dataset.
data/polity_period_records.csv,34,regime_duration_yrs,130,canonical_csv_input,historically_anchored_input_value,medium,大英帝国,Published canonical historical input; field-level source status is documented in supplementary_case_sources.csv.
data/polity_period_records.csv,34,relative_pop,0.3,canonical_csv_input,subjective_ai_assisted_input_value,high,大英帝国,Published canonical input; retained from the legacy AI-assisted exploratory coding and not calculated from a public dataset.
data/polity_period_records.csv,34,stock_index,0.65,canonical_csv_input,subjective_ai_assisted_input_value,high,大英帝国,Published canonical input; retained from the legacy AI-assisted exploratory coding and not calculated from a public dataset.
data/polity_period_records.csv,34,tech_position,0.9,canonical_csv_input,subjective_ai_assisted_input_value,high,大英帝国,Published canonical input; retained from the legacy AI-assisted exploratory coding and not calculated from a public dataset.
data/polity_period_records.csv,34,trade_openness,0.85,canonical_csv_input,subjective_ai_assisted_input_value,high,大英帝国,Published canonical input; retained from the legacy AI-assisted exploratory coding and not calculated from a public dataset.
data/polity_period_records.csv,35,external_threat,0.2,canonical_csv_input,subjective_ai_assisted_input_value,high,米国（モンロー主義期）,Published canonical input; retained from the legacy AI-assisted exploratory coding and not calculated from a public dataset.
data/polity_period_records.csv,35,geo_barrier,0.9,canonical_csv_input,subjective_ai_assisted_input_value,high,米国（モンロー主義期）,Published canonical input; retained from the legacy AI-assisted exploratory coding and not calculated from a public dataset.
data/polity_period_records.csv,35,has_external_patron,0,canonical_csv_input,historically_anchored_input_value,medium,米国（モンロー主義期）,Published canonical historical input; field-level source status is documented in supplementary_case_sources.csv.
data/polity_period_records.csv,35,institutional_quality,0.8,canonical_csv_input,subjective_ai_assisted_input_value,high,米国（モンロー主義期）,Published canonical input; retained from the legacy AI-assisted exploratory coding and not calculated from a public dataset.
data/polity_period_records.csv,35,regime_duration_yrs,75,canonical_csv_input,historically_anchored_input_value,medium,米国（モンロー主義期）,Published canonical historical input; field-level source status is documented in supplementary_case_sources.csv.
data/polity_period_records.csv,35,relative_pop,0.4,canonical_csv_input,subjective_ai_assisted_input_value,high,米国（モンロー主義期）,Published canonical input; retained from the legacy AI-assisted exploratory coding and not calculated from a public dataset.
data/polity_period_records.csv,35,stock_index,0.8,canonical_csv_input,subjective_ai_assisted_input_value,high,米国（モンロー主義期）,Published canonical input; retained from the legacy AI-assisted exploratory coding and not calculated from a public dataset.
data/polity_period_records.csv,35,tech_position,0.7,canonical_csv_input,subjective_ai_assisted_input_value,high,米国（モンロー主義期）,Published canonical input; retained from the legacy AI-assisted exploratory coding and not calculated from a public dataset.
data/polity_period_records.csv,35,trade_openness,0.3,canonical_csv_input,subjective_ai_assisted_input_value,high,米国（モンロー主義期）,Published canonical input; retained from the legacy AI-assisted exploratory coding and not calculated from a public dataset.
data/polity_period_records.csv,36,external_threat,0.5,canonical_csv_input,subjective_ai_assisted_input_value,high,明治〜大正日本,Published canonical input; retained from the legacy AI-assisted exploratory coding and not calculated from a public dataset.
data/polity_period_records.csv,36,geo_barrier,0.8,canonical_csv_input,subjective_ai_assisted_input_value,high,明治〜大正日本,Published canonical input; retained from the legacy AI-assisted exploratory coding and not calculated from a public dataset.
data/polity_period_records.csv,36,has_external_patron,0,canonical_csv_input,historically_anchored_input_value,medium,明治〜大正日本,Published canonical historical input; field-level source status is documented in supplementary_case_sources.csv.
data/polity_period_records.csv,36,institutional_quality,0.7,canonical_csv_input,subjective_ai_assisted_input_value,high,明治〜大正日本,Published canonical input; retained from the legacy AI-assisted exploratory coding and not calculated from a public dataset.
data/polity_period_records.csv,36,regime_duration_yrs,62,canonical_csv_input,historically_anchored_input_value,medium,明治〜大正日本,Published canonical historical input; field-level source status is documented in supplementary_case_sources.csv.
data/polity_period_records.csv,36,relative_pop,0.4,canonical_csv_input,subjective_ai_assisted_input_value,high,明治〜大正日本,Published canonical input; retained from the legacy AI-assisted exploratory coding and not calculated from a public dataset.
data/polity_period_records.csv,36,stock_index,0.55,canonical_csv_input,subjective_ai_assisted_input_value,high,明治〜大正日本,Published canonical input; retained from the legacy AI-assisted exploratory coding and not calculated from a public dataset.
data/polity_period_records.csv,36,tech_position,0.7,canonical_csv_input,subjective_ai_assisted_input_value,high,明治〜大正日本,Published canonical input; retained from the legacy AI-assisted exploratory coding and not calculated from a public dataset.
data/polity_period_records.csv,36,trade_openness,0.65,canonical_csv_input,subjective_ai_assisted_input_value,high,明治〜大正日本,Published canonical input; retained from the legacy AI-assisted exploratory coding and not calculated from a public dataset.
data/polity_period_records.csv,37,external_threat,0.6,canonical_csv_input,subjective_ai_assisted_input_value,high,エチオピア帝国,Published canonical input; retained from the legacy AI-assisted exploratory coding and not calculated from a public dataset.
data/polity_period_records.csv,37,geo_barrier,0.8,canonical_csv_input,subjective_ai_assisted_input_value,high,エチオピア帝国,Published canonical input; retained from the legacy AI-assisted exploratory coding and not calculated from a public dataset.
data/polity_period_records.csv,37,has_external_patron,0,canonical_csv_input,historically_anchored_input_value,medium,エチオピア帝国,Published canonical historical input; field-level source status is documented in supplementary_case_sources.csv.
data/polity_period_records.csv,37,institutional_quality,0.4,canonical_csv_input,subjective_ai_assisted_input_value,high,エチオピア帝国,Published canonical input; retained from the legacy AI-assisted exploratory coding and not calculated from a public dataset.
data/polity_period_records.csv,37,regime_duration_yrs,81,canonical_csv_input,historically_anchored_input_value,medium,エチオピア帝国,Published canonical historical input; field-level source status is documented in supplementary_case_sources.csv.
data/polity_period_records.csv,37,relative_pop,0.2,canonical_csv_input,subjective_ai_assisted_input_value,high,エチオピア帝国,Published canonical input; retained from the legacy AI-assisted exploratory coding and not calculated from a public dataset.
data/polity_period_records.csv,37,stock_index,0.4,canonical_csv_input,subjective_ai_assisted_input_value,high,エチオピア帝国,Published canonical input; retained from the legacy AI-assisted exploratory coding and not calculated from a public dataset.
data/polity_period_records.csv,37,tech_position,0.2,canonical_csv_input,subjective_ai_assisted_input_value,high,エチオピア帝国,Published canonical input; retained from the legacy AI-assisted exploratory coding and not calculated from a public dataset.
data/polity_period_records.csv,37,trade_openness,0.15,canonical_csv_input,subjective_ai_assisted_input_value,high,エチオピア帝国,Published canonical input; retained from the legacy AI-assisted exploratory coding and not calculated from a public dataset.
data/polity_period_records.csv,38,external_threat,0.7,canonical_csv_input,subjective_ai_assisted_input_value,high,シャム（タイ）,Published canonical input; retained from the legacy AI-assisted exploratory coding and not calculated from a public dataset.
data/polity_period_records.csv,38,geo_barrier,0.3,canonical_csv_input,subjective_ai_assisted_input_value,high,シャム（タイ）,Published canonical input; retained from the legacy AI-assisted exploratory coding and not calculated from a public dataset.
data/polity_period_records.csv,38,has_external_patron,0,canonical_csv_input,historically_anchored_input_value,medium,シャム（タイ）,Published canonical historical input; field-level source status is documented in supplementary_case_sources.csv.
data/polity_period_records.csv,38,institutional_quality,0.5,canonical_csv_input,subjective_ai_assisted_input_value,high,シャム（タイ）,Published canonical input; retained from the legacy AI-assisted exploratory coding and not calculated from a public dataset.
data/polity_period_records.csv,38,regime_duration_yrs,150,canonical_csv_input,historically_anchored_input_value,medium,シャム（タイ）,Published canonical historical input; field-level source status is documented in supplementary_case_sources.csv.
data/polity_period_records.csv,38,relative_pop,0.2,canonical_csv_input,subjective_ai_assisted_input_value,high,シャム（タイ）,Published canonical input; retained from the legacy AI-assisted exploratory coding and not calculated from a public dataset.
data/polity_period_records.csv,38,stock_index,0.45,canonical_csv_input,subjective_ai_assisted_input_value,high,シャム（タイ）,Published canonical input; retained from the legacy AI-assisted exploratory coding and not calculated from a public dataset.
data/polity_period_records.csv,38,tech_position,0.4,canonical_csv_input,subjective_ai_assisted_input_value,high,シャム（タイ）,Published canonical input; retained from the legacy AI-assisted exploratory coding and not calculated from a public dataset.
data/polity_period_records.csv,38,trade_openness,0.6,canonical_csv_input,subjective_ai_assisted_input_value,high,シャム（タイ）,Published canonical input; retained from the legacy AI-assisted exploratory coding and not calculated from a public dataset.
data/polity_period_records.csv,39,external_threat,0.5,canonical_csv_input,subjective_ai_assisted_input_value,high,スイス,Published canonical input; retained from the legacy AI-assisted exploratory coding and not calculated from a public dataset.
data/polity_period_records.csv,39,geo_barrier,0.9,canonical_csv_input,subjective_ai_assisted_input_value,high,スイス,Published canonical input; retained from the legacy AI-assisted exploratory coding and not calculated from a public dataset.
data/polity_period_records.csv,39,has_external_patron,0,canonical_csv_input,historically_anchored_input_value,medium,スイス,Published canonical historical input; field-level source status is documented in supplementary_case_sources.csv.
data/polity_period_records.csv,39,institutional_quality,0.9,canonical_csv_input,subjective_ai_assisted_input_value,high,スイス,Published canonical input; retained from the legacy AI-assisted exploratory coding and not calculated from a public dataset.
data/polity_period_records.csv,39,regime_duration_yrs,210,canonical_csv_input,historically_anchored_input_value,medium,スイス,Published canonical historical input; field-level source status is documented in supplementary_case_sources.csv.
data/polity_period_records.csv,39,relative_pop,0.05,canonical_csv_input,subjective_ai_assisted_input_value,high,スイス,Published canonical input; retained from the legacy AI-assisted exploratory coding and not calculated from a public dataset.
data/polity_period_records.csv,39,stock_index,0.75,canonical_csv_input,subjective_ai_assisted_input_value,high,スイス,Published canonical input; retained from the legacy AI-assisted exploratory coding and not calculated from a public dataset.
data/polity_period_records.csv,39,tech_position,0.8,canonical_csv_input,subjective_ai_assisted_input_value,high,スイス,Published canonical input; retained from the legacy AI-assisted exploratory coding and not calculated from a public dataset.
data/polity_period_records.csv,39,trade_openness,0.4,canonical_csv_input,subjective_ai_assisted_input_value,high,スイス,Published canonical input; retained from the legacy AI-assisted exploratory coding and not calculated from a public dataset.
data/polity_period_records.csv,40,external_threat,0.9,canonical_csv_input,subjective_ai_assisted_input_value,high,1930s日本（大東亜共栄圏）,Published canonical input; retained from the legacy AI-assisted exploratory coding and not calculated from a public dataset.
data/polity_period_records.csv,40,geo_barrier,0.7,canonical_csv_input,subjective_ai_assisted_input_value,high,1930s日本（大東亜共栄圏）,Published canonical input; retained from the legacy AI-assisted exploratory coding and not calculated from a public dataset.
data/polity_period_records.csv,40,has_external_patron,0,canonical_csv_input,historically_anchored_input_value,medium,1930s日本（大東亜共栄圏）,Published canonical historical input; field-level source status is documented in supplementary_case_sources.csv.
data/polity_period_records.csv,40,institutional_quality,0.5,canonical_csv_input,subjective_ai_assisted_input_value,high,1930s日本（大東亜共栄圏）,Published canonical input; retained from the legacy AI-assisted exploratory coding and not calculated from a public dataset.
data/polity_period_records.csv,40,regime_duration_yrs,15,canonical_csv_input,historically_anchored_input_value,medium,1930s日本（大東亜共栄圏）,Published canonical historical input; field-level source status is documented in supplementary_case_sources.csv.
data/polity_period_records.csv,40,relative_pop,0.3,canonical_csv_input,subjective_ai_assisted_input_value,high,1930s日本（大東亜共栄圏）,Published canonical input; retained from the legacy AI-assisted exploratory coding and not calculated from a public dataset.
data/polity_period_records.csv,40,stock_index,0.6,canonical_csv_input,subjective_ai_assisted_input_value,high,1930s日本（大東亜共栄圏）,Published canonical input; retained from the legacy AI-assisted exploratory coding and not calculated from a public dataset.
data/polity_period_records.csv,40,tech_position,0.6,canonical_csv_input,subjective_ai_assisted_input_value,high,1930s日本（大東亜共栄圏）,Published canonical input; retained from the legacy AI-assisted exploratory coding and not calculated from a public dataset.
data/polity_period_records.csv,40,trade_openness,0.2,canonical_csv_input,subjective_ai_assisted_input_value,high,1930s日本（大東亜共栄圏）,Published canonical input; retained from the legacy AI-assisted exploratory coding and not calculated from a public dataset.
data/polity_period_records.csv,41,external_threat,0.9,canonical_csv_input,subjective_ai_assisted_input_value,high,ナチスドイツ,Published canonical input; retained from the legacy AI-assisted exploratory coding and not calculated from a public dataset.
data/polity_period_records.csv,41,geo_barrier,0.2,canonical_csv_input,subjective_ai_assisted_input_value,high,ナチスドイツ,Published canonical input; retained from the legacy AI-assisted exploratory coding and not calculated from a public dataset.
data/polity_period_records.csv,41,has_external_patron,0,canonical_csv_input,historically_anchored_input_value,medium,ナチスドイツ,Published canonical historical input; field-level source status is documented in supplementary_case_sources.csv.
data/polity_period_records.csv,41,institutional_quality,0.4,canonical_csv_input,subjective_ai_assisted_input_value,high,ナチスドイツ,Published canonical input; retained from the legacy AI-assisted exploratory coding and not calculated from a public dataset.
data/polity_period_records.csv,41,regime_duration_yrs,12,canonical_csv_input,historically_anchored_input_value,medium,ナチスドイツ,Published canonical historical input; field-level source status is documented in supplementary_case_sources.csv.
data/polity_period_records.csv,41,relative_pop,0.3,canonical_csv_input,subjective_ai_assisted_input_value,high,ナチスドイツ,Published canonical input; retained from the legacy AI-assisted exploratory coding and not calculated from a public dataset.
data/polity_period_records.csv,41,stock_index,0.7,canonical_csv_input,subjective_ai_assisted_input_value,high,ナチスドイツ,Published canonical input; retained from the legacy AI-assisted exploratory coding and not calculated from a public dataset.
data/polity_period_records.csv,41,tech_position,0.9,canonical_csv_input,subjective_ai_assisted_input_value,high,ナチスドイツ,Published canonical input; retained from the legacy AI-assisted exploratory coding and not calculated from a public dataset.
data/polity_period_records.csv,41,trade_openness,0.15,canonical_csv_input,subjective_ai_assisted_input_value,high,ナチスドイツ,Published canonical input; retained from the legacy AI-assisted exploratory coding and not calculated from a public dataset.
data/polity_period_records.csv,42,external_threat,0.8,canonical_csv_input,subjective_ai_assisted_input_value,high,ファシストイタリア,Published canonical input; retained from the legacy AI-assisted exploratory coding and not calculated from a public dataset.
data/polity_period_records.csv,42,geo_barrier,0.5,canonical_csv_input,subjective_ai_assisted_input_value,high,ファシストイタリア,Published canonical input; retained from the legacy AI-assisted exploratory coding and not calculated from a public dataset.
data/polity_period_records.csv,42,has_external_patron,0,canonical_csv_input,historically_anchored_input_value,medium,ファシストイタリア,Published canonical historical input; field-level source status is documented in supplementary_case_sources.csv.
data/polity_period_records.csv,42,institutional_quality,0.3,canonical_csv_input,subjective_ai_assisted_input_value,high,ファシストイタリア,Published canonical input; retained from the legacy AI-assisted exploratory coding and not calculated from a public dataset.
data/polity_period_records.csv,42,regime_duration_yrs,21,canonical_csv_input,historically_anchored_input_value,medium,ファシストイタリア,Published canonical historical input; field-level source status is documented in supplementary_case_sources.csv.
data/polity_period_records.csv,42,relative_pop,0.2,canonical_csv_input,subjective_ai_assisted_input_value,high,ファシストイタリア,Published canonical input; retained from the legacy AI-assisted exploratory coding and not calculated from a public dataset.
data/polity_period_records.csv,42,stock_index,0.5,canonical_csv_input,subjective_ai_assisted_input_value,high,ファシストイタリア,Published canonical input; retained from the legacy AI-assisted exploratory coding and not calculated from a public dataset.
data/polity_period_records.csv,42,tech_position,0.5,canonical_csv_input,subjective_ai_assisted_input_value,high,ファシストイタリア,Published canonical input; retained from the legacy AI-assisted exploratory coding and not calculated from a public dataset.
data/polity_period_records.csv,42,trade_openness,0.2,canonical_csv_input,subjective_ai_assisted_input_value,high,ファシストイタリア,Published canonical input; retained from the legacy AI-assisted exploratory coding and not calculated from a public dataset.
data/polity_period_records.csv,43,external_threat,0.8,canonical_csv_input,subjective_ai_assisted_input_value,high,ソ連,Published canonical input; retained from the legacy AI-assisted exploratory coding and not calculated from a public dataset.
data/polity_period_records.csv,43,geo_barrier,0.6,canonical_csv_input,subjective_ai_assisted_input_value,high,ソ連,Published canonical input; retained from the legacy AI-assisted exploratory coding and not calculated from a public dataset.
data/polity_period_records.csv,43,has_external_patron,0,canonical_csv_input,historically_anchored_input_value,medium,ソ連,Published canonical historical input; field-level source status is documented in supplementary_case_sources.csv.
data/polity_period_records.csv,43,institutional_quality,0.4,canonical_csv_input,subjective_ai_assisted_input_value,high,ソ連,Published canonical input; retained from the legacy AI-assisted exploratory coding and not calculated from a public dataset.
data/polity_period_records.csv,43,regime_duration_yrs,69,canonical_csv_input,historically_anchored_input_value,medium,ソ連,Published canonical historical input; field-level source status is documented in supplementary_case_sources.csv.
data/polity_period_records.csv,43,relative_pop,0.6,canonical_csv_input,subjective_ai_assisted_input_value,high,ソ連,Published canonical input; retained from the legacy AI-assisted exploratory coding and not calculated from a public dataset.
data/polity_period_records.csv,43,stock_index,0.75,canonical_csv_input,subjective_ai_assisted_input_value,high,ソ連,Published canonical input; retained from the legacy AI-assisted exploratory coding and not calculated from a public dataset.
data/polity_period_records.csv,43,tech_position,0.7,canonical_csv_input,subjective_ai_assisted_input_value,high,ソ連,Published canonical input; retained from the legacy AI-assisted exploratory coding and not calculated from a public dataset.
data/polity_period_records.csv,43,trade_openness,0.1,canonical_csv_input,subjective_ai_assisted_input_value,high,ソ連,Published canonical input; retained from the legacy AI-assisted exploratory coding and not calculated from a public dataset.
data/polity_period_records.csv,44,external_threat,0.7,canonical_csv_input,subjective_ai_assisted_input_value,high,東ドイツ,Published canonical input; retained from the legacy AI-assisted exploratory coding and not calculated from a public dataset.
data/polity_period_records.csv,44,geo_barrier,0.1,canonical_csv_input,subjective_ai_assisted_input_value,high,東ドイツ,Published canonical input; retained from the legacy AI-assisted exploratory coding and not calculated from a public dataset.
data/polity_period_records.csv,44,has_external_patron,1,canonical_csv_input,historically_anchored_input_value,medium,東ドイツ,Published canonical historical input; field-level source status is documented in supplementary_case_sources.csv.
data/polity_period_records.csv,44,institutional_quality,0.3,canonical_csv_input,subjective_ai_assisted_input_value,high,東ドイツ,Published canonical input; retained from the legacy AI-assisted exploratory coding and not calculated from a public dataset.
data/polity_period_records.csv,44,regime_duration_yrs,41,canonical_csv_input,historically_anchored_input_value,medium,東ドイツ,Published canonical historical input; field-level source status is documented in supplementary_case_sources.csv.
data/polity_period_records.csv,44,relative_pop,0.1,canonical_csv_input,subjective_ai_assisted_input_value,high,東ドイツ,Published canonical input; retained from the legacy AI-assisted exploratory coding and not calculated from a public dataset.
data/polity_period_records.csv,44,stock_index,0.55,canonical_csv_input,subjective_ai_assisted_input_value,high,東ドイツ,Published canonical input; retained from the legacy AI-assisted exploratory coding and not calculated from a public dataset.
data/polity_period_records.csv,44,tech_position,0.5,canonical_csv_input,subjective_ai_assisted_input_value,high,東ドイツ,Published canonical input; retained from the legacy AI-assisted exploratory coding and not calculated from a public dataset.
data/polity_period_records.csv,44,trade_openness,0.15,canonical_csv_input,subjective_ai_assisted_input_value,high,東ドイツ,Published canonical input; retained from the legacy AI-assisted exploratory coding and not calculated from a public dataset.
data/polity_period_records.csv,45,external_threat,0.5,canonical_csv_input,subjective_ai_assisted_input_value,high,ユーゴスラビア,Published canonical input; retained from the legacy AI-assisted exploratory coding and not calculated from a public dataset.
data/polity_period_records.csv,45,geo_barrier,0.5,canonical_csv_input,subjective_ai_assisted_input_value,high,ユーゴスラビア,Published canonical input; retained from the legacy AI-assisted exploratory coding and not calculated from a public dataset.
data/polity_period_records.csv,45,has_external_patron,0,canonical_csv_input,historically_anchored_input_value,medium,ユーゴスラビア,Published canonical historical input; field-level source status is documented in supplementary_case_sources.csv.
data/polity_period_records.csv,45,institutional_quality,0.3,canonical_csv_input,subjective_ai_assisted_input_value,high,ユーゴスラビア,Published canonical input; retained from the legacy AI-assisted exploratory coding and not calculated from a public dataset.
data/polity_period_records.csv,45,regime_duration_yrs,47,canonical_csv_input,historically_anchored_input_value,medium,ユーゴスラビア,Published canonical historical input; field-level source status is documented in supplementary_case_sources.csv.
data/polity_period_records.csv,45,relative_pop,0.1,canonical_csv_input,subjective_ai_assisted_input_value,high,ユーゴスラビア,Published canonical input; retained from the legacy AI-assisted exploratory coding and not calculated from a public dataset.
data/polity_period_records.csv,45,stock_index,0.45,canonical_csv_input,subjective_ai_assisted_input_value,high,ユーゴスラビア,Published canonical input; retained from the legacy AI-assisted exploratory coding and not calculated from a public dataset.
data/polity_period_records.csv,45,tech_position,0.4,canonical_csv_input,subjective_ai_assisted_input_value,high,ユーゴスラビア,Published canonical input; retained from the legacy AI-assisted exploratory coding and not calculated from a public dataset.
data/polity_period_records.csv,45,trade_openness,0.3,canonical_csv_input,subjective_ai_assisted_input_value,high,ユーゴスラビア,Published canonical input; retained from the legacy AI-assisted exploratory coding and not calculated from a public dataset.
data/polity_period_records.csv,46,external_threat,0.7,canonical_csv_input,subjective_ai_assisted_input_value,high,英国帝国特恵制度,Published canonical input; retained from the legacy AI-assisted exploratory coding and not calculated from a public dataset.
data/polity_period_records.csv,46,geo_barrier,0.8,canonical_csv_input,subjective_ai_assisted_input_value,high,英国帝国特恵制度,Published canonical input; retained from the legacy AI-assisted exploratory coding and not calculated from a public dataset.
data/polity_period_records.csv,46,has_external_patron,0,canonical_csv_input,historically_anchored_input_value,medium,英国帝国特恵制度,Published canonical historical input; field-level source status is documented in supplementary_case_sources.csv.
data/polity_period_records.csv,46,institutional_quality,0.8,canonical_csv_input,subjective_ai_assisted_input_value,high,英国帝国特恵制度,Published canonical input; retained from the legacy AI-assisted exploratory coding and not calculated from a public dataset.
data/polity_period_records.csv,46,regime_duration_yrs,28,canonical_csv_input,historically_anchored_input_value,medium,英国帝国特恵制度,Published canonical historical input; field-level source status is documented in supplementary_case_sources.csv.
data/polity_period_records.csv,46,relative_pop,0.3,canonical_csv_input,subjective_ai_assisted_input_value,high,英国帝国特恵制度,Published canonical input; retained from the legacy AI-assisted exploratory coding and not calculated from a public dataset.
data/polity_period_records.csv,46,stock_index,0.65,canonical_csv_input,subjective_ai_assisted_input_value,high,英国帝国特恵制度,Published canonical input; retained from the legacy AI-assisted exploratory coding and not calculated from a public dataset.
data/polity_period_records.csv,46,tech_position,0.7,canonical_csv_input,subjective_ai_assisted_input_value,high,英国帝国特恵制度,Published canonical input; retained from the legacy AI-assisted exploratory coding and not calculated from a public dataset.
data/polity_period_records.csv,46,trade_openness,0.55,canonical_csv_input,subjective_ai_assisted_input_value,high,英国帝国特恵制度,Published canonical input; retained from the legacy AI-assisted exploratory coding and not calculated from a public dataset.
data/polity_period_records.csv,47,external_threat,0.6,canonical_csv_input,subjective_ai_assisted_input_value,high,米国（戦後〜冷戦期）,Published canonical input; retained from the legacy AI-assisted exploratory coding and not calculated from a public dataset.
data/polity_period_records.csv,47,geo_barrier,0.9,canonical_csv_input,subjective_ai_assisted_input_value,high,米国（戦後〜冷戦期）,Published canonical input; retained from the legacy AI-assisted exploratory coding and not calculated from a public dataset.
data/polity_period_records.csv,47,has_external_patron,0,canonical_csv_input,historically_anchored_input_value,medium,米国（戦後〜冷戦期）,Published canonical historical input; field-level source status is documented in supplementary_case_sources.csv.
data/polity_period_records.csv,47,institutional_quality,0.9,canonical_csv_input,subjective_ai_assisted_input_value,high,米国（戦後〜冷戦期）,Published canonical input; retained from the legacy AI-assisted exploratory coding and not calculated from a public dataset.
data/polity_period_records.csv,47,regime_duration_yrs,46,canonical_csv_input,historically_anchored_input_value,medium,米国（戦後〜冷戦期）,Published canonical historical input; field-level source status is documented in supplementary_case_sources.csv.
data/polity_period_records.csv,47,relative_pop,0.5,canonical_csv_input,subjective_ai_assisted_input_value,high,米国（戦後〜冷戦期）,Published canonical input; retained from the legacy AI-assisted exploratory coding and not calculated from a public dataset.
data/polity_period_records.csv,47,stock_index,0.85,canonical_csv_input,subjective_ai_assisted_input_value,high,米国（戦後〜冷戦期）,Published canonical input; retained from the legacy AI-assisted exploratory coding and not calculated from a public dataset.
data/polity_period_records.csv,47,tech_position,0.95,canonical_csv_input,subjective_ai_assisted_input_value,high,米国（戦後〜冷戦期）,Published canonical input; retained from the legacy AI-assisted exploratory coding and not calculated from a public dataset.
data/polity_period_records.csv,47,trade_openness,0.7,canonical_csv_input,subjective_ai_assisted_input_value,high,米国（戦後〜冷戦期）,Published canonical input; retained from the legacy AI-assisted exploratory coding and not calculated from a public dataset.
data/polity_period_records.csv,48,external_threat,0.3,canonical_csv_input,subjective_ai_assisted_input_value,high,戦後日本（高度成長期）,Published canonical input; retained from the legacy AI-assisted exploratory coding and not calculated from a public dataset.
data/polity_period_records.csv,48,geo_barrier,0.8,canonical_csv_input,subjective_ai_assisted_input_value,high,戦後日本（高度成長期）,Published canonical input; retained from the legacy AI-assisted exploratory coding and not calculated from a public dataset.
data/polity_period_records.csv,48,has_external_patron,1,canonical_csv_input,historically_anchored_input_value,medium,戦後日本（高度成長期）,Published canonical historical input; field-level source status is documented in supplementary_case_sources.csv.
data/polity_period_records.csv,48,institutional_quality,0.7,canonical_csv_input,subjective_ai_assisted_input_value,high,戦後日本（高度成長期）,Published canonical input; retained from the legacy AI-assisted exploratory coding and not calculated from a public dataset.
data/polity_period_records.csv,48,regime_duration_yrs,45,canonical_csv_input,historically_anchored_input_value,medium,戦後日本（高度成長期）,Published canonical historical input; field-level source status is documented in supplementary_case_sources.csv.
data/polity_period_records.csv,48,relative_pop,0.3,canonical_csv_input,subjective_ai_assisted_input_value,high,戦後日本（高度成長期）,Published canonical input; retained from the legacy AI-assisted exploratory coding and not calculated from a public dataset.
data/polity_period_records.csv,48,stock_index,0.65,canonical_csv_input,subjective_ai_assisted_input_value,high,戦後日本（高度成長期）,Published canonical input; retained from the legacy AI-assisted exploratory coding and not calculated from a public dataset.
data/polity_period_records.csv,48,tech_position,0.85,canonical_csv_input,subjective_ai_assisted_input_value,high,戦後日本（高度成長期）,Published canonical input; retained from the legacy AI-assisted exploratory coding and not calculated from a public dataset.
data/polity_period_records.csv,48,trade_openness,0.65,canonical_csv_input,subjective_ai_assisted_input_value,high,戦後日本（高度成長期）,Published canonical input; retained from the legacy AI-assisted exploratory coding and not calculated from a public dataset.
data/polity_period_records.csv,49,external_threat,0.3,canonical_csv_input,subjective_ai_assisted_input_value,high,シンガポール,Published canonical input; retained from the legacy AI-assisted exploratory coding and not calculated from a public dataset.
data/polity_period_records.csv,49,geo_barrier,0.5,canonical_csv_input,subjective_ai_assisted_input_value,high,シンガポール,Published canonical input; retained from the legacy AI-assisted exploratory coding and not calculated from a public dataset.
data/polity_period_records.csv,49,has_external_patron,0,canonical_csv_input,historically_anchored_input_value,medium,シンガポール,Published canonical historical input; field-level source status is documented in supplementary_case_sources.csv.
data/polity_period_records.csv,49,institutional_quality,0.9,canonical_csv_input,subjective_ai_assisted_input_value,high,シンガポール,Published canonical input; retained from the legacy AI-assisted exploratory coding and not calculated from a public dataset.
data/polity_period_records.csv,49,regime_duration_yrs,60,canonical_csv_input,historically_anchored_input_value,medium,シンガポール,Published canonical historical input; field-level source status is documented in supplementary_case_sources.csv.
data/polity_period_records.csv,49,relative_pop,0.01,canonical_csv_input,subjective_ai_assisted_input_value,high,シンガポール,Published canonical input; retained from the legacy AI-assisted exploratory coding and not calculated from a public dataset.
data/polity_period_records.csv,49,stock_index,0.5,canonical_csv_input,subjective_ai_assisted_input_value,high,シンガポール,Published canonical input; retained from the legacy AI-assisted exploratory coding and not calculated from a public dataset.
data/polity_period_records.csv,49,tech_position,0.8,canonical_csv_input,subjective_ai_assisted_input_value,high,シンガポール,Published canonical input; retained from the legacy AI-assisted exploratory coding and not calculated from a public dataset.
data/polity_period_records.csv,49,trade_openness,0.95,canonical_csv_input,subjective_ai_assisted_input_value,high,シンガポール,Published canonical input; retained from the legacy AI-assisted exploratory coding and not calculated from a public dataset.
data/polity_period_records.csv,50,external_threat,0.6,canonical_csv_input,subjective_ai_assisted_input_value,high,韓国,Published canonical input; retained from the legacy AI-assisted exploratory coding and not calculated from a public dataset.
data/polity_period_records.csv,50,geo_barrier,0.5,canonical_csv_input,subjective_ai_assisted_input_value,high,韓国,Published canonical input; retained from the legacy AI-assisted exploratory coding and not calculated from a public dataset.
data/polity_period_records.csv,50,has_external_patron,1,canonical_csv_input,historically_anchored_input_value,medium,韓国,Published canonical historical input; field-level source status is documented in supplementary_case_sources.csv.
data/polity_period_records.csv,50,institutional_quality,0.6,canonical_csv_input,subjective_ai_assisted_input_value,high,韓国,Published canonical input; retained from the legacy AI-assisted exploratory coding and not calculated from a public dataset.
data/polity_period_records.csv,50,regime_duration_yrs,64,canonical_csv_input,historically_anchored_input_value,medium,韓国,Published canonical historical input; field-level source status is documented in supplementary_case_sources.csv.
data/polity_period_records.csv,50,relative_pop,0.15,canonical_csv_input,subjective_ai_assisted_input_value,high,韓国,Published canonical input; retained from the legacy AI-assisted exploratory coding and not calculated from a public dataset.
data/polity_period_records.csv,50,stock_index,0.6,canonical_csv_input,subjective_ai_assisted_input_value,high,韓国,Published canonical input; retained from the legacy AI-assisted exploratory coding and not calculated from a public dataset.
data/polity_period_records.csv,50,tech_position,0.8,canonical_csv_input,subjective_ai_assisted_input_value,high,韓国,Published canonical input; retained from the legacy AI-assisted exploratory coding and not calculated from a public dataset.
data/polity_period_records.csv,50,trade_openness,0.7,canonical_csv_input,subjective_ai_assisted_input_value,high,韓国,Published canonical input; retained from the legacy AI-assisted exploratory coding and not calculated from a public dataset.
data/polity_period_records.csv,51,external_threat,0.7,canonical_csv_input,subjective_ai_assisted_input_value,high,北朝鮮,Published canonical input; retained from the legacy AI-assisted exploratory coding and not calculated from a public dataset.
data/polity_period_records.csv,51,geo_barrier,0.5,canonical_csv_input,subjective_ai_assisted_input_value,high,北朝鮮,Published canonical input; retained from the legacy AI-assisted exploratory coding and not calculated from a public dataset.
data/polity_period_records.csv,51,has_external_patron,1,canonical_csv_input,historically_anchored_input_value,medium,北朝鮮,Published canonical historical input; field-level source status is documented in supplementary_case_sources.csv.
data/polity_period_records.csv,51,institutional_quality,0.2,canonical_csv_input,subjective_ai_assisted_input_value,high,北朝鮮,Published canonical input; retained from the legacy AI-assisted exploratory coding and not calculated from a public dataset.
data/polity_period_records.csv,51,regime_duration_yrs,77,canonical_csv_input,historically_anchored_input_value,medium,北朝鮮,Published canonical historical input; field-level source status is documented in supplementary_case_sources.csv.
data/polity_period_records.csv,51,relative_pop,0.05,canonical_csv_input,subjective_ai_assisted_input_value,high,北朝鮮,Published canonical input; retained from the legacy AI-assisted exploratory coding and not calculated from a public dataset.
data/polity_period_records.csv,51,stock_index,0.35,canonical_csv_input,subjective_ai_assisted_input_value,high,北朝鮮,Published canonical input; retained from the legacy AI-assisted exploratory coding and not calculated from a public dataset.
data/polity_period_records.csv,51,tech_position,0.3,canonical_csv_input,subjective_ai_assisted_input_value,high,北朝鮮,Published canonical input; retained from the legacy AI-assisted exploratory coding and not calculated from a public dataset.
data/polity_period_records.csv,51,trade_openness,0.05,canonical_csv_input,subjective_ai_assisted_input_value,high,北朝鮮,Published canonical input; retained from the legacy AI-assisted exploratory coding and not calculated from a public dataset.
data/polity_period_records.csv,52,external_threat,0.7,canonical_csv_input,subjective_ai_assisted_input_value,high,キューバ,Published canonical input; retained from the legacy AI-assisted exploratory coding and not calculated from a public dataset.
data/polity_period_records.csv,52,geo_barrier,0.7,canonical_csv_input,subjective_ai_assisted_input_value,high,キューバ,Published canonical input; retained from the legacy AI-assisted exploratory coding and not calculated from a public dataset.
data/polity_period_records.csv,52,has_external_patron,1,canonical_csv_input,historically_anchored_input_value,medium,キューバ,Published canonical historical input; field-level source status is documented in supplementary_case_sources.csv.
data/polity_period_records.csv,52,institutional_quality,0.3,canonical_csv_input,subjective_ai_assisted_input_value,high,キューバ,Published canonical input; retained from the legacy AI-assisted exploratory coding and not calculated from a public dataset.
data/polity_period_records.csv,52,regime_duration_yrs,66,canonical_csv_input,historically_anchored_input_value,medium,キューバ,Published canonical historical input; field-level source status is documented in supplementary_case_sources.csv.
data/polity_period_records.csv,52,relative_pop,0.02,canonical_csv_input,subjective_ai_assisted_input_value,high,キューバ,Published canonical input; retained from the legacy AI-assisted exploratory coding and not calculated from a public dataset.
data/polity_period_records.csv,52,stock_index,0.35,canonical_csv_input,subjective_ai_assisted_input_value,high,キューバ,Published canonical input; retained from the legacy AI-assisted exploratory coding and not calculated from a public dataset.
data/polity_period_records.csv,52,tech_position,0.3,canonical_csv_input,subjective_ai_assisted_input_value,high,キューバ,Published canonical input; retained from the legacy AI-assisted exploratory coding and not calculated from a public dataset.
data/polity_period_records.csv,52,trade_openness,0.15,canonical_csv_input,subjective_ai_assisted_input_value,high,キューバ,Published canonical input; retained from the legacy AI-assisted exploratory coding and not calculated from a public dataset.
data/polity_period_records.csv,53,external_threat,0.5,canonical_csv_input,subjective_ai_assisted_input_value,high,現代日本,Published canonical input; retained from the legacy AI-assisted exploratory coding and not calculated from a public dataset.
data/polity_period_records.csv,53,geo_barrier,0.8,canonical_csv_input,subjective_ai_assisted_input_value,high,現代日本,Published canonical input; retained from the legacy AI-assisted exploratory coding and not calculated from a public dataset.
data/polity_period_records.csv,53,has_external_patron,1,canonical_csv_input,historically_anchored_input_value,medium,現代日本,Published canonical historical input; field-level source status is documented in supplementary_case_sources.csv.
data/polity_period_records.csv,53,institutional_quality,0.7,canonical_csv_input,subjective_ai_assisted_input_value,high,現代日本,Published canonical input; retained from the legacy AI-assisted exploratory coding and not calculated from a public dataset.
data/polity_period_records.csv,53,regime_duration_yrs,35,canonical_csv_input,historically_anchored_input_value,medium,現代日本,Published canonical historical input; field-level source status is documented in supplementary_case_sources.csv.
data/polity_period_records.csv,53,relative_pop,0.25,canonical_csv_input,subjective_ai_assisted_input_value,high,現代日本,Published canonical input; retained from the legacy AI-assisted exploratory coding and not calculated from a public dataset.
data/polity_period_records.csv,53,stock_index,0.8,canonical_csv_input,subjective_ai_assisted_input_value,high,現代日本,Published canonical input; retained from the legacy AI-assisted exploratory coding and not calculated from a public dataset.
data/polity_period_records.csv,53,tech_position,0.7,canonical_csv_input,subjective_ai_assisted_input_value,high,現代日本,Published canonical input; retained from the legacy AI-assisted exploratory coding and not calculated from a public dataset.
data/polity_period_records.csv,53,trade_openness,0.35,canonical_csv_input,subjective_ai_assisted_input_value,high,現代日本,Published canonical input; retained from the legacy AI-assisted exploratory coding and not calculated from a public dataset.
data/polity_period_records.csv,54,external_threat,0.5,canonical_csv_input,subjective_ai_assisted_input_value,high,現代中国,Published canonical input; retained from the legacy AI-assisted exploratory coding and not calculated from a public dataset.
data/polity_period_records.csv,54,geo_barrier,0.5,canonical_csv_input,subjective_ai_assisted_input_value,high,現代中国,Published canonical input; retained from the legacy AI-assisted exploratory coding and not calculated from a public dataset.
data/polity_period_records.csv,54,has_external_patron,0,canonical_csv_input,historically_anchored_input_value,medium,現代中国,Published canonical historical input; field-level source status is documented in supplementary_case_sources.csv.
data/polity_period_records.csv,54,institutional_quality,0.5,canonical_csv_input,subjective_ai_assisted_input_value,high,現代中国,Published canonical input; retained from the legacy AI-assisted exploratory coding and not calculated from a public dataset.
data/polity_period_records.csv,54,regime_duration_yrs,47,canonical_csv_input,historically_anchored_input_value,medium,現代中国,Published canonical historical input; field-level source status is documented in supplementary_case_sources.csv.
data/polity_period_records.csv,54,relative_pop,0.95,canonical_csv_input,subjective_ai_assisted_input_value,high,現代中国,Published canonical input; retained from the legacy AI-assisted exploratory coding and not calculated from a public dataset.
data/polity_period_records.csv,54,stock_index,0.75,canonical_csv_input,subjective_ai_assisted_input_value,high,現代中国,Published canonical input; retained from the legacy AI-assisted exploratory coding and not calculated from a public dataset.
data/polity_period_records.csv,54,tech_position,0.75,canonical_csv_input,subjective_ai_assisted_input_value,high,現代中国,Published canonical input; retained from the legacy AI-assisted exploratory coding and not calculated from a public dataset.
data/polity_period_records.csv,54,trade_openness,0.6,canonical_csv_input,subjective_ai_assisted_input_value,high,現代中国,Published canonical input; retained from the legacy AI-assisted exploratory coding and not calculated from a public dataset.
data/polity_period_records.csv,55,external_threat,0.6,canonical_csv_input,subjective_ai_assisted_input_value,high,現代ロシア,Published canonical input; retained from the legacy AI-assisted exploratory coding and not calculated from a public dataset.
data/polity_period_records.csv,55,geo_barrier,0.6,canonical_csv_input,subjective_ai_assisted_input_value,high,現代ロシア,Published canonical input; retained from the legacy AI-assisted exploratory coding and not calculated from a public dataset.
data/polity_period_records.csv,55,has_external_patron,0,canonical_csv_input,historically_anchored_input_value,medium,現代ロシア,Published canonical historical input; field-level source status is documented in supplementary_case_sources.csv.
data/polity_period_records.csv,55,institutional_quality,0.3,canonical_csv_input,subjective_ai_assisted_input_value,high,現代ロシア,Published canonical input; retained from the legacy AI-assisted exploratory coding and not calculated from a public dataset.
data/polity_period_records.csv,55,regime_duration_yrs,34,canonical_csv_input,historically_anchored_input_value,medium,現代ロシア,Published canonical historical input; field-level source status is documented in supplementary_case_sources.csv.
data/polity_period_records.csv,55,relative_pop,0.3,canonical_csv_input,subjective_ai_assisted_input_value,high,現代ロシア,Published canonical input; retained from the legacy AI-assisted exploratory coding and not calculated from a public dataset.
data/polity_period_records.csv,55,stock_index,0.65,canonical_csv_input,subjective_ai_assisted_input_value,high,現代ロシア,Published canonical input; retained from the legacy AI-assisted exploratory coding and not calculated from a public dataset.
data/polity_period_records.csv,55,tech_position,0.5,canonical_csv_input,subjective_ai_assisted_input_value,high,現代ロシア,Published canonical input; retained from the legacy AI-assisted exploratory coding and not calculated from a public dataset.
data/polity_period_records.csv,55,trade_openness,0.3,canonical_csv_input,subjective_ai_assisted_input_value,high,現代ロシア,Published canonical input; retained from the legacy AI-assisted exploratory coding and not calculated from a public dataset.
data/polity_period_records.csv,56,external_threat,0.8,canonical_csv_input,subjective_ai_assisted_input_value,high,マケドニア王国（アレクサンドロス後）,Published canonical input; retained from the legacy AI-assisted exploratory coding and not calculated from a public dataset.
data/polity_period_records.csv,56,geo_barrier,0.3,canonical_csv_input,subjective_ai_assisted_input_value,high,マケドニア王国（アレクサンドロス後）,Published canonical input; retained from the legacy AI-assisted exploratory coding and not calculated from a public dataset.
data/polity_period_records.csv,56,has_external_patron,0,canonical_csv_input,historically_anchored_input_value,medium,マケドニア王国（アレクサンドロス後）,Published canonical historical input; field-level source status is documented in supplementary_case_sources.csv.
data/polity_period_records.csv,56,institutional_quality,0.5,canonical_csv_input,subjective_ai_assisted_input_value,high,マケドニア王国（アレクサンドロス後）,Published canonical input; retained from the legacy AI-assisted exploratory coding and not calculated from a public dataset.
data/polity_period_records.csv,56,regime_duration_yrs,155,canonical_csv_input,historically_anchored_input_value,medium,マケドニア王国（アレクサンドロス後）,Published canonical historical input; field-level source status is documented in supplementary_case_sources.csv.
data/polity_period_records.csv,56,relative_pop,0.2,canonical_csv_input,subjective_ai_assisted_input_value,high,マケドニア王国（アレクサンドロス後）,Published canonical input; retained from the legacy AI-assisted exploratory coding and not calculated from a public dataset.
data/polity_period_records.csv,56,stock_index,0.45,canonical_csv_input,subjective_ai_assisted_input_value,high,マケドニア王国（アレクサンドロス後）,Published canonical input; retained from the legacy AI-assisted exploratory coding and not calculated from a public dataset.
data/polity_period_records.csv,56,tech_position,0.7,canonical_csv_input,subjective_ai_assisted_input_value,high,マケドニア王国（アレクサンドロス後）,Published canonical input; retained from the legacy AI-assisted exploratory coding and not calculated from a public dataset.
data/polity_period_records.csv,56,trade_openness,0.7,canonical_csv_input,subjective_ai_assisted_input_value,high,マケドニア王国（アレクサンドロス後）,Published canonical input; retained from the legacy AI-assisted exploratory coding and not calculated from a public dataset.
data/polity_period_records.csv,57,external_threat,0.8,canonical_csv_input,subjective_ai_assisted_input_value,high,セレウコス朝シリア,Published canonical input; retained from the legacy AI-assisted exploratory coding and not calculated from a public dataset.
data/polity_period_records.csv,57,geo_barrier,0.3,canonical_csv_input,subjective_ai_assisted_input_value,high,セレウコス朝シリア,Published canonical input; retained from the legacy AI-assisted exploratory coding and not calculated from a public dataset.
data/polity_period_records.csv,57,has_external_patron,0,canonical_csv_input,historically_anchored_input_value,medium,セレウコス朝シリア,Published canonical historical input; field-level source status is documented in supplementary_case_sources.csv.
data/polity_period_records.csv,57,institutional_quality,0.4,canonical_csv_input,subjective_ai_assisted_input_value,high,セレウコス朝シリア,Published canonical input; retained from the legacy AI-assisted exploratory coding and not calculated from a public dataset.
data/polity_period_records.csv,57,regime_duration_yrs,249,canonical_csv_input,historically_anchored_input_value,medium,セレウコス朝シリア,Published canonical historical input; field-level source status is documented in supplementary_case_sources.csv.
data/polity_period_records.csv,57,relative_pop,0.3,canonical_csv_input,subjective_ai_assisted_input_value,high,セレウコス朝シリア,Published canonical input; retained from the legacy AI-assisted exploratory coding and not calculated from a public dataset.
data/polity_period_records.csv,57,stock_index,0.4,canonical_csv_input,subjective_ai_assisted_input_value,high,セレウコス朝シリア,Published canonical input; retained from the legacy AI-assisted exploratory coding and not calculated from a public dataset.
data/polity_period_records.csv,57,tech_position,0.6,canonical_csv_input,subjective_ai_assisted_input_value,high,セレウコス朝シリア,Published canonical input; retained from the legacy AI-assisted exploratory coding and not calculated from a public dataset.
data/polity_period_records.csv,57,trade_openness,0.65,canonical_csv_input,subjective_ai_assisted_input_value,high,セレウコス朝シリア,Published canonical input; retained from the legacy AI-assisted exploratory coding and not calculated from a public dataset.
data/polity_period_records.csv,58,external_threat,0.7,canonical_csv_input,subjective_ai_assisted_input_value,high,パルティア,Published canonical input; retained from the legacy AI-assisted exploratory coding and not calculated from a public dataset.
data/polity_period_records.csv,58,geo_barrier,0.4,canonical_csv_input,subjective_ai_assisted_input_value,high,パルティア,Published canonical input; retained from the legacy AI-assisted exploratory coding and not calculated from a public dataset.
data/polity_period_records.csv,58,has_external_patron,0,canonical_csv_input,historically_anchored_input_value,medium,パルティア,Published canonical historical input; field-level source status is documented in supplementary_case_sources.csv.
data/polity_period_records.csv,58,institutional_quality,0.5,canonical_csv_input,subjective_ai_assisted_input_value,high,パルティア,Published canonical input; retained from the legacy AI-assisted exploratory coding and not calculated from a public dataset.
data/polity_period_records.csv,58,regime_duration_yrs,471,canonical_csv_input,historically_anchored_input_value,medium,パルティア,Published canonical historical input; field-level source status is documented in supplementary_case_sources.csv.
data/polity_period_records.csv,58,relative_pop,0.4,canonical_csv_input,subjective_ai_assisted_input_value,high,パルティア,Published canonical input; retained from the legacy AI-assisted exploratory coding and not calculated from a public dataset.
data/polity_period_records.csv,58,stock_index,0.45,canonical_csv_input,subjective_ai_assisted_input_value,high,パルティア,Published canonical input; retained from the legacy AI-assisted exploratory coding and not calculated from a public dataset.
data/polity_period_records.csv,58,tech_position,0.6,canonical_csv_input,subjective_ai_assisted_input_value,high,パルティア,Published canonical input; retained from the legacy AI-assisted exploratory coding and not calculated from a public dataset.
data/polity_period_records.csv,58,trade_openness,0.65,canonical_csv_input,subjective_ai_assisted_input_value,high,パルティア,Published canonical input; retained from the legacy AI-assisted exploratory coding and not calculated from a public dataset.
data/polity_period_records.csv,59,external_threat,0.9,canonical_csv_input,subjective_ai_assisted_input_value,high,ササン朝ペルシア,Published canonical input; retained from the legacy AI-assisted exploratory coding and not calculated from a public dataset.
data/polity_period_records.csv,59,geo_barrier,0.4,canonical_csv_input,subjective_ai_assisted_input_value,high,ササン朝ペルシア,Published canonical input; retained from the legacy AI-assisted exploratory coding and not calculated from a public dataset.
data/polity_period_records.csv,59,has_external_patron,0,canonical_csv_input,historically_anchored_input_value,medium,ササン朝ペルシア,Published canonical historical input; field-level source status is documented in supplementary_case_sources.csv.
data/polity_period_records.csv,59,institutional_quality,0.5,canonical_csv_input,subjective_ai_assisted_input_value,high,ササン朝ペルシア,Published canonical input; retained from the legacy AI-assisted exploratory coding and not calculated from a public dataset.
data/polity_period_records.csv,59,regime_duration_yrs,427,canonical_csv_input,historically_anchored_input_value,medium,ササン朝ペルシア,Published canonical historical input; field-level source status is documented in supplementary_case_sources.csv.
data/polity_period_records.csv,59,relative_pop,0.4,canonical_csv_input,subjective_ai_assisted_input_value,high,ササン朝ペルシア,Published canonical input; retained from the legacy AI-assisted exploratory coding and not calculated from a public dataset.
data/polity_period_records.csv,59,stock_index,0.6,canonical_csv_input,subjective_ai_assisted_input_value,high,ササン朝ペルシア,Published canonical input; retained from the legacy AI-assisted exploratory coding and not calculated from a public dataset.
data/polity_period_records.csv,59,tech_position,0.6,canonical_csv_input,subjective_ai_assisted_input_value,high,ササン朝ペルシア,Published canonical input; retained from the legacy AI-assisted exploratory coding and not calculated from a public dataset.
data/polity_period_records.csv,59,trade_openness,0.4,canonical_csv_input,subjective_ai_assisted_input_value,high,ササン朝ペルシア,Published canonical input; retained from the legacy AI-assisted exploratory coding and not calculated from a public dataset.
data/polity_period_records.csv,60,external_threat,0.7,canonical_csv_input,subjective_ai_assisted_input_value,high,クシャーナ朝,Published canonical input; retained from the legacy AI-assisted exploratory coding and not calculated from a public dataset.
data/polity_period_records.csv,60,geo_barrier,0.3,canonical_csv_input,subjective_ai_assisted_input_value,high,クシャーナ朝,Published canonical input; retained from the legacy AI-assisted exploratory coding and not calculated from a public dataset.
data/polity_period_records.csv,60,has_external_patron,0,canonical_csv_input,historically_anchored_input_value,medium,クシャーナ朝,Published canonical historical input; field-level source status is documented in supplementary_case_sources.csv.
data/polity_period_records.csv,60,institutional_quality,0.4,canonical_csv_input,subjective_ai_assisted_input_value,high,クシャーナ朝,Published canonical input; retained from the legacy AI-assisted exploratory coding and not calculated from a public dataset.
data/polity_period_records.csv,60,regime_duration_yrs,345,canonical_csv_input,historically_anchored_input_value,medium,クシャーナ朝,Published canonical historical input; field-level source status is documented in supplementary_case_sources.csv.
data/polity_period_records.csv,60,relative_pop,0.3,canonical_csv_input,subjective_ai_assisted_input_value,high,クシャーナ朝,Published canonical input; retained from the legacy AI-assisted exploratory coding and not calculated from a public dataset.
data/polity_period_records.csv,60,stock_index,0.35,canonical_csv_input,subjective_ai_assisted_input_value,high,クシャーナ朝,Published canonical input; retained from the legacy AI-assisted exploratory coding and not calculated from a public dataset.
data/polity_period_records.csv,60,tech_position,0.5,canonical_csv_input,subjective_ai_assisted_input_value,high,クシャーナ朝,Published canonical input; retained from the legacy AI-assisted exploratory coding and not calculated from a public dataset.
data/polity_period_records.csv,60,trade_openness,0.75,canonical_csv_input,subjective_ai_assisted_input_value,high,クシャーナ朝,Published canonical input; retained from the legacy AI-assisted exploratory coding and not calculated from a public dataset.
data/polity_period_records.csv,61,external_threat,0.8,canonical_csv_input,subjective_ai_assisted_input_value,high,グプタ朝インド,Published canonical input; retained from the legacy AI-assisted exploratory coding and not calculated from a public dataset.
data/polity_period_records.csv,61,geo_barrier,0.5,canonical_csv_input,subjective_ai_assisted_input_value,high,グプタ朝インド,Published canonical input; retained from the legacy AI-assisted exploratory coding and not calculated from a public dataset.
data/polity_period_records.csv,61,has_external_patron,0,canonical_csv_input,historically_anchored_input_value,medium,グプタ朝インド,Published canonical historical input; field-level source status is documented in supplementary_case_sources.csv.
data/polity_period_records.csv,61,institutional_quality,0.6,canonical_csv_input,subjective_ai_assisted_input_value,high,グプタ朝インド,Published canonical input; retained from the legacy AI-assisted exploratory coding and not calculated from a public dataset.
data/polity_period_records.csv,61,regime_duration_yrs,230,canonical_csv_input,historically_anchored_input_value,medium,グプタ朝インド,Published canonical historical input; field-level source status is documented in supplementary_case_sources.csv.
data/polity_period_records.csv,61,relative_pop,0.6,canonical_csv_input,subjective_ai_assisted_input_value,high,グプタ朝インド,Published canonical input; retained from the legacy AI-assisted exploratory coding and not calculated from a public dataset.
data/polity_period_records.csv,61,stock_index,0.6,canonical_csv_input,subjective_ai_assisted_input_value,high,グプタ朝インド,Published canonical input; retained from the legacy AI-assisted exploratory coding and not calculated from a public dataset.
data/polity_period_records.csv,61,tech_position,0.8,canonical_csv_input,subjective_ai_assisted_input_value,high,グプタ朝インド,Published canonical input; retained from the legacy AI-assisted exploratory coding and not calculated from a public dataset.
data/polity_period_records.csv,61,trade_openness,0.6,canonical_csv_input,subjective_ai_assisted_input_value,high,グプタ朝インド,Published canonical input; retained from the legacy AI-assisted exploratory coding and not calculated from a public dataset.
data/polity_period_records.csv,62,external_threat,0.6,canonical_csv_input,subjective_ai_assisted_input_value,high,唐朝中国,Published canonical input; retained from the legacy AI-assisted exploratory coding and not calculated from a public dataset.
data/polity_period_records.csv,62,geo_barrier,0.5,canonical_csv_input,subjective_ai_assisted_input_value,high,唐朝中国,Published canonical input; retained from the legacy AI-assisted exploratory coding and not calculated from a public dataset.
data/polity_period_records.csv,62,has_external_patron,0,canonical_csv_input,historically_anchored_input_value,medium,唐朝中国,Published canonical historical input; field-level source status is documented in supplementary_case_sources.csv.
data/polity_period_records.csv,62,institutional_quality,0.8,canonical_csv_input,subjective_ai_assisted_input_value,high,唐朝中国,Published canonical input; retained from the legacy AI-assisted exploratory coding and not calculated from a public dataset.
data/polity_period_records.csv,62,regime_duration_yrs,289,canonical_csv_input,historically_anchored_input_value,medium,唐朝中国,Published canonical historical input; field-level source status is documented in supplementary_case_sources.csv.
data/polity_period_records.csv,62,relative_pop,0.9,canonical_csv_input,subjective_ai_assisted_input_value,high,唐朝中国,Published canonical input; retained from the legacy AI-assisted exploratory coding and not calculated from a public dataset.
data/polity_period_records.csv,62,stock_index,0.7,canonical_csv_input,subjective_ai_assisted_input_value,high,唐朝中国,Published canonical input; retained from the legacy AI-assisted exploratory coding and not calculated from a public dataset.
data/polity_period_records.csv,62,tech_position,0.85,canonical_csv_input,subjective_ai_assisted_input_value,high,唐朝中国,Published canonical input; retained from the legacy AI-assisted exploratory coding and not calculated from a public dataset.
data/polity_period_records.csv,62,trade_openness,0.75,canonical_csv_input,subjective_ai_assisted_input_value,high,唐朝中国,Published canonical input; retained from the legacy AI-assisted exploratory coding and not calculated from a public dataset.
data/polity_period_records.csv,63,external_threat,0.6,canonical_csv_input,subjective_ai_assisted_input_value,high,ウマイヤ朝,Published canonical input; retained from the legacy AI-assisted exploratory coding and not calculated from a public dataset.
data/polity_period_records.csv,63,geo_barrier,0.3,canonical_csv_input,subjective_ai_assisted_input_value,high,ウマイヤ朝,Published canonical input; retained from the legacy AI-assisted exploratory coding and not calculated from a public dataset.
data/polity_period_records.csv,63,has_external_patron,0,canonical_csv_input,historically_anchored_input_value,medium,ウマイヤ朝,Published canonical historical input; field-level source status is documented in supplementary_case_sources.csv.
data/polity_period_records.csv,63,institutional_quality,0.4,canonical_csv_input,subjective_ai_assisted_input_value,high,ウマイヤ朝,Published canonical input; retained from the legacy AI-assisted exploratory coding and not calculated from a public dataset.
data/polity_period_records.csv,63,regime_duration_yrs,89,canonical_csv_input,historically_anchored_input_value,medium,ウマイヤ朝,Published canonical historical input; field-level source status is documented in supplementary_case_sources.csv.
data/polity_period_records.csv,63,relative_pop,0.5,canonical_csv_input,subjective_ai_assisted_input_value,high,ウマイヤ朝,Published canonical input; retained from the legacy AI-assisted exploratory coding and not calculated from a public dataset.
data/polity_period_records.csv,63,stock_index,0.4,canonical_csv_input,subjective_ai_assisted_input_value,high,ウマイヤ朝,Published canonical input; retained from the legacy AI-assisted exploratory coding and not calculated from a public dataset.
data/polity_period_records.csv,63,tech_position,0.7,canonical_csv_input,subjective_ai_assisted_input_value,high,ウマイヤ朝,Published canonical input; retained from the legacy AI-assisted exploratory coding and not calculated from a public dataset.
data/polity_period_records.csv,63,trade_openness,0.7,canonical_csv_input,subjective_ai_assisted_input_value,high,ウマイヤ朝,Published canonical input; retained from the legacy AI-assisted exploratory coding and not calculated from a public dataset.
data/polity_period_records.csv,64,external_threat,0.9,canonical_csv_input,subjective_ai_assisted_input_value,high,高麗,Published canonical input; retained from the legacy AI-assisted exploratory coding and not calculated from a public dataset.
data/polity_period_records.csv,64,geo_barrier,0.5,canonical_csv_input,subjective_ai_assisted_input_value,high,高麗,Published canonical input; retained from the legacy AI-assisted exploratory coding and not calculated from a public dataset.
data/polity_period_records.csv,64,has_external_patron,0,canonical_csv_input,historically_anchored_input_value,medium,高麗,Published canonical historical input; field-level source status is documented in supplementary_case_sources.csv.
data/polity_period_records.csv,64,institutional_quality,0.5,canonical_csv_input,subjective_ai_assisted_input_value,high,高麗,Published canonical input; retained from the legacy AI-assisted exploratory coding and not calculated from a public dataset.
data/polity_period_records.csv,64,regime_duration_yrs,474,canonical_csv_input,historically_anchored_input_value,medium,高麗,Published canonical historical input; field-level source status is documented in supplementary_case_sources.csv.
data/polity_period_records.csv,64,relative_pop,0.15,canonical_csv_input,subjective_ai_assisted_input_value,high,高麗,Published canonical input; retained from the legacy AI-assisted exploratory coding and not calculated from a public dataset.
data/polity_period_records.csv,64,stock_index,0.5,canonical_csv_input,subjective_ai_assisted_input_value,high,高麗,Published canonical input; retained from the legacy AI-assisted exploratory coding and not calculated from a public dataset.
data/polity_period_records.csv,64,tech_position,0.6,canonical_csv_input,subjective_ai_assisted_input_value,high,高麗,Published canonical input; retained from the legacy AI-assisted exploratory coding and not calculated from a public dataset.
data/polity_period_records.csv,64,trade_openness,0.55,canonical_csv_input,subjective_ai_assisted_input_value,high,高麗,Published canonical input; retained from the legacy AI-assisted exploratory coding and not calculated from a public dataset.
data/polity_period_records.csv,65,external_threat,0.7,canonical_csv_input,subjective_ai_assisted_input_value,high,クメール帝国（アンコール）,Published canonical input; retained from the legacy AI-assisted exploratory coding and not calculated from a public dataset.
data/polity_period_records.csv,65,geo_barrier,0.3,canonical_csv_input,subjective_ai_assisted_input_value,high,クメール帝国（アンコール）,Published canonical input; retained from the legacy AI-assisted exploratory coding and not calculated from a public dataset.
data/polity_period_records.csv,65,has_external_patron,0,canonical_csv_input,historically_anchored_input_value,medium,クメール帝国（アンコール）,Published canonical historical input; field-level source status is documented in supplementary_case_sources.csv.
data/polity_period_records.csv,65,institutional_quality,0.4,canonical_csv_input,subjective_ai_assisted_input_value,high,クメール帝国（アンコール）,Published canonical input; retained from the legacy AI-assisted exploratory coding and not calculated from a public dataset.
data/polity_period_records.csv,65,regime_duration_yrs,629,canonical_csv_input,historically_anchored_input_value,medium,クメール帝国（アンコール）,Published canonical historical input; field-level source status is documented in supplementary_case_sources.csv.
data/polity_period_records.csv,65,relative_pop,0.3,canonical_csv_input,subjective_ai_assisted_input_value,high,クメール帝国（アンコール）,Published canonical input; retained from the legacy AI-assisted exploratory coding and not calculated from a public dataset.
data/polity_period_records.csv,65,stock_index,0.6,canonical_csv_input,subjective_ai_assisted_input_value,high,クメール帝国（アンコール）,Published canonical input; retained from the legacy AI-assisted exploratory coding and not calculated from a public dataset.
data/polity_period_records.csv,65,tech_position,0.5,canonical_csv_input,subjective_ai_assisted_input_value,high,クメール帝国（アンコール）,Published canonical input; retained from the legacy AI-assisted exploratory coding and not calculated from a public dataset.
data/polity_period_records.csv,65,trade_openness,0.3,canonical_csv_input,subjective_ai_assisted_input_value,high,クメール帝国（アンコール）,Published canonical input; retained from the legacy AI-assisted exploratory coding and not calculated from a public dataset.
data/polity_period_records.csv,66,external_threat,0.6,canonical_csv_input,subjective_ai_assisted_input_value,high,シュリーヴィジャヤ,Published canonical input; retained from the legacy AI-assisted exploratory coding and not calculated from a public dataset.
data/polity_period_records.csv,66,geo_barrier,0.5,canonical_csv_input,subjective_ai_assisted_input_value,high,シュリーヴィジャヤ,Published canonical input; retained from the legacy AI-assisted exploratory coding and not calculated from a public dataset.
data/polity_period_records.csv,66,has_external_patron,0,canonical_csv_input,historically_anchored_input_value,medium,シュリーヴィジャヤ,Published canonical historical input; field-level source status is documented in supplementary_case_sources.csv.
data/polity_period_records.csv,66,institutional_quality,0.4,canonical_csv_input,subjective_ai_assisted_input_value,high,シュリーヴィジャヤ,Published canonical input; retained from the legacy AI-assisted exploratory coding and not calculated from a public dataset.
data/polity_period_records.csv,66,regime_duration_yrs,727,canonical_csv_input,historically_anchored_input_value,medium,シュリーヴィジャヤ,Published canonical historical input; field-level source status is documented in supplementary_case_sources.csv.
data/polity_period_records.csv,66,relative_pop,0.15,canonical_csv_input,subjective_ai_assisted_input_value,high,シュリーヴィジャヤ,Published canonical input; retained from the legacy AI-assisted exploratory coding and not calculated from a public dataset.
data/polity_period_records.csv,66,stock_index,0.3,canonical_csv_input,subjective_ai_assisted_input_value,high,シュリーヴィジャヤ,Published canonical input; retained from the legacy AI-assisted exploratory coding and not calculated from a public dataset.
data/polity_period_records.csv,66,tech_position,0.5,canonical_csv_input,subjective_ai_assisted_input_value,high,シュリーヴィジャヤ,Published canonical input; retained from the legacy AI-assisted exploratory coding and not calculated from a public dataset.
data/polity_period_records.csv,66,trade_openness,0.85,canonical_csv_input,subjective_ai_assisted_input_value,high,シュリーヴィジャヤ,Published canonical input; retained from the legacy AI-assisted exploratory coding and not calculated from a public dataset.
data/polity_period_records.csv,67,external_threat,0.6,canonical_csv_input,subjective_ai_assisted_input_value,high,マジャパヒト王国,Published canonical input; retained from the legacy AI-assisted exploratory coding and not calculated from a public dataset.
data/polity_period_records.csv,67,geo_barrier,0.5,canonical_csv_input,subjective_ai_assisted_input_value,high,マジャパヒト王国,Published canonical input; retained from the legacy AI-assisted exploratory coding and not calculated from a public dataset.
data/polity_period_records.csv,67,has_external_patron,0,canonical_csv_input,historically_anchored_input_value,medium,マジャパヒト王国,Published canonical historical input; field-level source status is documented in supplementary_case_sources.csv.
data/polity_period_records.csv,67,institutional_quality,0.4,canonical_csv_input,subjective_ai_assisted_input_value,high,マジャパヒト王国,Published canonical input; retained from the legacy AI-assisted exploratory coding and not calculated from a public dataset.
data/polity_period_records.csv,67,regime_duration_yrs,234,canonical_csv_input,historically_anchored_input_value,medium,マジャパヒト王国,Published canonical historical input; field-level source status is documented in supplementary_case_sources.csv.
data/polity_period_records.csv,67,relative_pop,0.2,canonical_csv_input,subjective_ai_assisted_input_value,high,マジャパヒト王国,Published canonical input; retained from the legacy AI-assisted exploratory coding and not calculated from a public dataset.
data/polity_period_records.csv,67,stock_index,0.45,canonical_csv_input,subjective_ai_assisted_input_value,high,マジャパヒト王国,Published canonical input; retained from the legacy AI-assisted exploratory coding and not calculated from a public dataset.
data/polity_period_records.csv,67,tech_position,0.5,canonical_csv_input,subjective_ai_assisted_input_value,high,マジャパヒト王国,Published canonical input; retained from the legacy AI-assisted exploratory coding and not calculated from a public dataset.
data/polity_period_records.csv,67,trade_openness,0.7,canonical_csv_input,subjective_ai_assisted_input_value,high,マジャパヒト王国,Published canonical input; retained from the legacy AI-assisted exploratory coding and not calculated from a public dataset.
data/polity_period_records.csv,68,external_threat,0.9,canonical_csv_input,subjective_ai_assisted_input_value,high,キエフ大公国,Published canonical input; retained from the legacy AI-assisted exploratory coding and not calculated from a public dataset.
data/polity_period_records.csv,68,geo_barrier,0.1,canonical_csv_input,subjective_ai_assisted_input_value,high,キエフ大公国,Published canonical input; retained from the legacy AI-assisted exploratory coding and not calculated from a public dataset.
data/polity_period_records.csv,68,has_external_patron,0,canonical_csv_input,historically_anchored_input_value,medium,キエフ大公国,Published canonical historical input; field-level source status is documented in supplementary_case_sources.csv.
data/polity_period_records.csv,68,institutional_quality,0.3,canonical_csv_input,subjective_ai_assisted_input_value,high,キエフ大公国,Published canonical input; retained from the legacy AI-assisted exploratory coding and not calculated from a public dataset.
data/polity_period_records.csv,68,regime_duration_yrs,358,canonical_csv_input,historically_anchored_input_value,medium,キエフ大公国,Published canonical historical input; field-level source status is documented in supplementary_case_sources.csv.
data/polity_period_records.csv,68,relative_pop,0.2,canonical_csv_input,subjective_ai_assisted_input_value,high,キエフ大公国,Published canonical input; retained from the legacy AI-assisted exploratory coding and not calculated from a public dataset.
data/polity_period_records.csv,68,stock_index,0.35,canonical_csv_input,subjective_ai_assisted_input_value,high,キエフ大公国,Published canonical input; retained from the legacy AI-assisted exploratory coding and not calculated from a public dataset.
data/polity_period_records.csv,68,tech_position,0.4,canonical_csv_input,subjective_ai_assisted_input_value,high,キエフ大公国,Published canonical input; retained from the legacy AI-assisted exploratory coding and not calculated from a public dataset.
data/polity_period_records.csv,68,trade_openness,0.6,canonical_csv_input,subjective_ai_assisted_input_value,high,キエフ大公国,Published canonical input; retained from the legacy AI-assisted exploratory coding and not calculated from a public dataset.
data/polity_period_records.csv,69,external_threat,0.6,canonical_csv_input,subjective_ai_assisted_input_value,high,ジェノヴァ共和国,Published canonical input; retained from the legacy AI-assisted exploratory coding and not calculated from a public dataset.
data/polity_period_records.csv,69,geo_barrier,0.5,canonical_csv_input,subjective_ai_assisted_input_value,high,ジェノヴァ共和国,Published canonical input; retained from the legacy AI-assisted exploratory coding and not calculated from a public dataset.
data/polity_period_records.csv,69,has_external_patron,0,canonical_csv_input,historically_anchored_input_value,medium,ジェノヴァ共和国,Published canonical historical input; field-level source status is documented in supplementary_case_sources.csv.
data/polity_period_records.csv,69,institutional_quality,0.6,canonical_csv_input,subjective_ai_assisted_input_value,high,ジェノヴァ共和国,Published canonical input; retained from the legacy AI-assisted exploratory coding and not calculated from a public dataset.
data/polity_period_records.csv,69,regime_duration_yrs,698,canonical_csv_input,historically_anchored_input_value,medium,ジェノヴァ共和国,Published canonical historical input; field-level source status is documented in supplementary_case_sources.csv.
data/polity_period_records.csv,69,relative_pop,0.03,canonical_csv_input,subjective_ai_assisted_input_value,high,ジェノヴァ共和国,Published canonical input; retained from the legacy AI-assisted exploratory coding and not calculated from a public dataset.
data/polity_period_records.csv,69,stock_index,0.35,canonical_csv_input,subjective_ai_assisted_input_value,high,ジェノヴァ共和国,Published canonical input; retained from the legacy AI-assisted exploratory coding and not calculated from a public dataset.
data/polity_period_records.csv,69,tech_position,0.7,canonical_csv_input,subjective_ai_assisted_input_value,high,ジェノヴァ共和国,Published canonical input; retained from the legacy AI-assisted exploratory coding and not calculated from a public dataset.
data/polity_period_records.csv,69,trade_openness,0.9,canonical_csv_input,subjective_ai_assisted_input_value,high,ジェノヴァ共和国,Published canonical input; retained from the legacy AI-assisted exploratory coding and not calculated from a public dataset.
data/polity_period_records.csv,70,external_threat,0.6,canonical_csv_input,subjective_ai_assisted_input_value,high,マリ帝国,Published canonical input; retained from the legacy AI-assisted exploratory coding and not calculated from a public dataset.
data/polity_period_records.csv,70,geo_barrier,0.4,canonical_csv_input,subjective_ai_assisted_input_value,high,マリ帝国,Published canonical input; retained from the legacy AI-assisted exploratory coding and not calculated from a public dataset.
data/polity_period_records.csv,70,has_external_patron,0,canonical_csv_input,historically_anchored_input_value,medium,マリ帝国,Published canonical historical input; field-level source status is documented in supplementary_case_sources.csv.
data/polity_period_records.csv,70,institutional_quality,0.5,canonical_csv_input,subjective_ai_assisted_input_value,high,マリ帝国,Published canonical input; retained from the legacy AI-assisted exploratory coding and not calculated from a public dataset.
data/polity_period_records.csv,70,regime_duration_yrs,365,canonical_csv_input,historically_anchored_input_value,medium,マリ帝国,Published canonical historical input; field-level source status is documented in supplementary_case_sources.csv.
data/polity_period_records.csv,70,relative_pop,0.3,canonical_csv_input,subjective_ai_assisted_input_value,high,マリ帝国,Published canonical input; retained from the legacy AI-assisted exploratory coding and not calculated from a public dataset.
data/polity_period_records.csv,70,stock_index,0.4,canonical_csv_input,subjective_ai_assisted_input_value,high,マリ帝国,Published canonical input; retained from the legacy AI-assisted exploratory coding and not calculated from a public dataset.
data/polity_period_records.csv,70,tech_position,0.4,canonical_csv_input,subjective_ai_assisted_input_value,high,マリ帝国,Published canonical input; retained from the legacy AI-assisted exploratory coding and not calculated from a public dataset.
data/polity_period_records.csv,70,trade_openness,0.65,canonical_csv_input,subjective_ai_assisted_input_value,high,マリ帝国,Published canonical input; retained from the legacy AI-assisted exploratory coding and not calculated from a public dataset.
data/polity_period_records.csv,71,external_threat,0.4,canonical_csv_input,subjective_ai_assisted_input_value,high,元朝中国,Published canonical input; retained from the legacy AI-assisted exploratory coding and not calculated from a public dataset.
data/polity_period_records.csv,71,geo_barrier,0.5,canonical_csv_input,subjective_ai_assisted_input_value,high,元朝中国,Published canonical input; retained from the legacy AI-assisted exploratory coding and not calculated from a public dataset.
data/polity_period_records.csv,71,has_external_patron,0,canonical_csv_input,historically_anchored_input_value,medium,元朝中国,Published canonical historical input; field-level source status is documented in supplementary_case_sources.csv.
data/polity_period_records.csv,71,institutional_quality,0.3,canonical_csv_input,subjective_ai_assisted_input_value,high,元朝中国,Published canonical input; retained from the legacy AI-assisted exploratory coding and not calculated from a public dataset.
data/polity_period_records.csv,71,regime_duration_yrs,97,canonical_csv_input,historically_anchored_input_value,medium,元朝中国,Published canonical historical input; field-level source status is documented in supplementary_case_sources.csv.
data/polity_period_records.csv,71,relative_pop,0.8,canonical_csv_input,subjective_ai_assisted_input_value,high,元朝中国,Published canonical input; retained from the legacy AI-assisted exploratory coding and not calculated from a public dataset.
data/polity_period_records.csv,71,stock_index,0.55,canonical_csv_input,subjective_ai_assisted_input_value,high,元朝中国,Published canonical input; retained from the legacy AI-assisted exploratory coding and not calculated from a public dataset.
data/polity_period_records.csv,71,tech_position,0.6,canonical_csv_input,subjective_ai_assisted_input_value,high,元朝中国,Published canonical input; retained from the legacy AI-assisted exploratory coding and not calculated from a public dataset.
data/polity_period_records.csv,71,trade_openness,0.8,canonical_csv_input,subjective_ai_assisted_input_value,high,元朝中国,Published canonical input; retained from the legacy AI-assisted exploratory coding and not calculated from a public dataset.
data/polity_period_records.csv,72,external_threat,0.7,canonical_csv_input,subjective_ai_assisted_input_value,high,ティムール朝,Published canonical input; retained from the legacy AI-assisted exploratory coding and not calculated from a public dataset.
data/polity_period_records.csv,72,geo_barrier,0.2,canonical_csv_input,subjective_ai_assisted_input_value,high,ティムール朝,Published canonical input; retained from the legacy AI-assisted exploratory coding and not calculated from a public dataset.
data/polity_period_records.csv,72,has_external_patron,0,canonical_csv_input,historically_anchored_input_value,medium,ティムール朝,Published canonical historical input; field-level source status is documented in supplementary_case_sources.csv.
data/polity_period_records.csv,72,institutional_quality,0.4,canonical_csv_input,subjective_ai_assisted_input_value,high,ティムール朝,Published canonical input; retained from the legacy AI-assisted exploratory coding and not calculated from a public dataset.
data/polity_period_records.csv,72,regime_duration_yrs,137,canonical_csv_input,historically_anchored_input_value,medium,ティムール朝,Published canonical historical input; field-level source status is documented in supplementary_case_sources.csv.
data/polity_period_records.csv,72,relative_pop,0.3,canonical_csv_input,subjective_ai_assisted_input_value,high,ティムール朝,Published canonical input; retained from the legacy AI-assisted exploratory coding and not calculated from a public dataset.
data/polity_period_records.csv,72,stock_index,0.45,canonical_csv_input,subjective_ai_assisted_input_value,high,ティムール朝,Published canonical input; retained from the legacy AI-assisted exploratory coding and not calculated from a public dataset.
data/polity_period_records.csv,72,tech_position,0.6,canonical_csv_input,subjective_ai_assisted_input_value,high,ティムール朝,Published canonical input; retained from the legacy AI-assisted exploratory coding and not calculated from a public dataset.
data/polity_period_records.csv,72,trade_openness,0.65,canonical_csv_input,subjective_ai_assisted_input_value,high,ティムール朝,Published canonical input; retained from the legacy AI-assisted exploratory coding and not calculated from a public dataset.
data/polity_period_records.csv,73,external_threat,0.8,canonical_csv_input,subjective_ai_assisted_input_value,high,琉球王国,Published canonical input; retained from the legacy AI-assisted exploratory coding and not calculated from a public dataset.
data/polity_period_records.csv,73,geo_barrier,0.6,canonical_csv_input,subjective_ai_assisted_input_value,high,琉球王国,Published canonical input; retained from the legacy AI-assisted exploratory coding and not calculated from a public dataset.
data/polity_period_records.csv,73,has_external_patron,0,canonical_csv_input,historically_anchored_input_value,medium,琉球王国,Published canonical historical input; field-level source status is documented in supplementary_case_sources.csv.
data/polity_period_records.csv,73,institutional_quality,0.4,canonical_csv_input,subjective_ai_assisted_input_value,high,琉球王国,Published canonical input; retained from the legacy AI-assisted exploratory coding and not calculated from a public dataset.
data/polity_period_records.csv,73,regime_duration_yrs,450,canonical_csv_input,historically_anchored_input_value,medium,琉球王国,Published canonical historical input; field-level source status is documented in supplementary_case_sources.csv.
data/polity_period_records.csv,73,relative_pop,0.01,canonical_csv_input,subjective_ai_assisted_input_value,high,琉球王国,Published canonical input; retained from the legacy AI-assisted exploratory coding and not calculated from a public dataset.
data/polity_period_records.csv,73,stock_index,0.25,canonical_csv_input,subjective_ai_assisted_input_value,high,琉球王国,Published canonical input; retained from the legacy AI-assisted exploratory coding and not calculated from a public dataset.
data/polity_period_records.csv,73,tech_position,0.3,canonical_csv_input,subjective_ai_assisted_input_value,high,琉球王国,Published canonical input; retained from the legacy AI-assisted exploratory coding and not calculated from a public dataset.
data/polity_period_records.csv,73,trade_openness,0.85,canonical_csv_input,subjective_ai_assisted_input_value,high,琉球王国,Published canonical input; retained from the legacy AI-assisted exploratory coding and not calculated from a public dataset.
data/polity_period_records.csv,74,external_threat,0.9,canonical_csv_input,subjective_ai_assisted_input_value,high,ポーランド・リトアニア共和国,Published canonical input; retained from the legacy AI-assisted exploratory coding and not calculated from a public dataset.
data/polity_period_records.csv,74,geo_barrier,0.1,canonical_csv_input,subjective_ai_assisted_input_value,high,ポーランド・リトアニア共和国,Published canonical input; retained from the legacy AI-assisted exploratory coding and not calculated from a public dataset.
data/polity_period_records.csv,74,has_external_patron,0,canonical_csv_input,historically_anchored_input_value,medium,ポーランド・リトアニア共和国,Published canonical historical input; field-level source status is documented in supplementary_case_sources.csv.
data/polity_period_records.csv,74,institutional_quality,0.3,canonical_csv_input,subjective_ai_assisted_input_value,high,ポーランド・リトアニア共和国,Published canonical input; retained from the legacy AI-assisted exploratory coding and not calculated from a public dataset.
data/polity_period_records.csv,74,regime_duration_yrs,226,canonical_csv_input,historically_anchored_input_value,medium,ポーランド・リトアニア共和国,Published canonical historical input; field-level source status is documented in supplementary_case_sources.csv.
data/polity_period_records.csv,74,relative_pop,0.3,canonical_csv_input,subjective_ai_assisted_input_value,high,ポーランド・リトアニア共和国,Published canonical input; retained from the legacy AI-assisted exploratory coding and not calculated from a public dataset.
data/polity_period_records.csv,74,stock_index,0.5,canonical_csv_input,subjective_ai_assisted_input_value,high,ポーランド・リトアニア共和国,Published canonical input; retained from the legacy AI-assisted exploratory coding and not calculated from a public dataset.
data/polity_period_records.csv,74,tech_position,0.4,canonical_csv_input,subjective_ai_assisted_input_value,high,ポーランド・リトアニア共和国,Published canonical input; retained from the legacy AI-assisted exploratory coding and not calculated from a public dataset.
data/polity_period_records.csv,74,trade_openness,0.4,canonical_csv_input,subjective_ai_assisted_input_value,high,ポーランド・リトアニア共和国,Published canonical input; retained from the legacy AI-assisted exploratory coding and not calculated from a public dataset.
data/polity_period_records.csv,75,external_threat,0.8,canonical_csv_input,subjective_ai_assisted_input_value,high,スウェーデン帝国,Published canonical input; retained from the legacy AI-assisted exploratory coding and not calculated from a public dataset.
data/polity_period_records.csv,75,geo_barrier,0.5,canonical_csv_input,subjective_ai_assisted_input_value,high,スウェーデン帝国,Published canonical input; retained from the legacy AI-assisted exploratory coding and not calculated from a public dataset.
data/polity_period_records.csv,75,has_external_patron,0,canonical_csv_input,historically_anchored_input_value,medium,スウェーデン帝国,Published canonical historical input; field-level source status is documented in supplementary_case_sources.csv.
data/polity_period_records.csv,75,institutional_quality,0.6,canonical_csv_input,subjective_ai_assisted_input_value,high,スウェーデン帝国,Published canonical input; retained from the legacy AI-assisted exploratory coding and not calculated from a public dataset.
data/polity_period_records.csv,75,regime_duration_yrs,110,canonical_csv_input,historically_anchored_input_value,medium,スウェーデン帝国,Published canonical historical input; field-level source status is documented in supplementary_case_sources.csv.
data/polity_period_records.csv,75,relative_pop,0.1,canonical_csv_input,subjective_ai_assisted_input_value,high,スウェーデン帝国,Published canonical input; retained from the legacy AI-assisted exploratory coding and not calculated from a public dataset.
data/polity_period_records.csv,75,stock_index,0.4,canonical_csv_input,subjective_ai_assisted_input_value,high,スウェーデン帝国,Published canonical input; retained from the legacy AI-assisted exploratory coding and not calculated from a public dataset.
data/polity_period_records.csv,75,tech_position,0.7,canonical_csv_input,subjective_ai_assisted_input_value,high,スウェーデン帝国,Published canonical input; retained from the legacy AI-assisted exploratory coding and not calculated from a public dataset.
data/polity_period_records.csv,75,trade_openness,0.6,canonical_csv_input,subjective_ai_assisted_input_value,high,スウェーデン帝国,Published canonical input; retained from the legacy AI-assisted exploratory coding and not calculated from a public dataset.
data/polity_period_records.csv,76,external_threat,0.7,canonical_csv_input,subjective_ai_assisted_input_value,high,ロシア帝国（ピョートル後）,Published canonical input; retained from the legacy AI-assisted exploratory coding and not calculated from a public dataset.
data/polity_period_records.csv,76,geo_barrier,0.6,canonical_csv_input,subjective_ai_assisted_input_value,high,ロシア帝国（ピョートル後）,Published canonical input; retained from the legacy AI-assisted exploratory coding and not calculated from a public dataset.
data/polity_period_records.csv,76,has_external_patron,0,canonical_csv_input,historically_anchored_input_value,medium,ロシア帝国（ピョートル後）,Published canonical historical input; field-level source status is documented in supplementary_case_sources.csv.
data/polity_period_records.csv,76,institutional_quality,0.3,canonical_csv_input,subjective_ai_assisted_input_value,high,ロシア帝国（ピョートル後）,Published canonical input; retained from the legacy AI-assisted exploratory coding and not calculated from a public dataset.
data/polity_period_records.csv,76,regime_duration_yrs,196,canonical_csv_input,historically_anchored_input_value,medium,ロシア帝国（ピョートル後）,Published canonical historical input; field-level source status is documented in supplementary_case_sources.csv.
data/polity_period_records.csv,76,relative_pop,0.7,canonical_csv_input,subjective_ai_assisted_input_value,high,ロシア帝国（ピョートル後）,Published canonical input; retained from the legacy AI-assisted exploratory coding and not calculated from a public dataset.
data/polity_period_records.csv,76,stock_index,0.65,canonical_csv_input,subjective_ai_assisted_input_value,high,ロシア帝国（ピョートル後）,Published canonical input; retained from the legacy AI-assisted exploratory coding and not calculated from a public dataset.
data/polity_period_records.csv,76,tech_position,0.4,canonical_csv_input,subjective_ai_assisted_input_value,high,ロシア帝国（ピョートル後）,Published canonical input; retained from the legacy AI-assisted exploratory coding and not calculated from a public dataset.
data/polity_period_records.csv,76,trade_openness,0.3,canonical_csv_input,subjective_ai_assisted_input_value,high,ロシア帝国（ピョートル後）,Published canonical input; retained from the legacy AI-assisted exploratory coding and not calculated from a public dataset.
data/polity_period_records.csv,77,external_threat,0.4,canonical_csv_input,subjective_ai_assisted_input_value,high,清朝中国（中期・交易拡大期）,Published canonical input; retained from the legacy AI-assisted exploratory coding and not calculated from a public dataset.
data/polity_period_records.csv,77,geo_barrier,0.6,canonical_csv_input,subjective_ai_assisted_input_value,high,清朝中国（中期・交易拡大期）,Published canonical input; retained from the legacy AI-assisted exploratory coding and not calculated from a public dataset.
data/polity_period_records.csv,77,has_external_patron,0,canonical_csv_input,historically_anchored_input_value,medium,清朝中国（中期・交易拡大期）,Published canonical historical input; field-level source status is documented in supplementary_case_sources.csv.
data/polity_period_records.csv,77,institutional_quality,0.6,canonical_csv_input,subjective_ai_assisted_input_value,high,清朝中国（中期・交易拡大期）,Published canonical input; retained from the legacy AI-assisted exploratory coding and not calculated from a public dataset.
data/polity_period_records.csv,77,regime_duration_yrs,80,canonical_csv_input,historically_anchored_input_value,medium,清朝中国（中期・交易拡大期）,Published canonical historical input; field-level source status is documented in supplementary_case_sources.csv.
data/polity_period_records.csv,77,relative_pop,0.95,canonical_csv_input,subjective_ai_assisted_input_value,high,清朝中国（中期・交易拡大期）,Published canonical input; retained from the legacy AI-assisted exploratory coding and not calculated from a public dataset.
data/polity_period_records.csv,77,stock_index,0.8,canonical_csv_input,subjective_ai_assisted_input_value,high,清朝中国（中期・交易拡大期）,Published canonical input; retained from the legacy AI-assisted exploratory coding and not calculated from a public dataset.
data/polity_period_records.csv,77,tech_position,0.4,canonical_csv_input,subjective_ai_assisted_input_value,high,清朝中国（中期・交易拡大期）,Published canonical input; retained from the legacy AI-assisted exploratory coding and not calculated from a public dataset.
data/polity_period_records.csv,77,trade_openness,0.3,canonical_csv_input,subjective_ai_assisted_input_value,high,清朝中国（中期・交易拡大期）,Published canonical input; retained from the legacy AI-assisted exploratory coding and not calculated from a public dataset.
data/polity_period_records.csv,78,external_threat,0.8,canonical_csv_input,subjective_ai_assisted_input_value,high,ハワイ王国,Published canonical input; retained from the legacy AI-assisted exploratory coding and not calculated from a public dataset.
data/polity_period_records.csv,78,geo_barrier,0.7,canonical_csv_input,subjective_ai_assisted_input_value,high,ハワイ王国,Published canonical input; retained from the legacy AI-assisted exploratory coding and not calculated from a public dataset.
data/polity_period_records.csv,78,has_external_patron,0,canonical_csv_input,historically_anchored_input_value,medium,ハワイ王国,Published canonical historical input; field-level source status is documented in supplementary_case_sources.csv.
data/polity_period_records.csv,78,institutional_quality,0.4,canonical_csv_input,subjective_ai_assisted_input_value,high,ハワイ王国,Published canonical input; retained from the legacy AI-assisted exploratory coding and not calculated from a public dataset.
data/polity_period_records.csv,78,regime_duration_yrs,98,canonical_csv_input,historically_anchored_input_value,medium,ハワイ王国,Published canonical historical input; field-level source status is documented in supplementary_case_sources.csv.
data/polity_period_records.csv,78,relative_pop,0.01,canonical_csv_input,subjective_ai_assisted_input_value,high,ハワイ王国,Published canonical input; retained from the legacy AI-assisted exploratory coding and not calculated from a public dataset.
data/polity_period_records.csv,78,stock_index,0.2,canonical_csv_input,subjective_ai_assisted_input_value,high,ハワイ王国,Published canonical input; retained from the legacy AI-assisted exploratory coding and not calculated from a public dataset.
data/polity_period_records.csv,78,tech_position,0.2,canonical_csv_input,subjective_ai_assisted_input_value,high,ハワイ王国,Published canonical input; retained from the legacy AI-assisted exploratory coding and not calculated from a public dataset.
data/polity_period_records.csv,78,trade_openness,0.7,canonical_csv_input,subjective_ai_assisted_input_value,high,ハワイ王国,Published canonical input; retained from the legacy AI-assisted exploratory coding and not calculated from a public dataset.
data/polity_period_records.csv,79,external_threat,0.9,canonical_csv_input,subjective_ai_assisted_input_value,high,ズールー王国,Published canonical input; retained from the legacy AI-assisted exploratory coding and not calculated from a public dataset.
data/polity_period_records.csv,79,geo_barrier,0.3,canonical_csv_input,subjective_ai_assisted_input_value,high,ズールー王国,Published canonical input; retained from the legacy AI-assisted exploratory coding and not calculated from a public dataset.
data/polity_period_records.csv,79,has_external_patron,0,canonical_csv_input,historically_anchored_input_value,medium,ズールー王国,Published canonical historical input; field-level source status is documented in supplementary_case_sources.csv.
data/polity_period_records.csv,79,institutional_quality,0.4,canonical_csv_input,subjective_ai_assisted_input_value,high,ズールー王国,Published canonical input; retained from the legacy AI-assisted exploratory coding and not calculated from a public dataset.
data/polity_period_records.csv,79,regime_duration_yrs,81,canonical_csv_input,historically_anchored_input_value,medium,ズールー王国,Published canonical historical input; field-level source status is documented in supplementary_case_sources.csv.
data/polity_period_records.csv,79,relative_pop,0.05,canonical_csv_input,subjective_ai_assisted_input_value,high,ズールー王国,Published canonical input; retained from the legacy AI-assisted exploratory coding and not calculated from a public dataset.
data/polity_period_records.csv,79,stock_index,0.3,canonical_csv_input,subjective_ai_assisted_input_value,high,ズールー王国,Published canonical input; retained from the legacy AI-assisted exploratory coding and not calculated from a public dataset.
data/polity_period_records.csv,79,tech_position,0.1,canonical_csv_input,subjective_ai_assisted_input_value,high,ズールー王国,Published canonical input; retained from the legacy AI-assisted exploratory coding and not calculated from a public dataset.
data/polity_period_records.csv,79,trade_openness,0.1,canonical_csv_input,subjective_ai_assisted_input_value,high,ズールー王国,Published canonical input; retained from the legacy AI-assisted exploratory coding and not calculated from a public dataset.
data/polity_period_records.csv,80,external_threat,0.8,canonical_csv_input,subjective_ai_assisted_input_value,high,ビルマ（コンバウン朝）,Published canonical input; retained from the legacy AI-assisted exploratory coding and not calculated from a public dataset.
data/polity_period_records.csv,80,geo_barrier,0.5,canonical_csv_input,subjective_ai_assisted_input_value,high,ビルマ（コンバウン朝）,Published canonical input; retained from the legacy AI-assisted exploratory coding and not calculated from a public dataset.
data/polity_period_records.csv,80,has_external_patron,0,canonical_csv_input,historically_anchored_input_value,medium,ビルマ（コンバウン朝）,Published canonical historical input; field-level source status is documented in supplementary_case_sources.csv.
data/polity_period_records.csv,80,institutional_quality,0.3,canonical_csv_input,subjective_ai_assisted_input_value,high,ビルマ（コンバウン朝）,Published canonical input; retained from the legacy AI-assisted exploratory coding and not calculated from a public dataset.
data/polity_period_records.csv,80,regime_duration_yrs,133,canonical_csv_input,historically_anchored_input_value,medium,ビルマ（コンバウン朝）,Published canonical historical input; field-level source status is documented in supplementary_case_sources.csv.
data/polity_period_records.csv,80,relative_pop,0.15,canonical_csv_input,subjective_ai_assisted_input_value,high,ビルマ（コンバウン朝）,Published canonical input; retained from the legacy AI-assisted exploratory coding and not calculated from a public dataset.
data/polity_period_records.csv,80,stock_index,0.4,canonical_csv_input,subjective_ai_assisted_input_value,high,ビルマ（コンバウン朝）,Published canonical input; retained from the legacy AI-assisted exploratory coding and not calculated from a public dataset.
data/polity_period_records.csv,80,tech_position,0.2,canonical_csv_input,subjective_ai_assisted_input_value,high,ビルマ（コンバウン朝）,Published canonical input; retained from the legacy AI-assisted exploratory coding and not calculated from a public dataset.
data/polity_period_records.csv,80,trade_openness,0.25,canonical_csv_input,subjective_ai_assisted_input_value,high,ビルマ（コンバウン朝）,Published canonical input; retained from the legacy AI-assisted exploratory coding and not calculated from a public dataset.
data/polity_period_records.csv,81,external_threat,0.8,canonical_csv_input,subjective_ai_assisted_input_value,high,オーストリア＝ハンガリー帝国,Published canonical input; retained from the legacy AI-assisted exploratory coding and not calculated from a public dataset.
data/polity_period_records.csv,81,geo_barrier,0.3,canonical_csv_input,subjective_ai_assisted_input_value,high,オーストリア＝ハンガリー帝国,Published canonical input; retained from the legacy AI-assisted exploratory coding and not calculated from a public dataset.
data/polity_period_records.csv,81,has_external_patron,0,canonical_csv_input,historically_anchored_input_value,medium,オーストリア＝ハンガリー帝国,Published canonical historical input; field-level source status is documented in supplementary_case_sources.csv.
data/polity_period_records.csv,81,institutional_quality,0.5,canonical_csv_input,subjective_ai_assisted_input_value,high,オーストリア＝ハンガリー帝国,Published canonical input; retained from the legacy AI-assisted exploratory coding and not calculated from a public dataset.
data/polity_period_records.csv,81,regime_duration_yrs,51,canonical_csv_input,historically_anchored_input_value,medium,オーストリア＝ハンガリー帝国,Published canonical historical input; field-level source status is documented in supplementary_case_sources.csv.
data/polity_period_records.csv,81,relative_pop,0.3,canonical_csv_input,subjective_ai_assisted_input_value,high,オーストリア＝ハンガリー帝国,Published canonical input; retained from the legacy AI-assisted exploratory coding and not calculated from a public dataset.
data/polity_period_records.csv,81,stock_index,0.6,canonical_csv_input,subjective_ai_assisted_input_value,high,オーストリア＝ハンガリー帝国,Published canonical input; retained from the legacy AI-assisted exploratory coding and not calculated from a public dataset.
data/polity_period_records.csv,81,tech_position,0.6,canonical_csv_input,subjective_ai_assisted_input_value,high,オーストリア＝ハンガリー帝国,Published canonical input; retained from the legacy AI-assisted exploratory coding and not calculated from a public dataset.
data/polity_period_records.csv,81,trade_openness,0.4,canonical_csv_input,subjective_ai_assisted_input_value,high,オーストリア＝ハンガリー帝国,Published canonical input; retained from the legacy AI-assisted exploratory coding and not calculated from a public dataset.
data/polity_period_records.csv,82,external_threat,0.6,canonical_csv_input,subjective_ai_assisted_input_value,high,ベルギー,Published canonical input; retained from the legacy AI-assisted exploratory coding and not calculated from a public dataset.
data/polity_period_records.csv,82,geo_barrier,0.1,canonical_csv_input,subjective_ai_assisted_input_value,high,ベルギー,Published canonical input; retained from the legacy AI-assisted exploratory coding and not calculated from a public dataset.
data/polity_period_records.csv,82,has_external_patron,1,canonical_csv_input,historically_anchored_input_value,medium,ベルギー,Published canonical historical input; field-level source status is documented in supplementary_case_sources.csv.
data/polity_period_records.csv,82,institutional_quality,0.7,canonical_csv_input,subjective_ai_assisted_input_value,high,ベルギー,Published canonical input; retained from the legacy AI-assisted exploratory coding and not calculated from a public dataset.
data/polity_period_records.csv,82,regime_duration_yrs,195,canonical_csv_input,historically_anchored_input_value,medium,ベルギー,Published canonical historical input; field-level source status is documented in supplementary_case_sources.csv.
data/polity_period_records.csv,82,relative_pop,0.05,canonical_csv_input,subjective_ai_assisted_input_value,high,ベルギー,Published canonical input; retained from the legacy AI-assisted exploratory coding and not calculated from a public dataset.
data/polity_period_records.csv,82,stock_index,0.5,canonical_csv_input,subjective_ai_assisted_input_value,high,ベルギー,Published canonical input; retained from the legacy AI-assisted exploratory coding and not calculated from a public dataset.
data/polity_period_records.csv,82,tech_position,0.6,canonical_csv_input,subjective_ai_assisted_input_value,high,ベルギー,Published canonical input; retained from the legacy AI-assisted exploratory coding and not calculated from a public dataset.
data/polity_period_records.csv,82,trade_openness,0.8,canonical_csv_input,subjective_ai_assisted_input_value,high,ベルギー,Published canonical input; retained from the legacy AI-assisted exploratory coding and not calculated from a public dataset.
data/polity_period_records.csv,83,external_threat,0.4,canonical_csv_input,subjective_ai_assisted_input_value,high,デンマーク,Published canonical input; retained from the legacy AI-assisted exploratory coding and not calculated from a public dataset.
data/polity_period_records.csv,83,geo_barrier,0.4,canonical_csv_input,subjective_ai_assisted_input_value,high,デンマーク,Published canonical input; retained from the legacy AI-assisted exploratory coding and not calculated from a public dataset.
data/polity_period_records.csv,83,has_external_patron,1,canonical_csv_input,historically_anchored_input_value,medium,デンマーク,Published canonical historical input; field-level source status is documented in supplementary_case_sources.csv.
data/polity_period_records.csv,83,institutional_quality,0.9,canonical_csv_input,subjective_ai_assisted_input_value,high,デンマーク,Published canonical input; retained from the legacy AI-assisted exploratory coding and not calculated from a public dataset.
data/polity_period_records.csv,83,regime_duration_yrs,176,canonical_csv_input,historically_anchored_input_value,medium,デンマーク,Published canonical historical input; field-level source status is documented in supplementary_case_sources.csv.
data/polity_period_records.csv,83,relative_pop,0.03,canonical_csv_input,subjective_ai_assisted_input_value,high,デンマーク,Published canonical input; retained from the legacy AI-assisted exploratory coding and not calculated from a public dataset.
data/polity_period_records.csv,83,stock_index,0.55,canonical_csv_input,subjective_ai_assisted_input_value,high,デンマーク,Published canonical input; retained from the legacy AI-assisted exploratory coding and not calculated from a public dataset.
data/polity_period_records.csv,83,tech_position,0.7,canonical_csv_input,subjective_ai_assisted_input_value,high,デンマーク,Published canonical input; retained from the legacy AI-assisted exploratory coding and not calculated from a public dataset.
data/polity_period_records.csv,83,trade_openness,0.75,canonical_csv_input,subjective_ai_assisted_input_value,high,デンマーク,Published canonical input; retained from the legacy AI-assisted exploratory coding and not calculated from a public dataset.
data/polity_period_records.csv,84,external_threat,0.9,canonical_csv_input,subjective_ai_assisted_input_value,high,ナポレオン帝国,Published canonical input; retained from the legacy AI-assisted exploratory coding and not calculated from a public dataset.
data/polity_period_records.csv,84,geo_barrier,0.3,canonical_csv_input,subjective_ai_assisted_input_value,high,ナポレオン帝国,Published canonical input; retained from the legacy AI-assisted exploratory coding and not calculated from a public dataset.
data/polity_period_records.csv,84,has_external_patron,0,canonical_csv_input,historically_anchored_input_value,medium,ナポレオン帝国,Published canonical historical input; field-level source status is documented in supplementary_case_sources.csv.
data/polity_period_records.csv,84,institutional_quality,0.6,canonical_csv_input,subjective_ai_assisted_input_value,high,ナポレオン帝国,Published canonical input; retained from the legacy AI-assisted exploratory coding and not calculated from a public dataset.
data/polity_period_records.csv,84,regime_duration_yrs,11,canonical_csv_input,historically_anchored_input_value,medium,ナポレオン帝国,Published canonical historical input; field-level source status is documented in supplementary_case_sources.csv.
data/polity_period_records.csv,84,relative_pop,0.4,canonical_csv_input,subjective_ai_assisted_input_value,high,ナポレオン帝国,Published canonical input; retained from the legacy AI-assisted exploratory coding and not calculated from a public dataset.
data/polity_period_records.csv,84,stock_index,0.6,canonical_csv_input,subjective_ai_assisted_input_value,high,ナポレオン帝国,Published canonical input; retained from the legacy AI-assisted exploratory coding and not calculated from a public dataset.
data/polity_period_records.csv,84,tech_position,0.7,canonical_csv_input,subjective_ai_assisted_input_value,high,ナポレオン帝国,Published canonical input; retained from the legacy AI-assisted exploratory coding and not calculated from a public dataset.
data/polity_period_records.csv,84,trade_openness,0.2,canonical_csv_input,subjective_ai_assisted_input_value,high,ナポレオン帝国,Published canonical input; retained from the legacy AI-assisted exploratory coding and not calculated from a public dataset.
data/polity_period_records.csv,85,external_threat,0.9,canonical_csv_input,subjective_ai_assisted_input_value,high,大韓帝国,Published canonical input; retained from the legacy AI-assisted exploratory coding and not calculated from a public dataset.
data/polity_period_records.csv,85,geo_barrier,0.5,canonical_csv_input,subjective_ai_assisted_input_value,high,大韓帝国,Published canonical input; retained from the legacy AI-assisted exploratory coding and not calculated from a public dataset.
data/polity_period_records.csv,85,has_external_patron,0,canonical_csv_input,historically_anchored_input_value,medium,大韓帝国,Published canonical historical input; field-level source status is documented in supplementary_case_sources.csv.
data/polity_period_records.csv,85,institutional_quality,0.2,canonical_csv_input,subjective_ai_assisted_input_value,high,大韓帝国,Published canonical input; retained from the legacy AI-assisted exploratory coding and not calculated from a public dataset.
data/polity_period_records.csv,85,regime_duration_yrs,13,canonical_csv_input,historically_anchored_input_value,medium,大韓帝国,Published canonical historical input; field-level source status is documented in supplementary_case_sources.csv.
data/polity_period_records.csv,85,relative_pop,0.1,canonical_csv_input,subjective_ai_assisted_input_value,high,大韓帝国,Published canonical input; retained from the legacy AI-assisted exploratory coding and not calculated from a public dataset.
data/polity_period_records.csv,85,stock_index,0.4,canonical_csv_input,subjective_ai_assisted_input_value,high,大韓帝国,Published canonical input; retained from the legacy AI-assisted exploratory coding and not calculated from a public dataset.
data/polity_period_records.csv,85,tech_position,0.2,canonical_csv_input,subjective_ai_assisted_input_value,high,大韓帝国,Published canonical input; retained from the legacy AI-assisted exploratory coding and not calculated from a public dataset.
data/polity_period_records.csv,85,trade_openness,0.2,canonical_csv_input,subjective_ai_assisted_input_value,high,大韓帝国,Published canonical input; retained from the legacy AI-assisted exploratory coding and not calculated from a public dataset.
data/polity_period_records.csv,86,external_threat,0.9,canonical_csv_input,subjective_ai_assisted_input_value,high,満州国,Published canonical input; retained from the legacy AI-assisted exploratory coding and not calculated from a public dataset.
data/polity_period_records.csv,86,geo_barrier,0.2,canonical_csv_input,subjective_ai_assisted_input_value,high,満州国,Published canonical input; retained from the legacy AI-assisted exploratory coding and not calculated from a public dataset.
data/polity_period_records.csv,86,has_external_patron,1,canonical_csv_input,historically_anchored_input_value,medium,満州国,Published canonical historical input; field-level source status is documented in supplementary_case_sources.csv.
data/polity_period_records.csv,86,institutional_quality,0.2,canonical_csv_input,subjective_ai_assisted_input_value,high,満州国,Published canonical input; retained from the legacy AI-assisted exploratory coding and not calculated from a public dataset.
data/polity_period_records.csv,86,regime_duration_yrs,13,canonical_csv_input,historically_anchored_input_value,medium,満州国,Published canonical historical input; field-level source status is documented in supplementary_case_sources.csv.
data/polity_period_records.csv,86,relative_pop,0.1,canonical_csv_input,subjective_ai_assisted_input_value,high,満州国,Published canonical input; retained from the legacy AI-assisted exploratory coding and not calculated from a public dataset.
data/polity_period_records.csv,86,stock_index,0.4,canonical_csv_input,subjective_ai_assisted_input_value,high,満州国,Published canonical input; retained from the legacy AI-assisted exploratory coding and not calculated from a public dataset.
data/polity_period_records.csv,86,tech_position,0.4,canonical_csv_input,subjective_ai_assisted_input_value,high,満州国,Published canonical input; retained from the legacy AI-assisted exploratory coding and not calculated from a public dataset.
data/polity_period_records.csv,86,trade_openness,0.15,canonical_csv_input,subjective_ai_assisted_input_value,high,満州国,Published canonical input; retained from the legacy AI-assisted exploratory coding and not calculated from a public dataset.
data/polity_period_records.csv,87,external_threat,0.9,canonical_csv_input,subjective_ai_assisted_input_value,high,南ベトナム,Published canonical input; retained from the legacy AI-assisted exploratory coding and not calculated from a public dataset.
data/polity_period_records.csv,87,geo_barrier,0.3,canonical_csv_input,subjective_ai_assisted_input_value,high,南ベトナム,Published canonical input; retained from the legacy AI-assisted exploratory coding and not calculated from a public dataset.
data/polity_period_records.csv,87,has_external_patron,1,canonical_csv_input,historically_anchored_input_value,medium,南ベトナム,Published canonical historical input; field-level source status is documented in supplementary_case_sources.csv.
data/polity_period_records.csv,87,institutional_quality,0.2,canonical_csv_input,subjective_ai_assisted_input_value,high,南ベトナム,Published canonical input; retained from the legacy AI-assisted exploratory coding and not calculated from a public dataset.
data/polity_period_records.csv,87,regime_duration_yrs,20,canonical_csv_input,historically_anchored_input_value,medium,南ベトナム,Published canonical historical input; field-level source status is documented in supplementary_case_sources.csv.
data/polity_period_records.csv,87,relative_pop,0.1,canonical_csv_input,subjective_ai_assisted_input_value,high,南ベトナム,Published canonical input; retained from the legacy AI-assisted exploratory coding and not calculated from a public dataset.
data/polity_period_records.csv,87,stock_index,0.3,canonical_csv_input,subjective_ai_assisted_input_value,high,南ベトナム,Published canonical input; retained from the legacy AI-assisted exploratory coding and not calculated from a public dataset.
data/polity_period_records.csv,87,tech_position,0.4,canonical_csv_input,subjective_ai_assisted_input_value,high,南ベトナム,Published canonical input; retained from the legacy AI-assisted exploratory coding and not calculated from a public dataset.
data/polity_period_records.csv,87,trade_openness,0.5,canonical_csv_input,subjective_ai_assisted_input_value,high,南ベトナム,Published canonical input; retained from the legacy AI-assisted exploratory coding and not calculated from a public dataset.
data/polity_period_records.csv,88,external_threat,0.5,canonical_csv_input,subjective_ai_assisted_input_value,high,チェコスロバキア（共産期）,Published canonical input; retained from the legacy AI-assisted exploratory coding and not calculated from a public dataset.
data/polity_period_records.csv,88,geo_barrier,0.3,canonical_csv_input,subjective_ai_assisted_input_value,high,チェコスロバキア（共産期）,Published canonical input; retained from the legacy AI-assisted exploratory coding and not calculated from a public dataset.
data/polity_period_records.csv,88,has_external_patron,1,canonical_csv_input,historically_anchored_input_value,medium,チェコスロバキア（共産期）,Published canonical historical input; field-level source status is documented in supplementary_case_sources.csv.
data/polity_period_records.csv,88,institutional_quality,0.3,canonical_csv_input,subjective_ai_assisted_input_value,high,チェコスロバキア（共産期）,Published canonical input; retained from the legacy AI-assisted exploratory coding and not calculated from a public dataset.
data/polity_period_records.csv,88,regime_duration_yrs,41,canonical_csv_input,historically_anchored_input_value,medium,チェコスロバキア（共産期）,Published canonical historical input; field-level source status is documented in supplementary_case_sources.csv.
data/polity_period_records.csv,88,relative_pop,0.05,canonical_csv_input,subjective_ai_assisted_input_value,high,チェコスロバキア（共産期）,Published canonical input; retained from the legacy AI-assisted exploratory coding and not calculated from a public dataset.
data/polity_period_records.csv,88,stock_index,0.55,canonical_csv_input,subjective_ai_assisted_input_value,high,チェコスロバキア（共産期）,Published canonical input; retained from the legacy AI-assisted exploratory coding and not calculated from a public dataset.
data/polity_period_records.csv,88,tech_position,0.5,canonical_csv_input,subjective_ai_assisted_input_value,high,チェコスロバキア（共産期）,Published canonical input; retained from the legacy AI-assisted exploratory coding and not calculated from a public dataset.
data/polity_period_records.csv,88,trade_openness,0.2,canonical_csv_input,subjective_ai_assisted_input_value,high,チェコスロバキア（共産期）,Published canonical input; retained from the legacy AI-assisted exploratory coding and not calculated from a public dataset.
data/polity_period_records.csv,89,external_threat,0.5,canonical_csv_input,subjective_ai_assisted_input_value,high,ポーランド（共産期）,Published canonical input; retained from the legacy AI-assisted exploratory coding and not calculated from a public dataset.
data/polity_period_records.csv,89,geo_barrier,0.1,canonical_csv_input,subjective_ai_assisted_input_value,high,ポーランド（共産期）,Published canonical input; retained from the legacy AI-assisted exploratory coding and not calculated from a public dataset.
data/polity_period_records.csv,89,has_external_patron,1,canonical_csv_input,historically_anchored_input_value,medium,ポーランド（共産期）,Published canonical historical input; field-level source status is documented in supplementary_case_sources.csv.
data/polity_period_records.csv,89,institutional_quality,0.3,canonical_csv_input,subjective_ai_assisted_input_value,high,ポーランド（共産期）,Published canonical input; retained from the legacy AI-assisted exploratory coding and not calculated from a public dataset.
data/polity_period_records.csv,89,regime_duration_yrs,42,canonical_csv_input,historically_anchored_input_value,medium,ポーランド（共産期）,Published canonical historical input; field-level source status is documented in supplementary_case_sources.csv.
data/polity_period_records.csv,89,relative_pop,0.1,canonical_csv_input,subjective_ai_assisted_input_value,high,ポーランド（共産期）,Published canonical input; retained from the legacy AI-assisted exploratory coding and not calculated from a public dataset.
data/polity_period_records.csv,89,stock_index,0.5,canonical_csv_input,subjective_ai_assisted_input_value,high,ポーランド（共産期）,Published canonical input; retained from the legacy AI-assisted exploratory coding and not calculated from a public dataset.
data/polity_period_records.csv,89,tech_position,0.4,canonical_csv_input,subjective_ai_assisted_input_value,high,ポーランド（共産期）,Published canonical input; retained from the legacy AI-assisted exploratory coding and not calculated from a public dataset.
data/polity_period_records.csv,89,trade_openness,0.2,canonical_csv_input,subjective_ai_assisted_input_value,high,ポーランド（共産期）,Published canonical input; retained from the legacy AI-assisted exploratory coding and not calculated from a public dataset.
data/polity_period_records.csv,90,external_threat,0.5,canonical_csv_input,subjective_ai_assisted_input_value,high,ルーマニア（共産期）,Published canonical input; retained from the legacy AI-assisted exploratory coding and not calculated from a public dataset.
data/polity_period_records.csv,90,geo_barrier,0.4,canonical_csv_input,subjective_ai_assisted_input_value,high,ルーマニア（共産期）,Published canonical input; retained from the legacy AI-assisted exploratory coding and not calculated from a public dataset.
data/polity_period_records.csv,90,has_external_patron,1,canonical_csv_input,historically_anchored_input_value,medium,ルーマニア（共産期）,Published canonical historical input; field-level source status is documented in supplementary_case_sources.csv.
data/polity_period_records.csv,90,institutional_quality,0.2,canonical_csv_input,subjective_ai_assisted_input_value,high,ルーマニア（共産期）,Published canonical input; retained from the legacy AI-assisted exploratory coding and not calculated from a public dataset.
data/polity_period_records.csv,90,regime_duration_yrs,42,canonical_csv_input,historically_anchored_input_value,medium,ルーマニア（共産期）,Published canonical historical input; field-level source status is documented in supplementary_case_sources.csv.
data/polity_period_records.csv,90,relative_pop,0.07,canonical_csv_input,subjective_ai_assisted_input_value,high,ルーマニア（共産期）,Published canonical input; retained from the legacy AI-assisted exploratory coding and not calculated from a public dataset.
data/polity_period_records.csv,90,stock_index,0.45,canonical_csv_input,subjective_ai_assisted_input_value,high,ルーマニア（共産期）,Published canonical input; retained from the legacy AI-assisted exploratory coding and not calculated from a public dataset.
data/polity_period_records.csv,90,tech_position,0.3,canonical_csv_input,subjective_ai_assisted_input_value,high,ルーマニア（共産期）,Published canonical input; retained from the legacy AI-assisted exploratory coding and not calculated from a public dataset.
data/polity_period_records.csv,90,trade_openness,0.15,canonical_csv_input,subjective_ai_assisted_input_value,high,ルーマニア（共産期）,Published canonical input; retained from the legacy AI-assisted exploratory coding and not calculated from a public dataset.
data/polity_period_records.csv,91,external_threat,0.7,canonical_csv_input,subjective_ai_assisted_input_value,high,台湾,Published canonical input; retained from the legacy AI-assisted exploratory coding and not calculated from a public dataset.
data/polity_period_records.csv,91,geo_barrier,0.7,canonical_csv_input,subjective_ai_assisted_input_value,high,台湾,Published canonical input; retained from the legacy AI-assisted exploratory coding and not calculated from a public dataset.
data/polity_period_records.csv,91,has_external_patron,1,canonical_csv_input,historically_anchored_input_value,medium,台湾,Published canonical historical input; field-level source status is documented in supplementary_case_sources.csv.
data/polity_period_records.csv,91,institutional_quality,0.7,canonical_csv_input,subjective_ai_assisted_input_value,high,台湾,Published canonical input; retained from the legacy AI-assisted exploratory coding and not calculated from a public dataset.
data/polity_period_records.csv,91,regime_duration_yrs,76,canonical_csv_input,historically_anchored_input_value,medium,台湾,Published canonical historical input; field-level source status is documented in supplementary_case_sources.csv.
data/polity_period_records.csv,91,relative_pop,0.05,canonical_csv_input,subjective_ai_assisted_input_value,high,台湾,Published canonical input; retained from the legacy AI-assisted exploratory coding and not calculated from a public dataset.
data/polity_period_records.csv,91,stock_index,0.6,canonical_csv_input,subjective_ai_assisted_input_value,high,台湾,Published canonical input; retained from the legacy AI-assisted exploratory coding and not calculated from a public dataset.
data/polity_period_records.csv,91,tech_position,0.85,canonical_csv_input,subjective_ai_assisted_input_value,high,台湾,Published canonical input; retained from the legacy AI-assisted exploratory coding and not calculated from a public dataset.
data/polity_period_records.csv,91,trade_openness,0.8,canonical_csv_input,subjective_ai_assisted_input_value,high,台湾,Published canonical input; retained from the legacy AI-assisted exploratory coding and not calculated from a public dataset.
data/polity_period_records.csv,92,external_threat,0.9,canonical_csv_input,subjective_ai_assisted_input_value,high,イスラエル,Published canonical input; retained from the legacy AI-assisted exploratory coding and not calculated from a public dataset.
data/polity_period_records.csv,92,geo_barrier,0.3,canonical_csv_input,subjective_ai_assisted_input_value,high,イスラエル,Published canonical input; retained from the legacy AI-assisted exploratory coding and not calculated from a public dataset.
data/polity_period_records.csv,92,has_external_patron,1,canonical_csv_input,historically_anchored_input_value,medium,イスラエル,Published canonical historical input; field-level source status is documented in supplementary_case_sources.csv.
data/polity_period_records.csv,92,institutional_quality,0.7,canonical_csv_input,subjective_ai_assisted_input_value,high,イスラエル,Published canonical input; retained from the legacy AI-assisted exploratory coding and not calculated from a public dataset.
data/polity_period_records.csv,92,regime_duration_yrs,77,canonical_csv_input,historically_anchored_input_value,medium,イスラエル,Published canonical historical input; field-level source status is documented in supplementary_case_sources.csv.
data/polity_period_records.csv,92,relative_pop,0.02,canonical_csv_input,subjective_ai_assisted_input_value,high,イスラエル,Published canonical input; retained from the legacy AI-assisted exploratory coding and not calculated from a public dataset.
data/polity_period_records.csv,92,stock_index,0.55,canonical_csv_input,subjective_ai_assisted_input_value,high,イスラエル,Published canonical input; retained from the legacy AI-assisted exploratory coding and not calculated from a public dataset.
data/polity_period_records.csv,92,tech_position,0.9,canonical_csv_input,subjective_ai_assisted_input_value,high,イスラエル,Published canonical input; retained from the legacy AI-assisted exploratory coding and not calculated from a public dataset.
data/polity_period_records.csv,92,trade_openness,0.65,canonical_csv_input,subjective_ai_assisted_input_value,high,イスラエル,Published canonical input; retained from the legacy AI-assisted exploratory coding and not calculated from a public dataset.
data/polity_period_records.csv,93,external_threat,0.4,canonical_csv_input,subjective_ai_assisted_input_value,high,UAE,Published canonical input; retained from the legacy AI-assisted exploratory coding and not calculated from a public dataset.
data/polity_period_records.csv,93,geo_barrier,0.4,canonical_csv_input,subjective_ai_assisted_input_value,high,UAE,Published canonical input; retained from the legacy AI-assisted exploratory coding and not calculated from a public dataset.
data/polity_period_records.csv,93,has_external_patron,1,canonical_csv_input,historically_anchored_input_value,medium,UAE,Published canonical historical input; field-level source status is documented in supplementary_case_sources.csv.
data/polity_period_records.csv,93,institutional_quality,0.6,canonical_csv_input,subjective_ai_assisted_input_value,high,UAE,Published canonical input; retained from the legacy AI-assisted exploratory coding and not calculated from a public dataset.
data/polity_period_records.csv,93,regime_duration_yrs,54,canonical_csv_input,historically_anchored_input_value,medium,UAE,Published canonical historical input; field-level source status is documented in supplementary_case_sources.csv.
data/polity_period_records.csv,93,relative_pop,0.01,canonical_csv_input,subjective_ai_assisted_input_value,high,UAE,Published canonical input; retained from the legacy AI-assisted exploratory coding and not calculated from a public dataset.
data/polity_period_records.csv,93,stock_index,0.5,canonical_csv_input,subjective_ai_assisted_input_value,high,UAE,Published canonical input; retained from the legacy AI-assisted exploratory coding and not calculated from a public dataset.
data/polity_period_records.csv,93,tech_position,0.6,canonical_csv_input,subjective_ai_assisted_input_value,high,UAE,Published canonical input; retained from the legacy AI-assisted exploratory coding and not calculated from a public dataset.
data/polity_period_records.csv,93,trade_openness,0.85,canonical_csv_input,subjective_ai_assisted_input_value,high,UAE,Published canonical input; retained from the legacy AI-assisted exploratory coding and not calculated from a public dataset.
data/polity_period_records.csv,94,external_threat,0.5,canonical_csv_input,subjective_ai_assisted_input_value,high,現代インド,Published canonical input; retained from the legacy AI-assisted exploratory coding and not calculated from a public dataset.
data/polity_period_records.csv,94,geo_barrier,0.5,canonical_csv_input,subjective_ai_assisted_input_value,high,現代インド,Published canonical input; retained from the legacy AI-assisted exploratory coding and not calculated from a public dataset.
data/polity_period_records.csv,94,has_external_patron,0,canonical_csv_input,historically_anchored_input_value,medium,現代インド,Published canonical historical input; field-level source status is documented in supplementary_case_sources.csv.
data/polity_period_records.csv,94,institutional_quality,0.5,canonical_csv_input,subjective_ai_assisted_input_value,high,現代インド,Published canonical input; retained from the legacy AI-assisted exploratory coding and not calculated from a public dataset.
data/polity_period_records.csv,94,regime_duration_yrs,34,canonical_csv_input,historically_anchored_input_value,medium,現代インド,Published canonical historical input; field-level source status is documented in supplementary_case_sources.csv.
data/polity_period_records.csv,94,relative_pop,0.95,canonical_csv_input,subjective_ai_assisted_input_value,high,現代インド,Published canonical input; retained from the legacy AI-assisted exploratory coding and not calculated from a public dataset.
data/polity_period_records.csv,94,stock_index,0.55,canonical_csv_input,subjective_ai_assisted_input_value,high,現代インド,Published canonical input; retained from the legacy AI-assisted exploratory coding and not calculated from a public dataset.
data/polity_period_records.csv,94,tech_position,0.6,canonical_csv_input,subjective_ai_assisted_input_value,high,現代インド,Published canonical input; retained from the legacy AI-assisted exploratory coding and not calculated from a public dataset.
data/polity_period_records.csv,94,trade_openness,0.5,canonical_csv_input,subjective_ai_assisted_input_value,high,現代インド,Published canonical input; retained from the legacy AI-assisted exploratory coding and not calculated from a public dataset.
data/polity_period_records.csv,95,external_threat,0.8,canonical_csv_input,subjective_ai_assisted_input_value,high,イラン（イスラム共和国）,Published canonical input; retained from the legacy AI-assisted exploratory coding and not calculated from a public dataset.
data/polity_period_records.csv,95,geo_barrier,0.5,canonical_csv_input,subjective_ai_assisted_input_value,high,イラン（イスラム共和国）,Published canonical input; retained from the legacy AI-assisted exploratory coding and not calculated from a public dataset.
data/polity_period_records.csv,95,has_external_patron,0,canonical_csv_input,historically_anchored_input_value,medium,イラン（イスラム共和国）,Published canonical historical input; field-level source status is documented in supplementary_case_sources.csv.
data/polity_period_records.csv,95,institutional_quality,0.3,canonical_csv_input,subjective_ai_assisted_input_value,high,イラン（イスラム共和国）,Published canonical input; retained from the legacy AI-assisted exploratory coding and not calculated from a public dataset.
data/polity_period_records.csv,95,regime_duration_yrs,46,canonical_csv_input,historically_anchored_input_value,medium,イラン（イスラム共和国）,Published canonical historical input; field-level source status is documented in supplementary_case_sources.csv.
data/polity_period_records.csv,95,relative_pop,0.2,canonical_csv_input,subjective_ai_assisted_input_value,high,イラン（イスラム共和国）,Published canonical input; retained from the legacy AI-assisted exploratory coding and not calculated from a public dataset.
data/polity_period_records.csv,95,stock_index,0.55,canonical_csv_input,subjective_ai_assisted_input_value,high,イラン（イスラム共和国）,Published canonical input; retained from the legacy AI-assisted exploratory coding and not calculated from a public dataset.
data/polity_period_records.csv,95,tech_position,0.4,canonical_csv_input,subjective_ai_assisted_input_value,high,イラン（イスラム共和国）,Published canonical input; retained from the legacy AI-assisted exploratory coding and not calculated from a public dataset.
data/polity_period_records.csv,95,trade_openness,0.2,canonical_csv_input,subjective_ai_assisted_input_value,high,イラン（イスラム共和国）,Published canonical input; retained from the legacy AI-assisted exploratory coding and not calculated from a public dataset.
data/polity_period_records.csv,96,external_threat,0.4,canonical_csv_input,subjective_ai_assisted_input_value,high,ミャンマー（軍政期〜現在）,Published canonical input; retained from the legacy AI-assisted exploratory coding and not calculated from a public dataset.
data/polity_period_records.csv,96,geo_barrier,0.5,canonical_csv_input,subjective_ai_assisted_input_value,high,ミャンマー（軍政期〜現在）,Published canonical input; retained from the legacy AI-assisted exploratory coding and not calculated from a public dataset.
data/polity_period_records.csv,96,has_external_patron,1,canonical_csv_input,historically_anchored_input_value,medium,ミャンマー（軍政期〜現在）,Published canonical historical input; field-level source status is documented in supplementary_case_sources.csv.
data/polity_period_records.csv,96,institutional_quality,0.1,canonical_csv_input,subjective_ai_assisted_input_value,high,ミャンマー（軍政期〜現在）,Published canonical input; retained from the legacy AI-assisted exploratory coding and not calculated from a public dataset.
data/polity_period_records.csv,96,regime_duration_yrs,63,canonical_csv_input,historically_anchored_input_value,medium,ミャンマー（軍政期〜現在）,Published canonical historical input; field-level source status is documented in supplementary_case_sources.csv.
data/polity_period_records.csv,96,relative_pop,0.1,canonical_csv_input,subjective_ai_assisted_input_value,high,ミャンマー（軍政期〜現在）,Published canonical input; retained from the legacy AI-assisted exploratory coding and not calculated from a public dataset.
data/polity_period_records.csv,96,stock_index,0.3,canonical_csv_input,subjective_ai_assisted_input_value,high,ミャンマー（軍政期〜現在）,Published canonical input; retained from the legacy AI-assisted exploratory coding and not calculated from a public dataset.
data/polity_period_records.csv,96,tech_position,0.1,canonical_csv_input,subjective_ai_assisted_input_value,high,ミャンマー（軍政期〜現在）,Published canonical input; retained from the legacy AI-assisted exploratory coding and not calculated from a public dataset.
data/polity_period_records.csv,96,trade_openness,0.15,canonical_csv_input,subjective_ai_assisted_input_value,high,ミャンマー（軍政期〜現在）,Published canonical input; retained from the legacy AI-assisted exploratory coding and not calculated from a public dataset.
data/polity_period_records.csv,97,external_threat,0.3,canonical_csv_input,subjective_ai_assisted_input_value,high,トルクメニスタン,Published canonical input; retained from the legacy AI-assisted exploratory coding and not calculated from a public dataset.
data/polity_period_records.csv,97,geo_barrier,0.4,canonical_csv_input,subjective_ai_assisted_input_value,high,トルクメニスタン,Published canonical input; retained from the legacy AI-assisted exploratory coding and not calculated from a public dataset.
data/polity_period_records.csv,97,has_external_patron,0,canonical_csv_input,historically_anchored_input_value,medium,トルクメニスタン,Published canonical historical input; field-level source status is documented in supplementary_case_sources.csv.
data/polity_period_records.csv,97,institutional_quality,0.1,canonical_csv_input,subjective_ai_assisted_input_value,high,トルクメニスタン,Published canonical input; retained from the legacy AI-assisted exploratory coding and not calculated from a public dataset.
data/polity_period_records.csv,97,regime_duration_yrs,34,canonical_csv_input,historically_anchored_input_value,medium,トルクメニスタン,Published canonical historical input; field-level source status is documented in supplementary_case_sources.csv.
data/polity_period_records.csv,97,relative_pop,0.01,canonical_csv_input,subjective_ai_assisted_input_value,high,トルクメニスタン,Published canonical input; retained from the legacy AI-assisted exploratory coding and not calculated from a public dataset.
data/polity_period_records.csv,97,stock_index,0.35,canonical_csv_input,subjective_ai_assisted_input_value,high,トルクメニスタン,Published canonical input; retained from the legacy AI-assisted exploratory coding and not calculated from a public dataset.
data/polity_period_records.csv,97,tech_position,0.1,canonical_csv_input,subjective_ai_assisted_input_value,high,トルクメニスタン,Published canonical input; retained from the legacy AI-assisted exploratory coding and not calculated from a public dataset.
data/polity_period_records.csv,97,trade_openness,0.1,canonical_csv_input,subjective_ai_assisted_input_value,high,トルクメニスタン,Published canonical input; retained from the legacy AI-assisted exploratory coding and not calculated from a public dataset.
export_dataset.py,20,,8,number_embedded_in_text,prose_or_label_number,low,"with output.open(""w"", encoding=""utf-8"", newline="""") as handle:",Number is embedded in a string and requires contextual review.
export_dataset.py,22,,0,numeric_ast_literal,code_constant_requires_context,medium,"handle, fieldnames=list(records[0]), lineterminator=""\n""","Numeric code constant not automatically reducible to a result, layout, or documented analysis parameter."
export_dataset.py,37,,8,number_embedded_in_text,prose_or_label_number,low,"with output.open(""w"", encoding=""utf-8"", newline="""") as handle:",Number is embedded in a string and requires contextual review.
export_dataset.py,51,,0,numeric_ast_literal,code_constant_requires_context,medium,for field in records[0]:,"Numeric code constant not automatically reducible to a result, layout, or documented analysis parameter."
export_dataset.py,55,,05,number_embedded_in_text,prose_or_label_number,low,"""AI-assisted exploratory coding on 2026-05-13; """,Number is embedded in a string and requires contextual review.
export_dataset.py,55,,13,number_embedded_in_text,prose_or_label_number,low,"""AI-assisted exploratory coding on 2026-05-13; """,Number is embedded in a string and requires contextual review.
export_dataset.py,55,,2026,number_embedded_in_text,prose_or_label_number,low,"""AI-assisted exploratory coding on 2026-05-13; """,Number is embedded in a string and requires contextual review.
export_dataset.py,63,,05,number_embedded_in_text,sample_size_or_candidate_count_literal,medium,"origin = ""AI-assisted classification on 2026-05-13""",Count is embedded in prose or validation logic; manuscript counts should be generated dynamically.
export_dataset.py,63,,13,number_embedded_in_text,sample_size_or_candidate_count_literal,medium,"origin = ""AI-assisted classification on 2026-05-13""",Count is embedded in prose or validation logic; manuscript counts should be generated dynamically.
export_dataset.py,63,,2026,number_embedded_in_text,sample_size_or_candidate_count_literal,medium,"origin = ""AI-assisted classification on 2026-05-13""",Count is embedded in prose or validation logic; manuscript counts should be generated dynamically.
export_dataset.py,69,,05,number_embedded_in_text,sample_size_or_candidate_count_literal,medium,"origin = ""AI-assisted entry on 2026-05-13""",Count is embedded in prose or validation logic; manuscript counts should be generated dynamically.
export_dataset.py,69,,13,number_embedded_in_text,sample_size_or_candidate_count_literal,medium,"origin = ""AI-assisted entry on 2026-05-13""",Count is embedded in prose or validation logic; manuscript counts should be generated dynamically.
export_dataset.py,69,,2026,number_embedded_in_text,sample_size_or_candidate_count_literal,medium,"origin = ""AI-assisted entry on 2026-05-13""",Count is embedded in prose or validation logic; manuscript counts should be generated dynamically.
export_dataset.py,75,,05,number_embedded_in_text,sample_size_or_candidate_count_literal,medium,"origin = ""AI-assisted entry on 2026-05-13""",Count is embedded in prose or validation logic; manuscript counts should be generated dynamically.
export_dataset.py,75,,13,number_embedded_in_text,sample_size_or_candidate_count_literal,medium,"origin = ""AI-assisted entry on 2026-05-13""",Count is embedded in prose or validation logic; manuscript counts should be generated dynamically.
export_dataset.py,75,,2026,number_embedded_in_text,sample_size_or_candidate_count_literal,medium,"origin = ""AI-assisted entry on 2026-05-13""",Count is embedded in prose or validation logic; manuscript counts should be generated dynamically.
mediation.py,1,,1,number_embedded_in_text,prose_or_label_number,low,"""""""",Number is embedded in a string and requires contextual review.
mediation.py,1,,1986,number_embedded_in_text,prose_or_label_number,low,"""""""",Number is embedded in a string and requires contextual review.
mediation.py,1,,2,number_embedded_in_text,prose_or_label_number,low,"""""""",Number is embedded in a string and requires contextual review.
mediation.py,1,,3,number_embedded_in_text,prose_or_label_number,low,"""""""",Number is embedded in a string and requires contextual review.
mediation.py,1,,4,number_embedded_in_text,prose_or_label_number,low,"""""""",Number is embedded in a string and requires contextual review.
mediation.py,1,,5,number_embedded_in_text,prose_or_label_number,low,"""""""",Number is embedded in a string and requires contextual review.
mediation.py,31,,1986,number_embedded_in_text,prose_or_label_number,low,"""""""Baron-Kenny (1986) 4-step mediation analysis""""""",Number is embedded in a string and requires contextual review.
mediation.py,31,,4,number_embedded_in_text,prose_or_label_number,low,"""""""Baron-Kenny (1986) 4-step mediation analysis""""""",Number is embedded in a string and requires contextual review.
mediation.py,32,,60,numeric_ast_literal,code_constant_requires_context,medium,"print(f""\n{'='*60}"")","Numeric code constant not automatically reducible to a result, layout, or documented analysis parameter."
mediation.py,34,,60,numeric_ast_literal,code_constant_requires_context,medium,"print(f""{'='*60}"")","Numeric code constant not automatically reducible to a result, layout, or documented analysis parameter."
mediation.py,39,,2,numeric_ast_literal,code_constant_requires_context,medium,if y.nunique() == 2:,"Numeric code constant not automatically reducible to a result, layout, or documented analysis parameter."
mediation.py,40,,0,numeric_ast_literal,code_constant_requires_context,medium,"model_xy = sm.Logit(y, X).fit(disp=0)","Numeric code constant not automatically reducible to a result, layout, or documented analysis parameter."
mediation.py,43,,1,numeric_ast_literal,code_constant_requires_context,medium,c = model_xy.params.iloc[1],"Numeric code constant not automatically reducible to a result, layout, or documented analysis parameter."
mediation.py,44,,1,numeric_ast_literal,code_constant_requires_context,medium,p_c = model_xy.pvalues.iloc[1],"Numeric code constant not automatically reducible to a result, layout, or documented analysis parameter."
mediation.py,45,,1,number_embedded_in_text,dynamically_generated_value_or_format_precision,low,"print(f""\n  Step 1 (総効果 c): {x_label} → {y_label}"")",Number appears in an f-string or format specification; the reported value is generated at runtime.
mediation.py,50,,1,numeric_ast_literal,code_constant_requires_context,medium,a = model_xm.params.iloc[1],"Numeric code constant not automatically reducible to a result, layout, or documented analysis parameter."
mediation.py,51,,1,numeric_ast_literal,code_constant_requires_context,medium,p_a = model_xm.pvalues.iloc[1],"Numeric code constant not automatically reducible to a result, layout, or documented analysis parameter."
mediation.py,53,,2,number_embedded_in_text,dynamically_generated_value_or_format_precision,low,"print(f""\n  Step 2 (a path): {x_label} → {m_label}"")",Number appears in an f-string or format specification; the reported value is generated at runtime.
mediation.py,58,,2,numeric_ast_literal,code_constant_requires_context,medium,if y.nunique() == 2:,"Numeric code constant not automatically reducible to a result, layout, or documented analysis parameter."
mediation.py,59,,0,numeric_ast_literal,code_constant_requires_context,medium,"model_xmy = sm.Logit(y, XM).fit(disp=0)","Numeric code constant not automatically reducible to a result, layout, or documented analysis parameter."
mediation.py,66,,3,number_embedded_in_text,dynamically_generated_value_or_format_precision,low,"print(f""\n  Step 3 (b path): {m_label} → {y_label} (controlling {x_label})"")",Number appears in an f-string or format specification; the reported value is generated at runtime.
mediation.py,68,,4,number_embedded_in_text,dynamically_generated_value_or_format_precision,low,"print(f""\n  Step 4 (直接効果 c'): {x_label} → {y_label} (controlling {m_label})"")",Number appears in an f-string or format specification; the reported value is generated at runtime.
mediation.py,78,,1e-10,numeric_ast_literal,code_constant_requires_context,medium,if abs(c) > 1e-10:,"Numeric code constant not automatically reducible to a result, layout, or documented analysis parameter."
mediation.py,83,,0,number_embedded_in_text,prose_or_label_number,low,"print(f""  媒介割合       = N/A (総効果≈0)"")",Number is embedded in a string and requires contextual review.
mediation.py,86,,1,numeric_ast_literal,code_constant_requires_context,medium,se_a = model_xm.bse.iloc[1],"Numeric code constant not automatically reducible to a result, layout, or documented analysis parameter."
mediation.py,88,,2,numeric_ast_literal,code_constant_requires_context,medium,sobel_se = np.sqrt(a**2 * se_b**2 + b**2 * se_a**2),"Numeric code constant not automatically reducible to a result, layout, or documented analysis parameter."
mediation.py,88,,2,numeric_ast_literal,code_constant_requires_context,medium,sobel_se = np.sqrt(a**2 * se_b**2 + b**2 * se_a**2),"Numeric code constant not automatically reducible to a result, layout, or documented analysis parameter."
mediation.py,88,,2,numeric_ast_literal,code_constant_requires_context,medium,sobel_se = np.sqrt(a**2 * se_b**2 + b**2 * se_a**2),"Numeric code constant not automatically reducible to a result, layout, or documented analysis parameter."
mediation.py,88,,2,numeric_ast_literal,code_constant_requires_context,medium,sobel_se = np.sqrt(a**2 * se_b**2 + b**2 * se_a**2),"Numeric code constant not automatically reducible to a result, layout, or documented analysis parameter."
mediation.py,89,,0,numeric_ast_literal,code_constant_requires_context,medium,sobel_z = indirect / sobel_se if sobel_se > 0 else 0,"Numeric code constant not automatically reducible to a result, layout, or documented analysis parameter."
mediation.py,89,,0,numeric_ast_literal,code_constant_requires_context,medium,sobel_z = indirect / sobel_se if sobel_se > 0 else 0,"Numeric code constant not automatically reducible to a result, layout, or documented analysis parameter."
mediation.py,90,,1,numeric_ast_literal,code_constant_requires_context,medium,sobel_p = 2 * (1 - sp_stats.norm.cdf(abs(sobel_z))),"Numeric code constant not automatically reducible to a result, layout, or documented analysis parameter."
mediation.py,90,,2,numeric_ast_literal,code_constant_requires_context,medium,sobel_p = 2 * (1 - sp_stats.norm.cdf(abs(sobel_z))),"Numeric code constant not automatically reducible to a result, layout, or documented analysis parameter."
mediation.py,95,,0.1,numeric_ast_literal,code_constant_requires_context,medium,step1_ok = p_c < 0.10,"Numeric code constant not automatically reducible to a result, layout, or documented analysis parameter."
mediation.py,96,,0.1,numeric_ast_literal,code_constant_requires_context,medium,step2_ok = p_a < 0.10,"Numeric code constant not automatically reducible to a result, layout, or documented analysis parameter."
mediation.py,97,,0.1,numeric_ast_literal,code_constant_requires_context,medium,step3_ok = p_b < 0.10,"Numeric code constant not automatically reducible to a result, layout, or documented analysis parameter."
mediation.py,100,,0.1,numeric_ast_literal,code_constant_requires_context,medium,if p_c_prime >= 0.10:,"Numeric code constant not automatically reducible to a result, layout, or documented analysis parameter."
mediation.py,126,,0.05,numeric_ast_literal,analysis_parameter_or_threshold,medium,"def bootstrap_indirect_effect(y, x, m, n_boot=5000, alpha=0.05):","Explicit analysis parameter, random seed, resampling count, or decision threshold."
mediation.py,126,,5000,numeric_ast_literal,analysis_parameter_or_threshold,medium,"def bootstrap_indirect_effect(y, x, m, n_boot=5000, alpha=0.05):","Explicit analysis parameter, random seed, resampling count, or decision threshold."
mediation.py,130,,42,numeric_ast_literal,analysis_parameter_or_threshold,medium,rng = np.random.default_rng(42),"Explicit analysis parameter, random seed, resampling count, or decision threshold."
mediation.py,139,,1,numeric_ast_literal,code_constant_requires_context,medium,a_b = model_a.params.iloc[1],"Numeric code constant not automatically reducible to a result, layout, or documented analysis parameter."
mediation.py,142,,2,numeric_ast_literal,code_constant_requires_context,medium,if y_b.nunique() == 2:,"Numeric code constant not automatically reducible to a result, layout, or documented analysis parameter."
mediation.py,143,,0,numeric_ast_literal,analysis_parameter_or_threshold,medium,"model_b = sm.Logit(y_b, XM_b).fit(disp=0, maxiter=50)","Explicit analysis parameter, random seed, resampling count, or decision threshold."
mediation.py,143,,50,numeric_ast_literal,analysis_parameter_or_threshold,medium,"model_b = sm.Logit(y_b, XM_b).fit(disp=0, maxiter=50)","Explicit analysis parameter, random seed, resampling count, or decision threshold."
mediation.py,152,,100,numeric_ast_literal,analysis_parameter_or_threshold,medium,"ci_lo = np.percentile(indirect_boots, 100 * alpha / 2)","Explicit analysis parameter, random seed, resampling count, or decision threshold."
mediation.py,152,,2,numeric_ast_literal,analysis_parameter_or_threshold,medium,"ci_lo = np.percentile(indirect_boots, 100 * alpha / 2)","Explicit analysis parameter, random seed, resampling count, or decision threshold."
mediation.py,153,,1,numeric_ast_literal,analysis_parameter_or_threshold,medium,"ci_hi = np.percentile(indirect_boots, 100 * (1 - alpha / 2))","Explicit analysis parameter, random seed, resampling count, or decision threshold."
mediation.py,153,,100,numeric_ast_literal,analysis_parameter_or_threshold,medium,"ci_hi = np.percentile(indirect_boots, 100 * (1 - alpha / 2))","Explicit analysis parameter, random seed, resampling count, or decision threshold."
mediation.py,153,,2,numeric_ast_literal,analysis_parameter_or_threshold,medium,"ci_hi = np.percentile(indirect_boots, 100 * (1 - alpha / 2))","Explicit analysis parameter, random seed, resampling count, or decision threshold."
mediation.py,156,,0,numeric_ast_literal,code_constant_requires_context,medium,p_val = np.mean(indirect_boots <= 0) * 2  # two-sided,"Numeric code constant not automatically reducible to a result, layout, or documented analysis parameter."
mediation.py,156,,2,numeric_ast_literal,code_constant_requires_context,medium,p_val = np.mean(indirect_boots <= 0) * 2  # two-sided,"Numeric code constant not automatically reducible to a result, layout, or documented analysis parameter."
mediation.py,157,,1,numeric_ast_literal,code_constant_requires_context,medium,if p_val > 1:,"Numeric code constant not automatically reducible to a result, layout, or documented analysis parameter."
mediation.py,158,,2,numeric_ast_literal,code_constant_requires_context,medium,p_val = 2 - p_val,"Numeric code constant not automatically reducible to a result, layout, or documented analysis parameter."
mediation.py,254,,70,numeric_ast_literal,code_constant_requires_context,medium,"print(""\n\n"" + ""="" * 70)","Numeric code constant not automatically reducible to a result, layout, or documented analysis parameter."
mediation.py,256,,70,numeric_ast_literal,code_constant_requires_context,medium,"print(""="" * 70)","Numeric code constant not automatically reducible to a result, layout, or documented analysis parameter."
mediation.py,258,,110,numeric_ast_literal,code_constant_requires_context,medium,"print(""-"" * 110)","Numeric code constant not automatically reducible to a result, layout, or documented analysis parameter."
mediation.py,261,,0,numeric_ast_literal,code_constant_requires_context,medium,"ci_str = f""[{r['boot_ci'][0]:.4f}, {r['boot_ci'][1]:.4f}]""","Numeric code constant not automatically reducible to a result, layout, or documented analysis parameter."
mediation.py,261,,1,numeric_ast_literal,code_constant_requires_context,medium,"ci_str = f""[{r['boot_ci'][0]:.4f}, {r['boot_ci'][1]:.4f}]""","Numeric code constant not automatically reducible to a result, layout, or documented analysis parameter."
mediation.py,265,,70,numeric_ast_literal,code_constant_requires_context,medium,"print(""\n\n"" + ""="" * 70)","Numeric code constant not automatically reducible to a result, layout, or documented analysis parameter."
mediation.py,267,,70,numeric_ast_literal,code_constant_requires_context,medium,"print(""="" * 70)","Numeric code constant not automatically reducible to a result, layout, or documented analysis parameter."
mediation.py,269,,0.1,numeric_ast_literal,code_constant_requires_context,medium,"significant = [r for r in results if r[""sobel_p""] < 0.10 or r[""boot_p""] < 0.10]","Numeric code constant not automatically reducible to a result, layout, or documented analysis parameter."
mediation.py,269,,0.1,numeric_ast_literal,code_constant_requires_context,medium,"significant = [r for r in results if r[""sobel_p""] < 0.10 or r[""boot_p""] < 0.10]","Numeric code constant not automatically reducible to a result, layout, or documented analysis parameter."
mediation.py,280,,54,number_embedded_in_text,prose_or_label_number,low,"print(""    1. サンプルサイズ不足（N=54）"")",Number is embedded in a string and requires contextual review.
mediation.py,288,,0.001,numeric_ast_literal,code_constant_requires_context,medium,"sig = ""***"" if r[""p_a""] < 0.001 else ""**"" if r[""p_a""] < 0.01 else ""*"" if r[""p_a""] < 0.05 else ""†"" if r[""p_a""] < 0.10 else """"","Numeric code constant not automatically reducible to a result, layout, or documented analysis parameter."
mediation.py,288,,0.01,numeric_ast_literal,code_constant_requires_context,medium,"sig = ""***"" if r[""p_a""] < 0.001 else ""**"" if r[""p_a""] < 0.01 else ""*"" if r[""p_a""] < 0.05 else ""†"" if r[""p_a""] < 0.10 else """"","Numeric code constant not automatically reducible to a result, layout, or documented analysis parameter."
mediation.py,288,,0.05,numeric_ast_literal,code_constant_requires_context,medium,"sig = ""***"" if r[""p_a""] < 0.001 else ""**"" if r[""p_a""] < 0.01 else ""*"" if r[""p_a""] < 0.05 else ""†"" if r[""p_a""] < 0.10 else """"","Numeric code constant not automatically reducible to a result, layout, or documented analysis parameter."
mediation.py,288,,0.1,numeric_ast_literal,code_constant_requires_context,medium,"sig = ""***"" if r[""p_a""] < 0.001 else ""**"" if r[""p_a""] < 0.01 else ""*"" if r[""p_a""] < 0.05 else ""†"" if r[""p_a""] < 0.10 else """"","Numeric code constant not automatically reducible to a result, layout, or documented analysis parameter."
modern_analysis.py,35,,0.75,numeric_ast_literal,simulation_or_scenario_parameter,medium,"""stock_index"": 0.75,",Explicit forward-looking simulation or scenario assumption.
modern_analysis.py,36,,0.5,numeric_ast_literal,simulation_or_scenario_parameter,medium,"""trade_openness"": 0.50,      # 選択的開放",Explicit forward-looking simulation or scenario assumption.
modern_analysis.py,37,,0.5,numeric_ast_literal,simulation_or_scenario_parameter,medium,"""geo_barrier"": 0.5,",Explicit forward-looking simulation or scenario assumption.
modern_analysis.py,38,,0.6,numeric_ast_literal,simulation_or_scenario_parameter,medium,"""external_threat"": 0.6,",Explicit forward-looking simulation or scenario assumption.
modern_analysis.py,39,,0.7,numeric_ast_literal,simulation_or_scenario_parameter,medium,"""tech_position"": 0.7,",Explicit forward-looking simulation or scenario assumption.
modern_analysis.py,40,,0.5,numeric_ast_literal,simulation_or_scenario_parameter,medium,"""institutional_quality"": 0.5,",Explicit forward-looking simulation or scenario assumption.
modern_analysis.py,41,,5,numeric_ast_literal,simulation_or_scenario_parameter,medium,"""era_code"": 5,",Explicit forward-looking simulation or scenario assumption.
modern_analysis.py,42,,0,numeric_ast_literal,simulation_or_scenario_parameter,medium,"""has_external_patron"": 0,",Explicit forward-looking simulation or scenario assumption.
modern_analysis.py,43,,76,numeric_ast_literal,simulation_or_scenario_parameter,medium,"""regime_duration_yrs"": 76,",Explicit forward-looking simulation or scenario assumption.
modern_analysis.py,69,,0.55,numeric_ast_literal,simulation_or_scenario_parameter,medium,"""stock_index"": 0.55,",Explicit forward-looking simulation or scenario assumption.
modern_analysis.py,70,,0.2,numeric_ast_literal,simulation_or_scenario_parameter,medium,"""trade_openness"": 0.20,      # 制裁で急縮小",Explicit forward-looking simulation or scenario assumption.
modern_analysis.py,71,,0.6,numeric_ast_literal,simulation_or_scenario_parameter,medium,"""geo_barrier"": 0.6,",Explicit forward-looking simulation or scenario assumption.
modern_analysis.py,72,,0.7,numeric_ast_literal,simulation_or_scenario_parameter,medium,"""external_threat"": 0.7,",Explicit forward-looking simulation or scenario assumption.
modern_analysis.py,73,,0.4,numeric_ast_literal,simulation_or_scenario_parameter,medium,"""tech_position"": 0.4,",Explicit forward-looking simulation or scenario assumption.
modern_analysis.py,74,,0.2,numeric_ast_literal,simulation_or_scenario_parameter,medium,"""institutional_quality"": 0.2,",Explicit forward-looking simulation or scenario assumption.
modern_analysis.py,75,,5,numeric_ast_literal,simulation_or_scenario_parameter,medium,"""era_code"": 5,",Explicit forward-looking simulation or scenario assumption.
modern_analysis.py,76,,0,numeric_ast_literal,simulation_or_scenario_parameter,medium,"""has_external_patron"": 0,",Explicit forward-looking simulation or scenario assumption.
modern_analysis.py,77,,25,numeric_ast_literal,simulation_or_scenario_parameter,medium,"""regime_duration_yrs"": 25,   # プーチン体制",Explicit forward-looking simulation or scenario assumption.
modern_analysis.py,101,,0.8,numeric_ast_literal,simulation_or_scenario_parameter,medium,"""stock_index"": 0.80,",Explicit forward-looking simulation or scenario assumption.
modern_analysis.py,102,,0.45,numeric_ast_literal,simulation_or_scenario_parameter,medium,"""trade_openness"": 0.45,",Explicit forward-looking simulation or scenario assumption.
modern_analysis.py,103,,0.7,numeric_ast_literal,simulation_or_scenario_parameter,medium,"""geo_barrier"": 0.7,",Explicit forward-looking simulation or scenario assumption.
modern_analysis.py,104,,0.6,numeric_ast_literal,simulation_or_scenario_parameter,medium,"""external_threat"": 0.6,",Explicit forward-looking simulation or scenario assumption.
modern_analysis.py,105,,0.65,numeric_ast_literal,simulation_or_scenario_parameter,medium,"""tech_position"": 0.65,",Explicit forward-looking simulation or scenario assumption.
modern_analysis.py,106,,0.7,numeric_ast_literal,simulation_or_scenario_parameter,medium,"""institutional_quality"": 0.7,",Explicit forward-looking simulation or scenario assumption.
modern_analysis.py,107,,5,numeric_ast_literal,simulation_or_scenario_parameter,medium,"""era_code"": 5,",Explicit forward-looking simulation or scenario assumption.
modern_analysis.py,108,,1,numeric_ast_literal,simulation_or_scenario_parameter,medium,"""has_external_patron"": 1,    # 日米安保",Explicit forward-looking simulation or scenario assumption.
modern_analysis.py,109,,80,numeric_ast_literal,simulation_or_scenario_parameter,medium,"""regime_duration_yrs"": 80,",Explicit forward-looking simulation or scenario assumption.
modern_analysis.py,136,,0.25,numeric_ast_literal,simulation_or_scenario_parameter,medium,"""stock_index"": 0.25,",Explicit forward-looking simulation or scenario assumption.
modern_analysis.py,137,,0.05,numeric_ast_literal,simulation_or_scenario_parameter,medium,"""trade_openness"": 0.05,",Explicit forward-looking simulation or scenario assumption.
modern_analysis.py,138,,0.5,numeric_ast_literal,simulation_or_scenario_parameter,medium,"""geo_barrier"": 0.5,",Explicit forward-looking simulation or scenario assumption.
modern_analysis.py,139,,0.8,numeric_ast_literal,simulation_or_scenario_parameter,medium,"""external_threat"": 0.8,",Explicit forward-looking simulation or scenario assumption.
modern_analysis.py,140,,0.15,numeric_ast_literal,simulation_or_scenario_parameter,medium,"""tech_position"": 0.15,",Explicit forward-looking simulation or scenario assumption.
modern_analysis.py,141,,0.1,numeric_ast_literal,simulation_or_scenario_parameter,medium,"""institutional_quality"": 0.1,",Explicit forward-looking simulation or scenario assumption.
modern_analysis.py,142,,5,numeric_ast_literal,simulation_or_scenario_parameter,medium,"""era_code"": 5,",Explicit forward-looking simulation or scenario assumption.
modern_analysis.py,143,,1,numeric_ast_literal,simulation_or_scenario_parameter,medium,"""has_external_patron"": 1,",Explicit forward-looking simulation or scenario assumption.
modern_analysis.py,144,,77,numeric_ast_literal,simulation_or_scenario_parameter,medium,"""regime_duration_yrs"": 77,",Explicit forward-looking simulation or scenario assumption.
modern_analysis.py,166,,0.55,numeric_ast_literal,simulation_or_scenario_parameter,medium,"""stock_index"": 0.55,",Explicit forward-looking simulation or scenario assumption.
modern_analysis.py,167,,0.2,numeric_ast_literal,simulation_or_scenario_parameter,medium,"""trade_openness"": 0.20,",Explicit forward-looking simulation or scenario assumption.
modern_analysis.py,168,,0.5,numeric_ast_literal,simulation_or_scenario_parameter,medium,"""geo_barrier"": 0.5,",Explicit forward-looking simulation or scenario assumption.
modern_analysis.py,169,,0.8,numeric_ast_literal,simulation_or_scenario_parameter,medium,"""external_threat"": 0.8,",Explicit forward-looking simulation or scenario assumption.
modern_analysis.py,170,,0.4,numeric_ast_literal,simulation_or_scenario_parameter,medium,"""tech_position"": 0.4,",Explicit forward-looking simulation or scenario assumption.
modern_analysis.py,171,,0.3,numeric_ast_literal,simulation_or_scenario_parameter,medium,"""institutional_quality"": 0.3,",Explicit forward-looking simulation or scenario assumption.
modern_analysis.py,172,,5,numeric_ast_literal,simulation_or_scenario_parameter,medium,"""era_code"": 5,",Explicit forward-looking simulation or scenario assumption.
modern_analysis.py,173,,0,numeric_ast_literal,simulation_or_scenario_parameter,medium,"""has_external_patron"": 0,",Explicit forward-looking simulation or scenario assumption.
modern_analysis.py,174,,46,numeric_ast_literal,simulation_or_scenario_parameter,medium,"""regime_duration_yrs"": 46,",Explicit forward-looking simulation or scenario assumption.
modern_analysis.py,198,,0.55,numeric_ast_literal,simulation_or_scenario_parameter,medium,"""stock_index"": 0.55,",Explicit forward-looking simulation or scenario assumption.
modern_analysis.py,199,,0.95,numeric_ast_literal,simulation_or_scenario_parameter,medium,"""trade_openness"": 0.95,",Explicit forward-looking simulation or scenario assumption.
modern_analysis.py,200,,0.3,numeric_ast_literal,simulation_or_scenario_parameter,medium,"""geo_barrier"": 0.3,",Explicit forward-looking simulation or scenario assumption.
modern_analysis.py,201,,0.3,numeric_ast_literal,simulation_or_scenario_parameter,medium,"""external_threat"": 0.3,",Explicit forward-looking simulation or scenario assumption.
modern_analysis.py,202,,0.8,numeric_ast_literal,simulation_or_scenario_parameter,medium,"""tech_position"": 0.8,",Explicit forward-looking simulation or scenario assumption.
modern_analysis.py,203,,0.9,numeric_ast_literal,simulation_or_scenario_parameter,medium,"""institutional_quality"": 0.9,",Explicit forward-looking simulation or scenario assumption.
modern_analysis.py,204,,5,numeric_ast_literal,simulation_or_scenario_parameter,medium,"""era_code"": 5,",Explicit forward-looking simulation or scenario assumption.
modern_analysis.py,205,,1,numeric_ast_literal,simulation_or_scenario_parameter,medium,"""has_external_patron"": 1,",Explicit forward-looking simulation or scenario assumption.
modern_analysis.py,206,,60,numeric_ast_literal,simulation_or_scenario_parameter,medium,"""regime_duration_yrs"": 60,",Explicit forward-looking simulation or scenario assumption.
modern_analysis.py,215,,0.85,numeric_ast_literal,simulation_or_scenario_parameter,medium,"""stock_index"": 0.85,",Explicit forward-looking simulation or scenario assumption.
modern_analysis.py,216,,0.4,numeric_ast_literal,simulation_or_scenario_parameter,medium,"""trade_openness"": 0.40,",Explicit forward-looking simulation or scenario assumption.
modern_analysis.py,217,,0.8,numeric_ast_literal,simulation_or_scenario_parameter,medium,"""geo_barrier"": 0.8,",Explicit forward-looking simulation or scenario assumption.
modern_analysis.py,218,,0.2,numeric_ast_literal,simulation_or_scenario_parameter,medium,"""external_threat"": 0.2,",Explicit forward-looking simulation or scenario assumption.
modern_analysis.py,219,,0.85,numeric_ast_literal,simulation_or_scenario_parameter,medium,"""tech_position"": 0.85,",Explicit forward-looking simulation or scenario assumption.
modern_analysis.py,220,,0.95,numeric_ast_literal,simulation_or_scenario_parameter,medium,"""institutional_quality"": 0.95,",Explicit forward-looking simulation or scenario assumption.
modern_analysis.py,221,,5,numeric_ast_literal,simulation_or_scenario_parameter,medium,"""era_code"": 5,",Explicit forward-looking simulation or scenario assumption.
modern_analysis.py,222,,0,numeric_ast_literal,simulation_or_scenario_parameter,medium,"""has_external_patron"": 0,",Explicit forward-looking simulation or scenario assumption.
modern_analysis.py,223,,176,numeric_ast_literal,simulation_or_scenario_parameter,medium,"""regime_duration_yrs"": 176,",Explicit forward-looking simulation or scenario assumption.
modern_analysis.py,232,,0.65,numeric_ast_literal,simulation_or_scenario_parameter,medium,"""stock_index"": 0.65,",Explicit forward-looking simulation or scenario assumption.
modern_analysis.py,233,,0.8,numeric_ast_literal,simulation_or_scenario_parameter,medium,"""trade_openness"": 0.80,",Explicit forward-looking simulation or scenario assumption.
modern_analysis.py,234,,0.7,numeric_ast_literal,simulation_or_scenario_parameter,medium,"""geo_barrier"": 0.7,",Explicit forward-looking simulation or scenario assumption.
modern_analysis.py,235,,0.7,numeric_ast_literal,simulation_or_scenario_parameter,medium,"""external_threat"": 0.7,",Explicit forward-looking simulation or scenario assumption.
modern_analysis.py,236,,0.85,numeric_ast_literal,simulation_or_scenario_parameter,medium,"""tech_position"": 0.85,",Explicit forward-looking simulation or scenario assumption.
modern_analysis.py,237,,0.75,numeric_ast_literal,simulation_or_scenario_parameter,medium,"""institutional_quality"": 0.75,",Explicit forward-looking simulation or scenario assumption.
modern_analysis.py,238,,5,numeric_ast_literal,simulation_or_scenario_parameter,medium,"""era_code"": 5,",Explicit forward-looking simulation or scenario assumption.
modern_analysis.py,239,,1,numeric_ast_literal,simulation_or_scenario_parameter,medium,"""has_external_patron"": 1,",Explicit forward-looking simulation or scenario assumption.
modern_analysis.py,240,,76,numeric_ast_literal,simulation_or_scenario_parameter,medium,"""regime_duration_yrs"": 76,",Explicit forward-looking simulation or scenario assumption.
modern_analysis.py,256,,0,numeric_ast_literal,simulation_or_scenario_parameter,medium,"model = sm.Logit(y, X).fit(disp=0)",Explicit forward-looking simulation or scenario assumption.
modern_analysis.py,258,,70,numeric_ast_literal,simulation_or_scenario_parameter,medium,"print(""="" * 70)",Explicit forward-looking simulation or scenario assumption.
modern_analysis.py,260,,70,numeric_ast_literal,simulation_or_scenario_parameter,medium,"print(""="" * 70)",Explicit forward-looking simulation or scenario assumption.
modern_analysis.py,267,,58,numeric_ast_literal,simulation_or_scenario_parameter,medium,"print(f""  {'-'*58}"")",Explicit forward-looking simulation or scenario assumption.
modern_analysis.py,274,,70,numeric_ast_literal,simulation_or_scenario_parameter,medium,"print(f""\n\n{'='*70}"")",Explicit forward-looking simulation or scenario assumption.
modern_analysis.py,276,,70,numeric_ast_literal,simulation_or_scenario_parameter,medium,"print(f""{'='*70}\n"")",Explicit forward-looking simulation or scenario assumption.
modern_analysis.py,285,,0,numeric_ast_literal,simulation_or_scenario_parameter,medium,x_new[col] = 0,Explicit forward-looking simulation or scenario assumption.
modern_analysis.py,287,,0,numeric_ast_literal,simulation_or_scenario_parameter,medium,prob = model.predict(x_new).values[0],Explicit forward-looking simulation or scenario assumption.
modern_analysis.py,291,,1,numeric_ast_literal,simulation_or_scenario_parameter,medium,results.sort(key=lambda x: -x[1]),Explicit forward-looking simulation or scenario assumption.
modern_analysis.py,294,,0.2,numeric_ast_literal,simulation_or_scenario_parameter,medium,"risk_level = ""極高"" if prob > 0.8 else ""高"" if prob > 0.6 else ""中"" if prob > 0.4 else ""低"" if prob > 0.2 else ""極低""",Explicit forward-looking simulation or scenario assumption.
modern_analysis.py,294,,0.4,numeric_ast_literal,simulation_or_scenario_parameter,medium,"risk_level = ""極高"" if prob > 0.8 else ""高"" if prob > 0.6 else ""中"" if prob > 0.4 else ""低"" if prob > 0.2 else ""極低""",Explicit forward-looking simulation or scenario assumption.
modern_analysis.py,294,,0.6,numeric_ast_literal,simulation_or_scenario_parameter,medium,"risk_level = ""極高"" if prob > 0.8 else ""高"" if prob > 0.6 else ""中"" if prob > 0.4 else ""低"" if prob > 0.2 else ""極低""",Explicit forward-looking simulation or scenario assumption.
modern_analysis.py,294,,0.8,numeric_ast_literal,simulation_or_scenario_parameter,medium,"risk_level = ""極高"" if prob > 0.8 else ""高"" if prob > 0.6 else ""中"" if prob > 0.4 else ""低"" if prob > 0.2 else ""極低""",Explicit forward-looking simulation or scenario assumption.
modern_analysis.py,295,,20,numeric_ast_literal,simulation_or_scenario_parameter,medium,"bar = ""█"" * int(prob * 20) + ""░"" * (20 - int(prob * 20))",Explicit forward-looking simulation or scenario assumption.
modern_analysis.py,295,,20,numeric_ast_literal,simulation_or_scenario_parameter,medium,"bar = ""█"" * int(prob * 20) + ""░"" * (20 - int(prob * 20))",Explicit forward-looking simulation or scenario assumption.
modern_analysis.py,295,,20,numeric_ast_literal,simulation_or_scenario_parameter,medium,"bar = ""█"" * int(prob * 20) + ""░"" * (20 - int(prob * 20))",Explicit forward-looking simulation or scenario assumption.
modern_analysis.py,306,,70,numeric_ast_literal,simulation_or_scenario_parameter,medium,"print(f""\n\n{'='*70}"")",Explicit forward-looking simulation or scenario assumption.
modern_analysis.py,308,,70,numeric_ast_literal,simulation_or_scenario_parameter,medium,"print(f""{'='*70}"")",Explicit forward-looking simulation or scenario assumption.
modern_analysis.py,317,,0.25,numeric_ast_literal,simulation_or_scenario_parameter,medium,q25 = hist_surv[var].quantile(0.25),Explicit forward-looking simulation or scenario assumption.
modern_analysis.py,318,,0.75,numeric_ast_literal,simulation_or_scenario_parameter,medium,q75 = hist_surv[var].quantile(0.75),Explicit forward-looking simulation or scenario assumption.
modern_analysis.py,326,,78,numeric_ast_literal,simulation_or_scenario_parameter,medium,"print(f""  {'-'*78}"")",Explicit forward-looking simulation or scenario assumption.
modern_analysis.py,339,,1,numeric_ast_literal,simulation_or_scenario_parameter,medium,"overall = ""高危険"" if n_risk >= 3 else ""要注意"" if n_risk >= 2 else ""注意"" if n_risk >= 1 else ""良好""",Explicit forward-looking simulation or scenario assumption.
modern_analysis.py,339,,2,numeric_ast_literal,simulation_or_scenario_parameter,medium,"overall = ""高危険"" if n_risk >= 3 else ""要注意"" if n_risk >= 2 else ""注意"" if n_risk >= 1 else ""良好""",Explicit forward-looking simulation or scenario assumption.
modern_analysis.py,339,,3,numeric_ast_literal,simulation_or_scenario_parameter,medium,"overall = ""高危険"" if n_risk >= 3 else ""要注意"" if n_risk >= 2 else ""注意"" if n_risk >= 1 else ""良好""",Explicit forward-looking simulation or scenario assumption.
modern_analysis.py,344,,2000,numeric_ast_literal,simulation_or_scenario_parameter,medium,"def monte_carlo_scenarios(model, n_sim=2000):",Explicit forward-looking simulation or scenario assumption.
modern_analysis.py,346,,70,numeric_ast_literal,simulation_or_scenario_parameter,medium,"print(f""\n\n{'='*70}"")",Explicit forward-looking simulation or scenario assumption.
modern_analysis.py,348,,70,numeric_ast_literal,simulation_or_scenario_parameter,medium,"print(f""{'='*70}"")",Explicit forward-looking simulation or scenario assumption.
modern_analysis.py,350,,42,numeric_ast_literal,simulation_or_scenario_parameter,medium,rng = np.random.default_rng(42),Explicit forward-looking simulation or scenario assumption.
modern_analysis.py,354,,0.05,numeric_ast_literal,simulation_or_scenario_parameter,medium,"""external_threat"": (0.6, 0.05),",Explicit forward-looking simulation or scenario assumption.
modern_analysis.py,354,,0.6,numeric_ast_literal,simulation_or_scenario_parameter,medium,"""external_threat"": (0.6, 0.05),",Explicit forward-looking simulation or scenario assumption.
modern_analysis.py,355,,0.05,numeric_ast_literal,simulation_or_scenario_parameter,medium,"""institutional_quality"": (0.5, 0.05),",Explicit forward-looking simulation or scenario assumption.
modern_analysis.py,355,,0.5,numeric_ast_literal,simulation_or_scenario_parameter,medium,"""institutional_quality"": (0.5, 0.05),",Explicit forward-looking simulation or scenario assumption.
modern_analysis.py,356,,0,numeric_ast_literal,simulation_or_scenario_parameter,medium,"""era_code"": (5, 0),",Explicit forward-looking simulation or scenario assumption.
modern_analysis.py,356,,5,numeric_ast_literal,simulation_or_scenario_parameter,medium,"""era_code"": (5, 0),",Explicit forward-looking simulation or scenario assumption.
modern_analysis.py,357,,0.05,numeric_ast_literal,simulation_or_scenario_parameter,medium,"""geo_barrier"": (0.5, 0.05),",Explicit forward-looking simulation or scenario assumption.
modern_analysis.py,357,,0.5,numeric_ast_literal,simulation_or_scenario_parameter,medium,"""geo_barrier"": (0.5, 0.05),",Explicit forward-looking simulation or scenario assumption.
modern_analysis.py,358,,0,numeric_ast_literal,simulation_or_scenario_parameter,medium,"""has_external_patron"": (0, 0),",Explicit forward-looking simulation or scenario assumption.
modern_analysis.py,358,,0,numeric_ast_literal,simulation_or_scenario_parameter,medium,"""has_external_patron"": (0, 0),",Explicit forward-looking simulation or scenario assumption.
modern_analysis.py,359,,0.05,numeric_ast_literal,simulation_or_scenario_parameter,medium,"""tech_position"": (0.7, 0.05),",Explicit forward-looking simulation or scenario assumption.
modern_analysis.py,359,,0.7,numeric_ast_literal,simulation_or_scenario_parameter,medium,"""tech_position"": (0.7, 0.05),",Explicit forward-looking simulation or scenario assumption.
modern_analysis.py,362,,0.1,numeric_ast_literal,simulation_or_scenario_parameter,medium,"""external_threat"": (0.7, 0.1),",Explicit forward-looking simulation or scenario assumption.
modern_analysis.py,362,,0.7,numeric_ast_literal,simulation_or_scenario_parameter,medium,"""external_threat"": (0.7, 0.1),",Explicit forward-looking simulation or scenario assumption.
modern_analysis.py,363,,0.1,numeric_ast_literal,simulation_or_scenario_parameter,medium,"""institutional_quality"": (0.4, 0.1),",Explicit forward-looking simulation or scenario assumption.
modern_analysis.py,363,,0.4,numeric_ast_literal,simulation_or_scenario_parameter,medium,"""institutional_quality"": (0.4, 0.1),",Explicit forward-looking simulation or scenario assumption.
modern_analysis.py,364,,0,numeric_ast_literal,simulation_or_scenario_parameter,medium,"""era_code"": (5, 0),",Explicit forward-looking simulation or scenario assumption.
modern_analysis.py,364,,5,numeric_ast_literal,simulation_or_scenario_parameter,medium,"""era_code"": (5, 0),",Explicit forward-looking simulation or scenario assumption.
modern_analysis.py,365,,0.05,numeric_ast_literal,simulation_or_scenario_parameter,medium,"""geo_barrier"": (0.5, 0.05),",Explicit forward-looking simulation or scenario assumption.
modern_analysis.py,365,,0.5,numeric_ast_literal,simulation_or_scenario_parameter,medium,"""geo_barrier"": (0.5, 0.05),",Explicit forward-looking simulation or scenario assumption.
modern_analysis.py,366,,0,numeric_ast_literal,simulation_or_scenario_parameter,medium,"""has_external_patron"": (0, 0),",Explicit forward-looking simulation or scenario assumption.
modern_analysis.py,366,,0,numeric_ast_literal,simulation_or_scenario_parameter,medium,"""has_external_patron"": (0, 0),",Explicit forward-looking simulation or scenario assumption.
modern_analysis.py,367,,0.1,numeric_ast_literal,simulation_or_scenario_parameter,medium,"""tech_position"": (0.5, 0.1),",Explicit forward-looking simulation or scenario assumption.
modern_analysis.py,367,,0.5,numeric_ast_literal,simulation_or_scenario_parameter,medium,"""tech_position"": (0.5, 0.1),",Explicit forward-looking simulation or scenario assumption.
modern_analysis.py,370,,0.05,numeric_ast_literal,simulation_or_scenario_parameter,medium,"""external_threat"": (0.8, 0.05),",Explicit forward-looking simulation or scenario assumption.
modern_analysis.py,370,,0.8,numeric_ast_literal,simulation_or_scenario_parameter,medium,"""external_threat"": (0.8, 0.05),",Explicit forward-looking simulation or scenario assumption.
modern_analysis.py,371,,0.05,numeric_ast_literal,simulation_or_scenario_parameter,medium,"""institutional_quality"": (0.15, 0.05),",Explicit forward-looking simulation or scenario assumption.
modern_analysis.py,371,,0.15,numeric_ast_literal,simulation_or_scenario_parameter,medium,"""institutional_quality"": (0.15, 0.05),",Explicit forward-looking simulation or scenario assumption.
modern_analysis.py,372,,0,numeric_ast_literal,simulation_or_scenario_parameter,medium,"""era_code"": (5, 0),",Explicit forward-looking simulation or scenario assumption.
modern_analysis.py,372,,5,numeric_ast_literal,simulation_or_scenario_parameter,medium,"""era_code"": (5, 0),",Explicit forward-looking simulation or scenario assumption.
modern_analysis.py,373,,0.05,numeric_ast_literal,simulation_or_scenario_parameter,medium,"""geo_barrier"": (0.6, 0.05),",Explicit forward-looking simulation or scenario assumption.
modern_analysis.py,373,,0.6,numeric_ast_literal,simulation_or_scenario_parameter,medium,"""geo_barrier"": (0.6, 0.05),",Explicit forward-looking simulation or scenario assumption.
modern_analysis.py,374,,0,numeric_ast_literal,simulation_or_scenario_parameter,medium,"""has_external_patron"": (0, 0),",Explicit forward-looking simulation or scenario assumption.
modern_analysis.py,374,,0,numeric_ast_literal,simulation_or_scenario_parameter,medium,"""has_external_patron"": (0, 0),",Explicit forward-looking simulation or scenario assumption.
modern_analysis.py,375,,0.1,numeric_ast_literal,simulation_or_scenario_parameter,medium,"""tech_position"": (0.3, 0.1),",Explicit forward-looking simulation or scenario assumption.
modern_analysis.py,375,,0.3,numeric_ast_literal,simulation_or_scenario_parameter,medium,"""tech_position"": (0.3, 0.1),",Explicit forward-looking simulation or scenario assumption.
modern_analysis.py,378,,0.1,numeric_ast_literal,simulation_or_scenario_parameter,medium,"""external_threat"": (0.5, 0.1),",Explicit forward-looking simulation or scenario assumption.
modern_analysis.py,378,,0.5,numeric_ast_literal,simulation_or_scenario_parameter,medium,"""external_threat"": (0.5, 0.1),",Explicit forward-looking simulation or scenario assumption.
modern_analysis.py,379,,0.1,numeric_ast_literal,simulation_or_scenario_parameter,medium,"""institutional_quality"": (0.3, 0.1),",Explicit forward-looking simulation or scenario assumption.
modern_analysis.py,379,,0.3,numeric_ast_literal,simulation_or_scenario_parameter,medium,"""institutional_quality"": (0.3, 0.1),",Explicit forward-looking simulation or scenario assumption.
modern_analysis.py,380,,0,numeric_ast_literal,simulation_or_scenario_parameter,medium,"""era_code"": (5, 0),",Explicit forward-looking simulation or scenario assumption.
modern_analysis.py,380,,5,numeric_ast_literal,simulation_or_scenario_parameter,medium,"""era_code"": (5, 0),",Explicit forward-looking simulation or scenario assumption.
modern_analysis.py,381,,0.05,numeric_ast_literal,simulation_or_scenario_parameter,medium,"""geo_barrier"": (0.6, 0.05),",Explicit forward-looking simulation or scenario assumption.
modern_analysis.py,381,,0.6,numeric_ast_literal,simulation_or_scenario_parameter,medium,"""geo_barrier"": (0.6, 0.05),",Explicit forward-looking simulation or scenario assumption.
modern_analysis.py,382,,0,numeric_ast_literal,simulation_or_scenario_parameter,medium,"""has_external_patron"": (0, 0),",Explicit forward-looking simulation or scenario assumption.
modern_analysis.py,382,,0,numeric_ast_literal,simulation_or_scenario_parameter,medium,"""has_external_patron"": (0, 0),",Explicit forward-looking simulation or scenario assumption.
modern_analysis.py,383,,0.1,numeric_ast_literal,simulation_or_scenario_parameter,medium,"""tech_position"": (0.4, 0.1),",Explicit forward-looking simulation or scenario assumption.
modern_analysis.py,383,,0.4,numeric_ast_literal,simulation_or_scenario_parameter,medium,"""tech_position"": (0.4, 0.1),",Explicit forward-looking simulation or scenario assumption.
modern_analysis.py,386,,0.1,numeric_ast_literal,simulation_or_scenario_parameter,medium,"""external_threat"": (0.6, 0.1),",Explicit forward-looking simulation or scenario assumption.
modern_analysis.py,386,,0.6,numeric_ast_literal,simulation_or_scenario_parameter,medium,"""external_threat"": (0.6, 0.1),",Explicit forward-looking simulation or scenario assumption.
modern_analysis.py,387,,0.1,numeric_ast_literal,simulation_or_scenario_parameter,medium,"""institutional_quality"": (0.65, 0.1),",Explicit forward-looking simulation or scenario assumption.
modern_analysis.py,387,,0.65,numeric_ast_literal,simulation_or_scenario_parameter,medium,"""institutional_quality"": (0.65, 0.1),",Explicit forward-looking simulation or scenario assumption.
modern_analysis.py,388,,0,numeric_ast_literal,simulation_or_scenario_parameter,medium,"""era_code"": (5, 0),",Explicit forward-looking simulation or scenario assumption.
modern_analysis.py,388,,5,numeric_ast_literal,simulation_or_scenario_parameter,medium,"""era_code"": (5, 0),",Explicit forward-looking simulation or scenario assumption.
modern_analysis.py,389,,0.05,numeric_ast_literal,simulation_or_scenario_parameter,medium,"""geo_barrier"": (0.7, 0.05),",Explicit forward-looking simulation or scenario assumption.
modern_analysis.py,389,,0.7,numeric_ast_literal,simulation_or_scenario_parameter,medium,"""geo_barrier"": (0.7, 0.05),",Explicit forward-looking simulation or scenario assumption.
modern_analysis.py,390,,0,numeric_ast_literal,simulation_or_scenario_parameter,medium,"""has_external_patron"": (1, 0),",Explicit forward-looking simulation or scenario assumption.
modern_analysis.py,390,,1,numeric_ast_literal,simulation_or_scenario_parameter,medium,"""has_external_patron"": (1, 0),",Explicit forward-looking simulation or scenario assumption.
modern_analysis.py,391,,0.1,numeric_ast_literal,simulation_or_scenario_parameter,medium,"""tech_position"": (0.6, 0.1),",Explicit forward-looking simulation or scenario assumption.
modern_analysis.py,391,,0.6,numeric_ast_literal,simulation_or_scenario_parameter,medium,"""tech_position"": (0.6, 0.1),",Explicit forward-looking simulation or scenario assumption.
modern_analysis.py,394,,0.1,numeric_ast_literal,simulation_or_scenario_parameter,medium,"""external_threat"": (0.7, 0.1),",Explicit forward-looking simulation or scenario assumption.
modern_analysis.py,394,,0.7,numeric_ast_literal,simulation_or_scenario_parameter,medium,"""external_threat"": (0.7, 0.1),",Explicit forward-looking simulation or scenario assumption.
modern_analysis.py,395,,0.1,numeric_ast_literal,simulation_or_scenario_parameter,medium,"""institutional_quality"": (0.7, 0.1),",Explicit forward-looking simulation or scenario assumption.
modern_analysis.py,395,,0.7,numeric_ast_literal,simulation_or_scenario_parameter,medium,"""institutional_quality"": (0.7, 0.1),",Explicit forward-looking simulation or scenario assumption.
modern_analysis.py,396,,0,numeric_ast_literal,simulation_or_scenario_parameter,medium,"""era_code"": (5, 0),",Explicit forward-looking simulation or scenario assumption.
modern_analysis.py,396,,5,numeric_ast_literal,simulation_or_scenario_parameter,medium,"""era_code"": (5, 0),",Explicit forward-looking simulation or scenario assumption.
modern_analysis.py,397,,0.05,numeric_ast_literal,simulation_or_scenario_parameter,medium,"""geo_barrier"": (0.7, 0.05),",Explicit forward-looking simulation or scenario assumption.
modern_analysis.py,397,,0.7,numeric_ast_literal,simulation_or_scenario_parameter,medium,"""geo_barrier"": (0.7, 0.05),",Explicit forward-looking simulation or scenario assumption.
modern_analysis.py,398,,0,numeric_ast_literal,simulation_or_scenario_parameter,medium,"""has_external_patron"": (0, 0),",Explicit forward-looking simulation or scenario assumption.
modern_analysis.py,398,,0,numeric_ast_literal,simulation_or_scenario_parameter,medium,"""has_external_patron"": (0, 0),",Explicit forward-looking simulation or scenario assumption.
modern_analysis.py,399,,0.1,numeric_ast_literal,simulation_or_scenario_parameter,medium,"""tech_position"": (0.65, 0.1),",Explicit forward-looking simulation or scenario assumption.
modern_analysis.py,399,,0.65,numeric_ast_literal,simulation_or_scenario_parameter,medium,"""tech_position"": (0.65, 0.1),",Explicit forward-looking simulation or scenario assumption.
modern_analysis.py,402,,0.1,numeric_ast_literal,simulation_or_scenario_parameter,medium,"""external_threat"": (0.5, 0.1),",Explicit forward-looking simulation or scenario assumption.
modern_analysis.py,402,,0.5,numeric_ast_literal,simulation_or_scenario_parameter,medium,"""external_threat"": (0.5, 0.1),",Explicit forward-looking simulation or scenario assumption.
modern_analysis.py,403,,0.1,numeric_ast_literal,simulation_or_scenario_parameter,medium,"""institutional_quality"": (0.75, 0.1),",Explicit forward-looking simulation or scenario assumption.
modern_analysis.py,403,,0.75,numeric_ast_literal,simulation_or_scenario_parameter,medium,"""institutional_quality"": (0.75, 0.1),",Explicit forward-looking simulation or scenario assumption.
modern_analysis.py,404,,0,numeric_ast_literal,simulation_or_scenario_parameter,medium,"""era_code"": (5, 0),",Explicit forward-looking simulation or scenario assumption.
modern_analysis.py,404,,5,numeric_ast_literal,simulation_or_scenario_parameter,medium,"""era_code"": (5, 0),",Explicit forward-looking simulation or scenario assumption.
modern_analysis.py,405,,0.05,numeric_ast_literal,simulation_or_scenario_parameter,medium,"""geo_barrier"": (0.7, 0.05),",Explicit forward-looking simulation or scenario assumption.
modern_analysis.py,405,,0.7,numeric_ast_literal,simulation_or_scenario_parameter,medium,"""geo_barrier"": (0.7, 0.05),",Explicit forward-looking simulation or scenario assumption.
modern_analysis.py,406,,0,numeric_ast_literal,simulation_or_scenario_parameter,medium,"""has_external_patron"": (1, 0),",Explicit forward-looking simulation or scenario assumption.
modern_analysis.py,406,,1,numeric_ast_literal,simulation_or_scenario_parameter,medium,"""has_external_patron"": (1, 0),",Explicit forward-looking simulation or scenario assumption.
modern_analysis.py,407,,0.1,numeric_ast_literal,simulation_or_scenario_parameter,medium,"""tech_position"": (0.75, 0.1),",Explicit forward-looking simulation or scenario assumption.
modern_analysis.py,407,,0.75,numeric_ast_literal,simulation_or_scenario_parameter,medium,"""tech_position"": (0.75, 0.1),",Explicit forward-looking simulation or scenario assumption.
modern_analysis.py,410,,0.05,numeric_ast_literal,simulation_or_scenario_parameter,medium,"""external_threat"": (0.8, 0.05),",Explicit forward-looking simulation or scenario assumption.
modern_analysis.py,410,,0.8,numeric_ast_literal,simulation_or_scenario_parameter,medium,"""external_threat"": (0.8, 0.05),",Explicit forward-looking simulation or scenario assumption.
modern_analysis.py,411,,0.03,numeric_ast_literal,simulation_or_scenario_parameter,medium,"""institutional_quality"": (0.1, 0.03),",Explicit forward-looking simulation or scenario assumption.
modern_analysis.py,411,,0.1,numeric_ast_literal,simulation_or_scenario_parameter,medium,"""institutional_quality"": (0.1, 0.03),",Explicit forward-looking simulation or scenario assumption.
modern_analysis.py,412,,0,numeric_ast_literal,simulation_or_scenario_parameter,medium,"""era_code"": (5, 0),",Explicit forward-looking simulation or scenario assumption.
modern_analysis.py,412,,5,numeric_ast_literal,simulation_or_scenario_parameter,medium,"""era_code"": (5, 0),",Explicit forward-looking simulation or scenario assumption.
modern_analysis.py,413,,0.05,numeric_ast_literal,simulation_or_scenario_parameter,medium,"""geo_barrier"": (0.5, 0.05),",Explicit forward-looking simulation or scenario assumption.
modern_analysis.py,413,,0.5,numeric_ast_literal,simulation_or_scenario_parameter,medium,"""geo_barrier"": (0.5, 0.05),",Explicit forward-looking simulation or scenario assumption.
modern_analysis.py,414,,0,numeric_ast_literal,simulation_or_scenario_parameter,medium,"""has_external_patron"": (1, 0),",Explicit forward-looking simulation or scenario assumption.
modern_analysis.py,414,,1,numeric_ast_literal,simulation_or_scenario_parameter,medium,"""has_external_patron"": (1, 0),",Explicit forward-looking simulation or scenario assumption.
modern_analysis.py,415,,0.05,numeric_ast_literal,simulation_or_scenario_parameter,medium,"""tech_position"": (0.15, 0.05),",Explicit forward-looking simulation or scenario assumption.
modern_analysis.py,415,,0.15,numeric_ast_literal,simulation_or_scenario_parameter,medium,"""tech_position"": (0.15, 0.05),",Explicit forward-looking simulation or scenario assumption.
modern_analysis.py,418,,0.05,numeric_ast_literal,simulation_or_scenario_parameter,medium,"""external_threat"": (0.9, 0.05),",Explicit forward-looking simulation or scenario assumption.
modern_analysis.py,418,,0.9,numeric_ast_literal,simulation_or_scenario_parameter,medium,"""external_threat"": (0.9, 0.05),",Explicit forward-looking simulation or scenario assumption.
modern_analysis.py,419,,0.03,numeric_ast_literal,simulation_or_scenario_parameter,medium,"""institutional_quality"": (0.1, 0.03),",Explicit forward-looking simulation or scenario assumption.
modern_analysis.py,419,,0.1,numeric_ast_literal,simulation_or_scenario_parameter,medium,"""institutional_quality"": (0.1, 0.03),",Explicit forward-looking simulation or scenario assumption.
modern_analysis.py,420,,0,numeric_ast_literal,simulation_or_scenario_parameter,medium,"""era_code"": (5, 0),",Explicit forward-looking simulation or scenario assumption.
modern_analysis.py,420,,5,numeric_ast_literal,simulation_or_scenario_parameter,medium,"""era_code"": (5, 0),",Explicit forward-looking simulation or scenario assumption.
modern_analysis.py,421,,0.05,numeric_ast_literal,simulation_or_scenario_parameter,medium,"""geo_barrier"": (0.5, 0.05),",Explicit forward-looking simulation or scenario assumption.
modern_analysis.py,421,,0.5,numeric_ast_literal,simulation_or_scenario_parameter,medium,"""geo_barrier"": (0.5, 0.05),",Explicit forward-looking simulation or scenario assumption.
modern_analysis.py,422,,0,numeric_ast_literal,simulation_or_scenario_parameter,medium,"""has_external_patron"": (0, 0),",Explicit forward-looking simulation or scenario assumption.
modern_analysis.py,422,,0,numeric_ast_literal,simulation_or_scenario_parameter,medium,"""has_external_patron"": (0, 0),",Explicit forward-looking simulation or scenario assumption.
modern_analysis.py,423,,0.05,numeric_ast_literal,simulation_or_scenario_parameter,medium,"""tech_position"": (0.15, 0.05),",Explicit forward-looking simulation or scenario assumption.
modern_analysis.py,423,,0.15,numeric_ast_literal,simulation_or_scenario_parameter,medium,"""tech_position"": (0.15, 0.05),",Explicit forward-looking simulation or scenario assumption.
modern_analysis.py,431,,5,number_embedded_in_text,dynamically_generated_value_or_format_precision,low,"print(f""  {'シナリオ':40s} {'平均リスク':>8s} {'SD':>6s} {'5%ile':>6s} {'95%ile':>6s}"")",Number appears in an f-string or format specification; the reported value is generated at runtime.
modern_analysis.py,431,,95,number_embedded_in_text,dynamically_generated_value_or_format_precision,low,"print(f""  {'シナリオ':40s} {'平均リスク':>8s} {'SD':>6s} {'5%ile':>6s} {'95%ile':>6s}"")",Number appears in an f-string or format specification; the reported value is generated at runtime.
modern_analysis.py,432,,68,numeric_ast_literal,simulation_or_scenario_parameter,medium,"print(f""  {'-'*68}"")",Explicit forward-looking simulation or scenario assumption.
modern_analysis.py,440,,0,numeric_ast_literal,simulation_or_scenario_parameter,medium,"val = rng.normal(mean, sd) if sd > 0 else mean",Explicit forward-looking simulation or scenario assumption.
modern_analysis.py,441,,0,numeric_ast_literal,simulation_or_scenario_parameter,medium,"val = np.clip(val, 0, 1) if var != ""era_code"" else val",Explicit forward-looking simulation or scenario assumption.
modern_analysis.py,441,,1,numeric_ast_literal,simulation_or_scenario_parameter,medium,"val = np.clip(val, 0, 1) if var != ""era_code"" else val",Explicit forward-looking simulation or scenario assumption.
modern_analysis.py,448,,0,numeric_ast_literal,simulation_or_scenario_parameter,medium,"x_df[col] = 0 if col != ""const"" else 1",Explicit forward-looking simulation or scenario assumption.
modern_analysis.py,448,,1,numeric_ast_literal,simulation_or_scenario_parameter,medium,"x_df[col] = 0 if col != ""const"" else 1",Explicit forward-looking simulation or scenario assumption.
modern_analysis.py,450,,0,numeric_ast_literal,simulation_or_scenario_parameter,medium,probs[i] = model.predict(x_df).values[0],Explicit forward-looking simulation or scenario assumption.
modern_analysis.py,454,,5,numeric_ast_literal,simulation_or_scenario_parameter,medium,"p5 = np.percentile(probs, 5)",Explicit forward-looking simulation or scenario assumption.
modern_analysis.py,455,,95,numeric_ast_literal,simulation_or_scenario_parameter,medium,"p95 = np.percentile(probs, 95)",Explicit forward-looking simulation or scenario assumption.
modern_analysis.py,456,,6.1,number_embedded_in_text,dynamically_generated_value_or_format_precision,low,"print(f""  {name:40s} {mean_p:>8.1%} {sd_p:>6.1%} {p5:>6.1%} {p95:>6.1%}"")",Number appears in an f-string or format specification; the reported value is generated at runtime.
modern_analysis.py,456,,6.1,number_embedded_in_text,dynamically_generated_value_or_format_precision,low,"print(f""  {name:40s} {mean_p:>8.1%} {sd_p:>6.1%} {p5:>6.1%} {p95:>6.1%}"")",Number appears in an f-string or format specification; the reported value is generated at runtime.
modern_analysis.py,456,,6.1,number_embedded_in_text,dynamically_generated_value_or_format_precision,low,"print(f""  {name:40s} {mean_p:>8.1%} {sd_p:>6.1%} {p5:>6.1%} {p95:>6.1%}"")",Number appears in an f-string or format specification; the reported value is generated at runtime.
modern_analysis.py,456,,8.1,number_embedded_in_text,dynamically_generated_value_or_format_precision,low,"print(f""  {name:40s} {mean_p:>8.1%} {sd_p:>6.1%} {p5:>6.1%} {p95:>6.1%}"")",Number appears in an f-string or format specification; the reported value is generated at runtime.
modern_analysis.py,467,,70,numeric_ast_literal,simulation_or_scenario_parameter,medium,"print(f""\n\n{'='*70}"")",Explicit forward-looking simulation or scenario assumption.
modern_analysis.py,469,,70,numeric_ast_literal,simulation_or_scenario_parameter,medium,"print(f""{'='*70}"")",Explicit forward-looking simulation or scenario assumption.
plot_sensitivity.py,46,,1,number_embedded_in_text,manuscript_structure_or_cross_reference,low,"""""""Figure 1: closure_type 別征服率 (2×3 grid: disrupted帰属 × 海禁再分類)""""""","Figure, table, section, or heading number used for document structure."
plot_sensitivity.py,46,,2,number_embedded_in_text,manuscript_structure_or_cross_reference,low,"""""""Figure 1: closure_type 別征服率 (2×3 grid: disrupted帰属 × 海禁再分類)""""""","Figure, table, section, or heading number used for document structure."
plot_sensitivity.py,46,,3,number_embedded_in_text,manuscript_structure_or_cross_reference,low,"""""""Figure 1: closure_type 別征服率 (2×3 grid: disrupted帰属 × 海禁再分類)""""""","Figure, table, section, or heading number used for document structure."
plot_sensitivity.py,76,,12,numeric_ast_literal,display_or_layout_constant,low,"fig, axes = plt.subplots(2, 3, figsize=(20, 12), sharey=True)","Document, chart, or slide layout constant."
plot_sensitivity.py,76,,2,numeric_ast_literal,display_or_layout_constant,low,"fig, axes = plt.subplots(2, 3, figsize=(20, 12), sharey=True)","Document, chart, or slide layout constant."
plot_sensitivity.py,76,,20,numeric_ast_literal,display_or_layout_constant,low,"fig, axes = plt.subplots(2, 3, figsize=(20, 12), sharey=True)","Document, chart, or slide layout constant."
plot_sensitivity.py,76,,3,numeric_ast_literal,display_or_layout_constant,low,"fig, axes = plt.subplots(2, 3, figsize=(20, 12), sharey=True)","Document, chart, or slide layout constant."
plot_sensitivity.py,91,,0,numeric_ast_literal,code_constant_requires_context,medium,"r = sub[""outcome_binary""].mean() if n > 0 else 0","Numeric code constant not automatically reducible to a result, layout, or documented analysis parameter."
plot_sensitivity.py,91,,0,numeric_ast_literal,code_constant_requires_context,medium,"r = sub[""outcome_binary""].mean() if n > 0 else 0","Numeric code constant not automatically reducible to a result, layout, or documented analysis parameter."
plot_sensitivity.py,92,,100,numeric_ast_literal,code_constant_requires_context,medium,rates.append(r * 100),"Numeric code constant not automatically reducible to a result, layout, or documented analysis parameter."
plot_sensitivity.py,94,,999999,number_embedded_in_text,prose_or_label_number,low,"colors.append(color_map.get(ct, ""#999999""))",Number is embedded in a string and requires contextual review.
plot_sensitivity.py,97,,1.5,numeric_ast_literal,display_or_layout_constant,low,"edgecolor=""white"", linewidth=1.5)","Document, chart, or slide layout constant."
plot_sensitivity.py,100,,1,numeric_ast_literal,display_or_layout_constant,low,"ax.text(bar.get_x() + bar.get_width() / 2, bar.get_height() + 1,","Document, chart, or slide layout constant."
plot_sensitivity.py,100,,2,numeric_ast_literal,display_or_layout_constant,low,"ax.text(bar.get_x() + bar.get_width() / 2, bar.get_height() + 1,","Document, chart, or slide layout constant."
plot_sensitivity.py,101,,8,numeric_ast_literal,display_or_layout_constant,low,"f""{r:.0f}%\n(n={n})"", ha=""center"", va=""bottom"", fontsize=8, fontweight=""bold"")","Document, chart, or slide layout constant."
plot_sensitivity.py,105,,7,numeric_ast_literal,display_or_layout_constant,low,"ax.set_xticklabels(labels, fontsize=7)","Document, chart, or slide layout constant."
plot_sensitivity.py,106,,0,numeric_ast_literal,code_constant_requires_context,medium,"ax.set_ylim(0, 115)","Numeric code constant not automatically reducible to a result, layout, or documented analysis parameter."
plot_sensitivity.py,106,,115,numeric_ast_literal,code_constant_requires_context,medium,"ax.set_ylim(0, 115)","Numeric code constant not automatically reducible to a result, layout, or documented analysis parameter."
plot_sensitivity.py,108,,100,numeric_ast_literal,code_constant_requires_context,medium,"overall_rate = df_prepared[""outcome_binary""].mean() * 100","Numeric code constant not automatically reducible to a result, layout, or documented analysis parameter."
plot_sensitivity.py,109,,0.5,numeric_ast_literal,display_or_layout_constant,low,"ax.axhline(y=overall_rate, color=""gray"", linestyle=""--"", alpha=0.5)","Document, chart, or slide layout constant."
plot_sensitivity.py,111,,0,numeric_ast_literal,code_constant_requires_context,medium,if col_idx == 0:,"Numeric code constant not automatically reducible to a result, layout, or documented analysis parameter."
plot_sensitivity.py,112,,10,numeric_ast_literal,display_or_layout_constant,low,"ax.set_ylabel(f""{d_label}\nOvertaken Rate (%)"", fontsize=10, fontweight=""bold"")","Document, chart, or slide layout constant."
plot_sensitivity.py,113,,0,numeric_ast_literal,code_constant_requires_context,medium,if row_idx == 0:,"Numeric code constant not automatically reducible to a result, layout, or documented analysis parameter."
plot_sensitivity.py,114,,11,numeric_ast_literal,display_or_layout_constant,low,"ax.set_title(sc_name, fontsize=11, fontweight=""bold"")","Document, chart, or slide layout constant."
plot_sensitivity.py,118,,1.02,numeric_ast_literal,display_or_layout_constant,low,"fontsize=13, fontweight=""bold"", y=1.02)","Document, chart, or slide layout constant."
plot_sensitivity.py,118,,13,numeric_ast_literal,display_or_layout_constant,low,"fontsize=13, fontweight=""bold"", y=1.02)","Document, chart, or slide layout constant."
plot_sensitivity.py,121,,150,numeric_ast_literal,display_or_layout_constant,low,"fig.savefig(path, dpi=150, bbox_inches=""tight"")","Document, chart, or slide layout constant."
plot_sensitivity.py,128,,2,number_embedded_in_text,manuscript_structure_or_cross_reference,low,"""""""Figure 2: 海禁→征服 Fisher p値の推移（disrupted 2パターン）""""""","Figure, table, section, or heading number used for document structure."
plot_sensitivity.py,134,,1,numeric_ast_literal,code_constant_requires_context,medium,"for i, c in enumerate(STRONG_CANDIDATES, 1):","Numeric code constant not automatically reducible to a result, layout, or documented analysis parameter."
plot_sensitivity.py,135,,4,numeric_ast_literal,code_constant_requires_context,medium,"steps.append((f""+{c[:4]}...(S{i})"", STRONG_CANDIDATES[:i]))","Numeric code constant not automatically reducible to a result, layout, or documented analysis parameter."
plot_sensitivity.py,136,,1,numeric_ast_literal,code_constant_requires_context,medium,"for i, c in enumerate(MODERATE_CANDIDATES, 1):","Numeric code constant not automatically reducible to a result, layout, or documented analysis parameter."
plot_sensitivity.py,137,,4,numeric_ast_literal,code_constant_requires_context,medium,"steps.append((f""+{c[:4]}...(M{i})"", STRONG_CANDIDATES + MODERATE_CANDIDATES[:i]))","Numeric code constant not automatically reducible to a result, layout, or documented analysis parameter."
plot_sensitivity.py,144,,1,numeric_ast_literal,display_or_layout_constant,low,"fig, (ax1, ax2) = plt.subplots(2, 1, figsize=(14, 10), sharex=True)","Document, chart, or slide layout constant."
plot_sensitivity.py,144,,10,numeric_ast_literal,display_or_layout_constant,low,"fig, (ax1, ax2) = plt.subplots(2, 1, figsize=(14, 10), sharex=True)","Document, chart, or slide layout constant."
plot_sensitivity.py,144,,14,numeric_ast_literal,display_or_layout_constant,low,"fig, (ax1, ax2) = plt.subplots(2, 1, figsize=(14, 10), sharex=True)","Document, chart, or slide layout constant."
plot_sensitivity.py,144,,2,numeric_ast_literal,display_or_layout_constant,low,"fig, (ax1, ax2) = plt.subplots(2, 1, figsize=(14, 10), sharex=True)","Document, chart, or slide layout constant."
plot_sensitivity.py,169,,0,numeric_ast_literal,code_constant_requires_context,medium,ban_rate = ban_conq / len(ban_df) if len(ban_df) > 0 else 0,"Numeric code constant not automatically reducible to a result, layout, or documented analysis parameter."
plot_sensitivity.py,169,,0,numeric_ast_literal,code_constant_requires_context,medium,ban_rate = ban_conq / len(ban_df) if len(ban_df) > 0 else 0,"Numeric code constant not automatically reducible to a result, layout, or documented analysis parameter."
plot_sensitivity.py,170,,0,numeric_ast_literal,code_constant_requires_context,medium,no_rate = no_conq / len(no_ban_df) if len(no_ban_df) > 0 else 0,"Numeric code constant not automatically reducible to a result, layout, or documented analysis parameter."
plot_sensitivity.py,170,,0,numeric_ast_literal,code_constant_requires_context,medium,no_rate = no_conq / len(no_ban_df) if len(no_ban_df) > 0 else 0,"Numeric code constant not automatically reducible to a result, layout, or documented analysis parameter."
plot_sensitivity.py,171,,100,numeric_ast_literal,code_constant_requires_context,medium,risk_diffs.append((ban_rate - no_rate) * 100),"Numeric code constant not automatically reducible to a result, layout, or documented analysis parameter."
plot_sensitivity.py,174,,2,numeric_ast_literal,display_or_layout_constant,low,"ax1.plot(x, p_values, 'o-', color=color, label=d_label, linewidth=2, markersize=6)","Document, chart, or slide layout constant."
plot_sensitivity.py,174,,6,numeric_ast_literal,display_or_layout_constant,low,"ax1.plot(x, p_values, 'o-', color=color, label=d_label, linewidth=2, markersize=6)","Document, chart, or slide layout constant."
plot_sensitivity.py,175,,2,numeric_ast_literal,display_or_layout_constant,low,"ax2.plot(x, risk_diffs, 's-', color=color, label=d_label, linewidth=2, markersize=6)","Document, chart, or slide layout constant."
plot_sensitivity.py,175,,6,numeric_ast_literal,display_or_layout_constant,low,"ax2.plot(x, risk_diffs, 's-', color=color, label=d_label, linewidth=2, markersize=6)","Document, chart, or slide layout constant."
plot_sensitivity.py,177,,0.05,numeric_ast_literal,display_or_layout_constant,low,"ax1.axhline(y=0.05, color=""red"", linestyle=""--"", linewidth=1.5, alpha=0.7, label=""p = 0.05"")","Document, chart, or slide layout constant."
plot_sensitivity.py,177,,0.05,number_embedded_in_text,analysis_threshold_or_output_label,medium,"ax1.axhline(y=0.05, color=""red"", linestyle=""--"", linewidth=1.5, alpha=0.7, label=""p = 0.05"")","Decision threshold, confidence-level label, or chart legend rather than a computed result."
plot_sensitivity.py,177,,0.7,numeric_ast_literal,display_or_layout_constant,low,"ax1.axhline(y=0.05, color=""red"", linestyle=""--"", linewidth=1.5, alpha=0.7, label=""p = 0.05"")","Document, chart, or slide layout constant."
plot_sensitivity.py,177,,1.5,numeric_ast_literal,display_or_layout_constant,low,"ax1.axhline(y=0.05, color=""red"", linestyle=""--"", linewidth=1.5, alpha=0.7, label=""p = 0.05"")","Document, chart, or slide layout constant."
plot_sensitivity.py,178,,11,numeric_ast_literal,display_or_layout_constant,low,"ax1.set_ylabel(""Fisher p-value (one-sided)"", fontsize=11)","Document, chart, or slide layout constant."
plot_sensitivity.py,179,,12,numeric_ast_literal,display_or_layout_constant,low,"ax1.set_title(""Network Closure → Overtaken: Fisher Exact Test p-value"", fontsize=12, fontweight=""bold"")","Document, chart, or slide layout constant."
plot_sensitivity.py,180,,9,numeric_ast_literal,display_or_layout_constant,low,ax1.legend(fontsize=9),"Document, chart, or slide layout constant."
plot_sensitivity.py,181,,0,numeric_ast_literal,code_constant_requires_context,medium,ax1.set_ylim(bottom=0),"Numeric code constant not automatically reducible to a result, layout, or documented analysis parameter."
plot_sensitivity.py,183,,0,numeric_ast_literal,display_or_layout_constant,low,"ax2.axhline(y=0, color=""gray"", linestyle=""-"", linewidth=0.5)","Document, chart, or slide layout constant."
plot_sensitivity.py,183,,0.5,numeric_ast_literal,display_or_layout_constant,low,"ax2.axhline(y=0, color=""gray"", linestyle=""-"", linewidth=0.5)","Document, chart, or slide layout constant."
plot_sensitivity.py,184,,11,numeric_ast_literal,display_or_layout_constant,low,"ax2.set_ylabel(""Risk Difference (ban - no ban, %pts)"", fontsize=11)","Document, chart, or slide layout constant."
plot_sensitivity.py,185,,12,numeric_ast_literal,display_or_layout_constant,low,"ax2.set_title(""Overtaken Risk Difference: Network Closure vs Open"", fontsize=12, fontweight=""bold"")","Document, chart, or slide layout constant."
plot_sensitivity.py,186,,9,numeric_ast_literal,display_or_layout_constant,low,ax2.legend(fontsize=9),"Document, chart, or slide layout constant."
plot_sensitivity.py,188,,0,numeric_ast_literal,code_constant_requires_context,medium,labels = [s[0] for s in steps],"Numeric code constant not automatically reducible to a result, layout, or documented analysis parameter."
plot_sensitivity.py,190,,30,numeric_ast_literal,display_or_layout_constant,low,"ax2.set_xticklabels(labels, fontsize=7, rotation=30, ha=""right"")","Document, chart, or slide layout constant."
plot_sensitivity.py,190,,7,numeric_ast_literal,display_or_layout_constant,low,"ax2.set_xticklabels(labels, fontsize=7, rotation=30, ha=""right"")","Document, chart, or slide layout constant."
plot_sensitivity.py,194,,1.02,numeric_ast_literal,display_or_layout_constant,low,"fontsize=14, fontweight=""bold"", y=1.02)","Document, chart, or slide layout constant."
plot_sensitivity.py,194,,14,numeric_ast_literal,display_or_layout_constant,low,"fontsize=14, fontweight=""bold"", y=1.02)","Document, chart, or slide layout constant."
plot_sensitivity.py,197,,150,numeric_ast_literal,display_or_layout_constant,low,"fig.savefig(path, dpi=150, bbox_inches=""tight"")","Document, chart, or slide layout constant."
plot_sensitivity.py,204,,3,number_embedded_in_text,manuscript_structure_or_cross_reference,low,"""""""Figure 3: 政策的海禁 vs 技術的海禁 vs 開放（disrupted 2パターン並列）""""""","Figure, table, section, or heading number used for document structure."
plot_sensitivity.py,219,,1,numeric_ast_literal,display_or_layout_constant,low,"fig, axes = plt.subplots(1, 2, figsize=(16, 7), sharey=True)","Document, chart, or slide layout constant."
plot_sensitivity.py,219,,16,numeric_ast_literal,display_or_layout_constant,low,"fig, axes = plt.subplots(1, 2, figsize=(16, 7), sharey=True)","Document, chart, or slide layout constant."
plot_sensitivity.py,219,,2,numeric_ast_literal,display_or_layout_constant,low,"fig, axes = plt.subplots(1, 2, figsize=(16, 7), sharey=True)","Document, chart, or slide layout constant."
plot_sensitivity.py,219,,7,numeric_ast_literal,display_or_layout_constant,low,"fig, axes = plt.subplots(1, 2, figsize=(16, 7), sharey=True)","Document, chart, or slide layout constant."
plot_sensitivity.py,229,,0,numeric_ast_literal,code_constant_requires_context,medium,"r = sub[""outcome_binary""].mean() * 100 if n > 0 else 0","Numeric code constant not automatically reducible to a result, layout, or documented analysis parameter."
plot_sensitivity.py,229,,0,numeric_ast_literal,code_constant_requires_context,medium,"r = sub[""outcome_binary""].mean() * 100 if n > 0 else 0","Numeric code constant not automatically reducible to a result, layout, or documented analysis parameter."
plot_sensitivity.py,229,,100,numeric_ast_literal,code_constant_requires_context,medium,"r = sub[""outcome_binary""].mean() * 100 if n > 0 else 0","Numeric code constant not automatically reducible to a result, layout, or documented analysis parameter."
plot_sensitivity.py,234,,0.6,numeric_ast_literal,display_or_layout_constant,low,"edgecolor=""white"", linewidth=2, width=0.6)","Document, chart, or slide layout constant."
plot_sensitivity.py,234,,2,numeric_ast_literal,display_or_layout_constant,low,"edgecolor=""white"", linewidth=2, width=0.6)","Document, chart, or slide layout constant."
plot_sensitivity.py,237,,1.5,numeric_ast_literal,display_or_layout_constant,low,"ax.text(bar.get_x() + bar.get_width() / 2, bar.get_height() + 1.5,","Document, chart, or slide layout constant."
plot_sensitivity.py,237,,2,numeric_ast_literal,display_or_layout_constant,low,"ax.text(bar.get_x() + bar.get_width() / 2, bar.get_height() + 1.5,","Document, chart, or slide layout constant."
plot_sensitivity.py,238,,10,numeric_ast_literal,display_or_layout_constant,low,"f""{r:.0f}%\n(n={n})"", ha=""center"", va=""bottom"", fontsize=10, fontweight=""bold"")","Document, chart, or slide layout constant."
plot_sensitivity.py,241,,9,numeric_ast_literal,display_or_layout_constant,low,"ax.set_xticklabels(cat_labels, fontsize=9)","Document, chart, or slide layout constant."
plot_sensitivity.py,242,,11,numeric_ast_literal,display_or_layout_constant,low,"ax.set_ylabel(""Overtaken Rate (%)"", fontsize=11)","Document, chart, or slide layout constant."
plot_sensitivity.py,243,,12,numeric_ast_literal,display_or_layout_constant,low,"ax.set_title(f""{d_label}"", fontsize=12, fontweight=""bold"")","Document, chart, or slide layout constant."
plot_sensitivity.py,244,,0,numeric_ast_literal,code_constant_requires_context,medium,"ax.set_ylim(0, 115)","Numeric code constant not automatically reducible to a result, layout, or documented analysis parameter."
plot_sensitivity.py,244,,115,numeric_ast_literal,code_constant_requires_context,medium,"ax.set_ylim(0, 115)","Numeric code constant not automatically reducible to a result, layout, or documented analysis parameter."
plot_sensitivity.py,246,,100,numeric_ast_literal,code_constant_requires_context,medium,"overall = df_prepared[""outcome_binary""].mean() * 100","Numeric code constant not automatically reducible to a result, layout, or documented analysis parameter."
plot_sensitivity.py,247,,0.5,numeric_ast_literal,display_or_layout_constant,low,"ax.axhline(y=overall, color=""gray"", linestyle=""--"", alpha=0.5)","Document, chart, or slide layout constant."
plot_sensitivity.py,248,,0.5,numeric_ast_literal,display_or_layout_constant,low,"ax.text(len(categories) - 0.5, overall + 2, f""avg ({overall:.1f}%)"", fontsize=8, color=""gray"")","Document, chart, or slide layout constant."
plot_sensitivity.py,248,,2,numeric_ast_literal,display_or_layout_constant,low,"ax.text(len(categories) - 0.5, overall + 2, f""avg ({overall:.1f}%)"", fontsize=8, color=""gray"")","Document, chart, or slide layout constant."
plot_sensitivity.py,248,,8,numeric_ast_literal,display_or_layout_constant,low,"ax.text(len(categories) - 0.5, overall + 2, f""avg ({overall:.1f}%)"", fontsize=8, color=""gray"")","Document, chart, or slide layout constant."
plot_sensitivity.py,255,,1.02,numeric_ast_literal,display_or_layout_constant,low,"fontsize=13, fontweight=""bold"", y=1.02)","Document, chart, or slide layout constant."
plot_sensitivity.py,255,,13,numeric_ast_literal,display_or_layout_constant,low,"fontsize=13, fontweight=""bold"", y=1.02)","Document, chart, or slide layout constant."
plot_sensitivity.py,258,,150,numeric_ast_literal,display_or_layout_constant,low,"fig.savefig(path, dpi=150, bbox_inches=""tight"")","Document, chart, or slide layout constant."
reproduce.py,27,,96,numeric_ast_literal,code_constant_requires_context,medium,"""data/polity_period_records.csv"": 96,","Numeric code constant not automatically reducible to a result, layout, or documented analysis parameter."
reproduce.py,28,,16,numeric_ast_literal,code_constant_requires_context,medium,"""data/variable_metadata.csv"": 16,","Numeric code constant not automatically reducible to a result, layout, or documented analysis parameter."
reproduce.py,29,,480,numeric_ast_literal,code_constant_requires_context,medium,"""audit/supplementary_case_sources.csv"": 480,","Numeric code constant not automatically reducible to a result, layout, or documented analysis parameter."
reproduce.py,30,,96,numeric_ast_literal,code_constant_requires_context,medium,"""audit/public_dataset_applicability.csv"": 96,","Numeric code constant not automatically reducible to a result, layout, or documented analysis parameter."
reproduce.py,64,,8,number_embedded_in_text,prose_or_label_number,low,"with (PROJECT_DIR / relative_path).open(encoding=""utf-8"", newline="""") as handle:",Number is embedded in a string and requires contextual review.
reproduce.py,65,,1,numeric_ast_literal,code_constant_requires_context,medium,return sum(1 for _ in csv.DictReader(handle)),"Numeric code constant not automatically reducible to a result, layout, or documented analysis parameter."
reproduce.py,93,,8,number_embedded_in_text,historical_date_or_prose_number,low,"text = path.read_text(encoding=""utf-8"", errors=""replace"").lower()","Historical date or contextual prose number, not a computed analysis result."
sensitivity_technical_network_exclusion.py,1,,2,number_embedded_in_text,prose_or_label_number,low,"""""""",Number is embedded in a string and requires contextual review.
sensitivity_technical_network_exclusion.py,1,,3,number_embedded_in_text,prose_or_label_number,low,"""""""",Number is embedded in a string and requires contextual review.
sensitivity_technical_network_exclusion.py,1,,6,number_embedded_in_text,prose_or_label_number,low,"""""""",Number is embedded in a string and requires contextual review.
sensitivity_technical_network_exclusion.py,86,,0,numeric_ast_literal,candidate_definition_or_analysis_parameter,medium,"df_new[""outcome_bin_label""] = df_new[""outcome_binary""].map({1: ""overtaken"", 0: ""survived""})","Sensitivity-analysis definition, threshold, or coded scenario parameter."
sensitivity_technical_network_exclusion.py,86,,1,numeric_ast_literal,candidate_definition_or_analysis_parameter,medium,"df_new[""outcome_bin_label""] = df_new[""outcome_binary""].map({1: ""overtaken"", 0: ""survived""})","Sensitivity-analysis definition, threshold, or coded scenario parameter."
sensitivity_technical_network_exclusion.py,89,,0,numeric_ast_literal,candidate_definition_or_analysis_parameter,medium,"df_new[""outcome_bin_label""] = df_new[""outcome_binary""].map({1: ""overtaken"", 0: ""survived""})","Sensitivity-analysis definition, threshold, or coded scenario parameter."
sensitivity_technical_network_exclusion.py,89,,1,numeric_ast_literal,candidate_definition_or_analysis_parameter,medium,"df_new[""outcome_bin_label""] = df_new[""outcome_binary""].map({1: ""overtaken"", 0: ""survived""})","Sensitivity-analysis definition, threshold, or coded scenario parameter."
sensitivity_technical_network_exclusion.py,100,,0,numeric_ast_literal,candidate_definition_or_analysis_parameter,medium,"ct = ct.reindex(index=[""stock"", ""flow""], columns=[""overtaken"", ""survived""], fill_value=0)","Sensitivity-analysis definition, threshold, or coded scenario parameter."
sensitivity_technical_network_exclusion.py,108,,0,numeric_ast_literal,candidate_definition_or_analysis_parameter,medium,stock_rate = TP / (TP + FP) if (TP + FP) > 0 else 0,"Sensitivity-analysis definition, threshold, or coded scenario parameter."
sensitivity_technical_network_exclusion.py,108,,0,numeric_ast_literal,candidate_definition_or_analysis_parameter,medium,stock_rate = TP / (TP + FP) if (TP + FP) > 0 else 0,"Sensitivity-analysis definition, threshold, or coded scenario parameter."
sensitivity_technical_network_exclusion.py,109,,0,numeric_ast_literal,candidate_definition_or_analysis_parameter,medium,flow_rate = FN / (FN + TN) if (FN + TN) > 0 else 0,"Sensitivity-analysis definition, threshold, or coded scenario parameter."
sensitivity_technical_network_exclusion.py,109,,0,numeric_ast_literal,candidate_definition_or_analysis_parameter,medium,flow_rate = FN / (FN + TN) if (FN + TN) > 0 else 0,"Sensitivity-analysis definition, threshold, or coded scenario parameter."
sensitivity_technical_network_exclusion.py,111,,0,numeric_ast_literal,candidate_definition_or_analysis_parameter,medium,sensitivity = TP / (TP + FN) if (TP + FN) > 0 else 0,"Sensitivity-analysis definition, threshold, or coded scenario parameter."
sensitivity_technical_network_exclusion.py,111,,0,numeric_ast_literal,candidate_definition_or_analysis_parameter,medium,sensitivity = TP / (TP + FN) if (TP + FN) > 0 else 0,"Sensitivity-analysis definition, threshold, or coded scenario parameter."
sensitivity_technical_network_exclusion.py,112,,0,numeric_ast_literal,candidate_definition_or_analysis_parameter,medium,specificity = TN / (TN + FP) if (TN + FP) > 0 else 0,"Sensitivity-analysis definition, threshold, or coded scenario parameter."
sensitivity_technical_network_exclusion.py,112,,0,numeric_ast_literal,candidate_definition_or_analysis_parameter,medium,specificity = TN / (TN + FP) if (TN + FP) > 0 else 0,"Sensitivity-analysis definition, threshold, or coded scenario parameter."
sensitivity_technical_network_exclusion.py,113,,0,numeric_ast_literal,candidate_definition_or_analysis_parameter,medium,accuracy = (TP + TN) / N if N > 0 else 0,"Sensitivity-analysis definition, threshold, or coded scenario parameter."
sensitivity_technical_network_exclusion.py,113,,0,numeric_ast_literal,candidate_definition_or_analysis_parameter,medium,accuracy = (TP + TN) / N if N > 0 else 0,"Sensitivity-analysis definition, threshold, or coded scenario parameter."
sensitivity_technical_network_exclusion.py,114,,0,numeric_ast_literal,candidate_definition_or_analysis_parameter,medium,ppv = TP / (TP + FP) if (TP + FP) > 0 else 0,"Sensitivity-analysis definition, threshold, or coded scenario parameter."
sensitivity_technical_network_exclusion.py,114,,0,numeric_ast_literal,candidate_definition_or_analysis_parameter,medium,ppv = TP / (TP + FP) if (TP + FP) > 0 else 0,"Sensitivity-analysis definition, threshold, or coded scenario parameter."
sensitivity_technical_network_exclusion.py,115,,0,numeric_ast_literal,candidate_definition_or_analysis_parameter,medium,npv = TN / (TN + FN) if (TN + FN) > 0 else 0,"Sensitivity-analysis definition, threshold, or coded scenario parameter."
sensitivity_technical_network_exclusion.py,115,,0,numeric_ast_literal,candidate_definition_or_analysis_parameter,medium,npv = TN / (TN + FN) if (TN + FN) > 0 else 0,"Sensitivity-analysis definition, threshold, or coded scenario parameter."
sensitivity_technical_network_exclusion.py,117,,0,numeric_ast_literal,candidate_definition_or_analysis_parameter,medium,"odds_ratio = (TP * TN) / (FP * FN) if (FP * FN) > 0 else float(""inf"")","Sensitivity-analysis definition, threshold, or coded scenario parameter."
sensitivity_technical_network_exclusion.py,119,,1,numeric_ast_literal,candidate_definition_or_analysis_parameter,medium,"max(1, (TP + FP) * (FN + TN) * (TP + FN) * (FP + TN))","Sensitivity-analysis definition, threshold, or coded scenario parameter."
sensitivity_technical_network_exclusion.py,146,,0,numeric_ast_literal,candidate_definition_or_analysis_parameter,medium,rate = n_conquered / n if n > 0 else 0,"Sensitivity-analysis definition, threshold, or coded scenario parameter."
sensitivity_technical_network_exclusion.py,146,,0,numeric_ast_literal,candidate_definition_or_analysis_parameter,medium,rate = n_conquered / n if n > 0 else 0,"Sensitivity-analysis definition, threshold, or coded scenario parameter."
sensitivity_technical_network_exclusion.py,176,,0,numeric_ast_literal,candidate_definition_or_analysis_parameter,medium,"model = sm.Logit(y, X).fit(disp=0, maxiter=200)","Sensitivity-analysis definition, threshold, or coded scenario parameter."
sensitivity_technical_network_exclusion.py,176,,200,numeric_ast_literal,candidate_definition_or_analysis_parameter,medium,"model = sm.Logit(y, X).fit(disp=0, maxiter=200)","Sensitivity-analysis definition, threshold, or coded scenario parameter."
sensitivity_technical_network_exclusion.py,183,,0,numeric_ast_literal,candidate_definition_or_analysis_parameter,medium,"""ci_lo"": np.exp(model.conf_int().loc[var, 0]),","Sensitivity-analysis definition, threshold, or coded scenario parameter."
sensitivity_technical_network_exclusion.py,184,,1,numeric_ast_literal,candidate_definition_or_analysis_parameter,medium,"""ci_hi"": np.exp(model.conf_int().loc[var, 1]),","Sensitivity-analysis definition, threshold, or coded scenario parameter."
sensitivity_technical_network_exclusion.py,211,,0,numeric_ast_literal,candidate_definition_or_analysis_parameter,medium,"mod_total = sm.Logit(y, X_const).fit(disp=0)","Sensitivity-analysis definition, threshold, or coded scenario parameter."
sensitivity_technical_network_exclusion.py,212,,1,numeric_ast_literal,candidate_definition_or_analysis_parameter,medium,c = mod_total.params.iloc[1],"Sensitivity-analysis definition, threshold, or coded scenario parameter."
sensitivity_technical_network_exclusion.py,223,,1,numeric_ast_literal,candidate_definition_or_analysis_parameter,medium,a = mod_m.params.iloc[1],"Sensitivity-analysis definition, threshold, or coded scenario parameter."
sensitivity_technical_network_exclusion.py,225,,0,numeric_ast_literal,candidate_definition_or_analysis_parameter,medium,"mod_y = sm.Logit(y, XM).fit(disp=0, maxiter=100)","Sensitivity-analysis definition, threshold, or coded scenario parameter."
sensitivity_technical_network_exclusion.py,225,,100,numeric_ast_literal,candidate_definition_or_analysis_parameter,medium,"mod_y = sm.Logit(y, XM).fit(disp=0, maxiter=100)","Sensitivity-analysis definition, threshold, or coded scenario parameter."
sensitivity_technical_network_exclusion.py,272,,80,numeric_ast_literal,candidate_definition_or_analysis_parameter,medium,"print(""="" * 80)","Sensitivity-analysis definition, threshold, or coded scenario parameter."
sensitivity_technical_network_exclusion.py,274,,80,numeric_ast_literal,candidate_definition_or_analysis_parameter,medium,"print(""="" * 80)","Sensitivity-analysis definition, threshold, or coded scenario parameter."
sensitivity_technical_network_exclusion.py,289,,2,number_embedded_in_text,prose_or_label_number,low,"print(f""    → 合計 3×2 = 6 シナリオ"")",Number is embedded in a string and requires contextual review.
sensitivity_technical_network_exclusion.py,289,,3,number_embedded_in_text,prose_or_label_number,low,"print(f""    → 合計 3×2 = 6 シナリオ"")",Number is embedded in a string and requires contextual review.
sensitivity_technical_network_exclusion.py,289,,6,number_embedded_in_text,prose_or_label_number,low,"print(f""    → 合計 3×2 = 6 シナリオ"")",Number is embedded in a string and requires contextual review.
sensitivity_technical_network_exclusion.py,294,,80,numeric_ast_literal,candidate_definition_or_analysis_parameter,medium,"print(""\n\n"" + ""="" * 80)","Sensitivity-analysis definition, threshold, or coded scenario parameter."
sensitivity_technical_network_exclusion.py,295,,1,number_embedded_in_text,manuscript_structure_or_cross_reference,low,"print(""SECTION 1: disrupted エンティティ一覧 (18国)"")","Figure, table, section, or heading number used for document structure."
sensitivity_technical_network_exclusion.py,296,,80,numeric_ast_literal,candidate_definition_or_analysis_parameter,medium,"print(""="" * 80)","Sensitivity-analysis definition, threshold, or coded scenario parameter."
sensitivity_technical_network_exclusion.py,305,,80,numeric_ast_literal,candidate_definition_or_analysis_parameter,medium,"print(""\n\n"" + ""="" * 80)","Sensitivity-analysis definition, threshold, or coded scenario parameter."
sensitivity_technical_network_exclusion.py,306,,2,number_embedded_in_text,manuscript_structure_or_cross_reference,low,"print(""SECTION 2: 技術的海禁再分類対象エンティティ"")","Figure, table, section, or heading number used for document structure."
sensitivity_technical_network_exclusion.py,307,,80,numeric_ast_literal,candidate_definition_or_analysis_parameter,medium,"print(""="" * 80)","Sensitivity-analysis definition, threshold, or coded scenario parameter."
sensitivity_technical_network_exclusion.py,310,,0,numeric_ast_literal,candidate_definition_or_analysis_parameter,medium,"row = df_base[df_base[""entity""] == entity].iloc[0]","Sensitivity-analysis definition, threshold, or coded scenario parameter."
sensitivity_technical_network_exclusion.py,322,,80,numeric_ast_literal,candidate_definition_or_analysis_parameter,medium,"print(""\n\n"" + ""="" * 80)","Sensitivity-analysis definition, threshold, or coded scenario parameter."
sensitivity_technical_network_exclusion.py,323,,3,number_embedded_in_text,manuscript_structure_or_cross_reference,low,"print(""SECTION 3: 二値化後の outcome 分布"")","Figure, table, section, or heading number used for document structure."
sensitivity_technical_network_exclusion.py,324,,80,numeric_ast_literal,candidate_definition_or_analysis_parameter,medium,"print(""="" * 80)","Sensitivity-analysis definition, threshold, or coded scenario parameter."
sensitivity_technical_network_exclusion.py,339,,0,numeric_ast_literal,candidate_definition_or_analysis_parameter,medium,rate = nc / n if n > 0 else 0,"Sensitivity-analysis definition, threshold, or coded scenario parameter."
sensitivity_technical_network_exclusion.py,339,,0,numeric_ast_literal,candidate_definition_or_analysis_parameter,medium,rate = nc / n if n > 0 else 0,"Sensitivity-analysis definition, threshold, or coded scenario parameter."
sensitivity_technical_network_exclusion.py,345,,80,numeric_ast_literal,candidate_definition_or_analysis_parameter,medium,"print(""\n\n"" + ""="" * 80)","Sensitivity-analysis definition, threshold, or coded scenario parameter."
sensitivity_technical_network_exclusion.py,346,,4,number_embedded_in_text,manuscript_structure_or_cross_reference,low,"print(""SECTION 4: 混同行列統計量の比較 (dominant × outcome)"")","Figure, table, section, or heading number used for document structure."
sensitivity_technical_network_exclusion.py,347,,80,numeric_ast_literal,candidate_definition_or_analysis_parameter,medium,"print(""="" * 80)","Sensitivity-analysis definition, threshold, or coded scenario parameter."
sensitivity_technical_network_exclusion.py,363,,70,numeric_ast_literal,candidate_definition_or_analysis_parameter,medium,"print(f""    {'-' * 70}"")","Sensitivity-analysis definition, threshold, or coded scenario parameter."
sensitivity_technical_network_exclusion.py,382,,14,number_embedded_in_text,dynamically_generated_value_or_format_precision,low,"line += f"" {val:>14{fmt}}""",Number appears in an f-string or format specification; the reported value is generated at runtime.
sensitivity_technical_network_exclusion.py,388,,80,numeric_ast_literal,candidate_definition_or_analysis_parameter,medium,"print(""\n\n"" + ""="" * 80)","Sensitivity-analysis definition, threshold, or coded scenario parameter."
sensitivity_technical_network_exclusion.py,389,,5,number_embedded_in_text,manuscript_structure_or_cross_reference,low,"print(""SECTION 5: 多変量ロジスティック回帰（海禁ダミー追加）"")","Figure, table, section, or heading number used for document structure."
sensitivity_technical_network_exclusion.py,390,,80,numeric_ast_literal,candidate_definition_or_analysis_parameter,medium,"print(""="" * 80)","Sensitivity-analysis definition, threshold, or coded scenario parameter."
sensitivity_technical_network_exclusion.py,408,,95,number_embedded_in_text,dynamically_generated_value_or_format_precision,low,"print(f""      {'変数':30s} {'OR':>8s} {'95%CI':>22s} {'p値':>8s}"")",Number appears in an f-string or format specification; the reported value is generated at runtime.
sensitivity_technical_network_exclusion.py,409,,70,numeric_ast_literal,candidate_definition_or_analysis_parameter,medium,"print(f""      {'-'*70}"")","Sensitivity-analysis definition, threshold, or coded scenario parameter."
sensitivity_technical_network_exclusion.py,411,,0.05,numeric_ast_literal,candidate_definition_or_analysis_parameter,medium,"sig = "" *"" if v[""p""] < 0.05 else ""  "" if v[""p""] < 0.10 else """"","Sensitivity-analysis definition, threshold, or coded scenario parameter."
sensitivity_technical_network_exclusion.py,411,,0.1,numeric_ast_literal,candidate_definition_or_analysis_parameter,medium,"sig = "" *"" if v[""p""] < 0.05 else ""  "" if v[""p""] < 0.10 else """"","Sensitivity-analysis definition, threshold, or coded scenario parameter."
sensitivity_technical_network_exclusion.py,417,,80,numeric_ast_literal,candidate_definition_or_analysis_parameter,medium,"print(""\n\n"" + ""="" * 80)","Sensitivity-analysis definition, threshold, or coded scenario parameter."
sensitivity_technical_network_exclusion.py,418,,6,number_embedded_in_text,manuscript_structure_or_cross_reference,low,"print(""SECTION 6: 海禁→征服 Fisher検定（6シナリオ）"")","Figure, table, section, or heading number used for document structure."
sensitivity_technical_network_exclusion.py,419,,80,numeric_ast_literal,candidate_definition_or_analysis_parameter,medium,"print(""="" * 80)","Sensitivity-analysis definition, threshold, or coded scenario parameter."
sensitivity_technical_network_exclusion.py,433,,0,numeric_ast_literal,candidate_definition_or_analysis_parameter,medium,"ban_rate = ban_df[""outcome_binary""].mean() if len(ban_df) > 0 else 0","Sensitivity-analysis definition, threshold, or coded scenario parameter."
sensitivity_technical_network_exclusion.py,433,,0,numeric_ast_literal,candidate_definition_or_analysis_parameter,medium,"ban_rate = ban_df[""outcome_binary""].mean() if len(ban_df) > 0 else 0","Sensitivity-analysis definition, threshold, or coded scenario parameter."
sensitivity_technical_network_exclusion.py,434,,0,numeric_ast_literal,candidate_definition_or_analysis_parameter,medium,"no_rate = no_ban_df[""outcome_binary""].mean() if len(no_ban_df) > 0 else 0","Sensitivity-analysis definition, threshold, or coded scenario parameter."
sensitivity_technical_network_exclusion.py,434,,0,numeric_ast_literal,candidate_definition_or_analysis_parameter,medium,"no_rate = no_ban_df[""outcome_binary""].mean() if len(no_ban_df) > 0 else 0","Sensitivity-analysis definition, threshold, or coded scenario parameter."
sensitivity_technical_network_exclusion.py,439,,0,numeric_ast_literal,candidate_definition_or_analysis_parameter,medium,if len(ban_df) > 0 and len(no_ban_df) > 0:,"Sensitivity-analysis definition, threshold, or coded scenario parameter."
sensitivity_technical_network_exclusion.py,439,,0,numeric_ast_literal,candidate_definition_or_analysis_parameter,medium,if len(ban_df) > 0 and len(no_ban_df) > 0:,"Sensitivity-analysis definition, threshold, or coded scenario parameter."
sensitivity_technical_network_exclusion.py,441,,0,numeric_ast_literal,candidate_definition_or_analysis_parameter,medium,"rr = ban_rate / no_rate if no_rate > 0 else float(""inf"")","Sensitivity-analysis definition, threshold, or coded scenario parameter."
sensitivity_technical_network_exclusion.py,451,,0.05,numeric_ast_literal,candidate_definition_or_analysis_parameter,medium,"print(f""      Fisher検定: p={p:.4f}"" + ("" *"" if p < 0.05 else """"))","Sensitivity-analysis definition, threshold, or coded scenario parameter."
sensitivity_technical_network_exclusion.py,456,,80,numeric_ast_literal,candidate_definition_or_analysis_parameter,medium,"print(""\n\n"" + ""="" * 80)","Sensitivity-analysis definition, threshold, or coded scenario parameter."
sensitivity_technical_network_exclusion.py,457,,7,number_embedded_in_text,manuscript_structure_or_cross_reference,low,"print(""SECTION 7: 媒介分析パス係数"")","Figure, table, section, or heading number used for document structure."
sensitivity_technical_network_exclusion.py,458,,80,numeric_ast_literal,candidate_definition_or_analysis_parameter,medium,"print(""="" * 80)","Sensitivity-analysis definition, threshold, or coded scenario parameter."
sensitivity_technical_network_exclusion.py,477,,72,numeric_ast_literal,candidate_definition_or_analysis_parameter,medium,"print(f""      {'-' * 72}"")","Sensitivity-analysis definition, threshold, or coded scenario parameter."
sensitivity_technical_network_exclusion.py,489,,80,numeric_ast_literal,candidate_definition_or_analysis_parameter,medium,"print(""\n\n"" + ""="" * 80)","Sensitivity-analysis definition, threshold, or coded scenario parameter."
sensitivity_technical_network_exclusion.py,490,,8,number_embedded_in_text,manuscript_structure_or_cross_reference,low,"print(""SECTION 8: ブートストラップOR推定"")","Figure, table, section, or heading number used for document structure."
sensitivity_technical_network_exclusion.py,491,,80,numeric_ast_literal,candidate_definition_or_analysis_parameter,medium,"print(""="" * 80)","Sensitivity-analysis definition, threshold, or coded scenario parameter."
sensitivity_technical_network_exclusion.py,493,,42,numeric_ast_literal,candidate_definition_or_analysis_parameter,medium,rng = np.random.default_rng(42),"Sensitivity-analysis definition, threshold, or coded scenario parameter."
sensitivity_technical_network_exclusion.py,494,,5000,numeric_ast_literal,candidate_definition_or_analysis_parameter,medium,n_boot = 5000,"Sensitivity-analysis definition, threshold, or coded scenario parameter."
sensitivity_technical_network_exclusion.py,508,,0,numeric_ast_literal,candidate_definition_or_analysis_parameter,medium,"ct = ct.reindex(index=[""stock"", ""flow""], columns=[""overtaken"", ""survived""], fill_value=0)","Sensitivity-analysis definition, threshold, or coded scenario parameter."
sensitivity_technical_network_exclusion.py,513,,0,numeric_ast_literal,candidate_definition_or_analysis_parameter,medium,boot_ors[i] = (tp * tn) / (fp * fn) if (fp * fn) > 0 else np.nan,"Sensitivity-analysis definition, threshold, or coded scenario parameter."
sensitivity_technical_network_exclusion.py,518,,100,numeric_ast_literal,candidate_definition_or_analysis_parameter,medium,if len(valid) >= 100:,"Sensitivity-analysis definition, threshold, or coded scenario parameter."
sensitivity_technical_network_exclusion.py,519,,2.5,numeric_ast_literal,candidate_definition_or_analysis_parameter,medium,"ci_lo, ci_hi = np.percentile(valid, [2.5, 97.5])","Sensitivity-analysis definition, threshold, or coded scenario parameter."
sensitivity_technical_network_exclusion.py,519,,97.5,numeric_ast_literal,candidate_definition_or_analysis_parameter,medium,"ci_lo, ci_hi = np.percentile(valid, [2.5, 97.5])","Sensitivity-analysis definition, threshold, or coded scenario parameter."
sensitivity_technical_network_exclusion.py,522,,95,number_embedded_in_text,dynamically_generated_value_or_format_precision,low,"print(f""    {c_sc['label']:12s}: median={median_or:.3f}, 95%CI=[{ci_lo:.3f}, {ci_hi:.3f}]  (point={all_cm[combo_key]['OR']:.3f})"")",Number appears in an f-string or format specification; the reported value is generated at runtime.
sensitivity_technical_network_exclusion.py,527,,80,numeric_ast_literal,candidate_definition_or_analysis_parameter,medium,"print(""\n\n"" + ""="" * 80)","Sensitivity-analysis definition, threshold, or coded scenario parameter."
sensitivity_technical_network_exclusion.py,529,,80,numeric_ast_literal,candidate_definition_or_analysis_parameter,medium,"print(""="" * 80)","Sensitivity-analysis definition, threshold, or coded scenario parameter."
sensitivity_technical_network_exclusion.py,548,,0,numeric_ast_literal,candidate_definition_or_analysis_parameter,medium,ban_rate = ban_conquered / n_ban if n_ban > 0 else 0,"Sensitivity-analysis definition, threshold, or coded scenario parameter."
sensitivity_technical_network_exclusion.py,548,,0,numeric_ast_literal,candidate_definition_or_analysis_parameter,medium,ban_rate = ban_conquered / n_ban if n_ban > 0 else 0,"Sensitivity-analysis definition, threshold, or coded scenario parameter."
sensitivity_technical_network_exclusion.py,593,,80,numeric_ast_literal,candidate_definition_or_analysis_parameter,medium,"print(""\n\n"" + ""="" * 80)","Sensitivity-analysis definition, threshold, or coded scenario parameter."
sensitivity_technical_network_exclusion.py,595,,80,numeric_ast_literal,candidate_definition_or_analysis_parameter,medium,"print(""="" * 80)","Sensitivity-analysis definition, threshold, or coded scenario parameter."
sensitivity_technical_network_exclusion.py,608,,0.3,numeric_ast_literal,candidate_definition_or_analysis_parameter,medium,→ disrupted の帰属は主要結果に{'大きく' if abs(or_conq - or_surv) > 0.3 else '軽微に'}影響。,"Sensitivity-analysis definition, threshold, or coded scenario parameter."
serial_mediation.py,23,,5000,numeric_ast_literal,analysis_parameter_or_threshold,medium,"x_lab, m1_lab, m2_lab, y_lab, n_boot=5000):","Explicit analysis parameter, random seed, resampling count, or decision threshold."
serial_mediation.py,28,,60,numeric_ast_literal,code_constant_requires_context,medium,"print(f""\n{'='*60}"")","Numeric code constant not automatically reducible to a result, layout, or documented analysis parameter."
serial_mediation.py,30,,60,numeric_ast_literal,code_constant_requires_context,medium,"print(f""{'='*60}"")","Numeric code constant not automatically reducible to a result, layout, or documented analysis parameter."
serial_mediation.py,36,,1,numeric_ast_literal,code_constant_requires_context,medium,a1 = model_m1.params.iloc[1],"Numeric code constant not automatically reducible to a result, layout, or documented analysis parameter."
serial_mediation.py,37,,1,numeric_ast_literal,code_constant_requires_context,medium,p_a1 = model_m1.pvalues.iloc[1],"Numeric code constant not automatically reducible to a result, layout, or documented analysis parameter."
serial_mediation.py,49,,2,numeric_ast_literal,code_constant_requires_context,medium,if y.nunique() == 2:,"Numeric code constant not automatically reducible to a result, layout, or documented analysis parameter."
serial_mediation.py,50,,0,numeric_ast_literal,analysis_parameter_or_threshold,medium,"model_y = sm.Logit(y, XM1M2).fit(disp=0, maxiter=100)","Explicit analysis parameter, random seed, resampling count, or decision threshold."
serial_mediation.py,50,,100,numeric_ast_literal,analysis_parameter_or_threshold,medium,"model_y = sm.Logit(y, XM1M2).fit(disp=0, maxiter=100)","Explicit analysis parameter, random seed, resampling count, or decision threshold."
serial_mediation.py,61,,2,numeric_ast_literal,code_constant_requires_context,medium,if y.nunique() == 2:,"Numeric code constant not automatically reducible to a result, layout, or documented analysis parameter."
serial_mediation.py,62,,0,numeric_ast_literal,code_constant_requires_context,medium,"model_total = sm.Logit(y, X_const).fit(disp=0)","Numeric code constant not automatically reducible to a result, layout, or documented analysis parameter."
serial_mediation.py,65,,1,numeric_ast_literal,code_constant_requires_context,medium,c = model_total.params.iloc[1],"Numeric code constant not automatically reducible to a result, layout, or documented analysis parameter."
serial_mediation.py,66,,1,numeric_ast_literal,code_constant_requires_context,medium,p_c = model_total.pvalues.iloc[1],"Numeric code constant not automatically reducible to a result, layout, or documented analysis parameter."
serial_mediation.py,91,,42,numeric_ast_literal,analysis_parameter_or_threshold,medium,rng = np.random.default_rng(42),"Explicit analysis parameter, random seed, resampling count, or decision threshold."
serial_mediation.py,107,,1,numeric_ast_literal,code_constant_requires_context,medium,a1b = mod1.params.iloc[1],"Numeric code constant not automatically reducible to a result, layout, or documented analysis parameter."
serial_mediation.py,115,,2,numeric_ast_literal,code_constant_requires_context,medium,if yb.nunique() == 2:,"Numeric code constant not automatically reducible to a result, layout, or documented analysis parameter."
serial_mediation.py,116,,0,numeric_ast_literal,analysis_parameter_or_threshold,medium,"mod3 = sm.Logit(yb, XM1M2b).fit(disp=0, maxiter=50)","Explicit analysis parameter, random seed, resampling count, or decision threshold."
serial_mediation.py,116,,50,numeric_ast_literal,analysis_parameter_or_threshold,medium,"mod3 = sm.Logit(yb, XM1M2b).fit(disp=0, maxiter=50)","Explicit analysis parameter, random seed, resampling count, or decision threshold."
serial_mediation.py,132,,0.05,numeric_ast_literal,analysis_parameter_or_threshold,medium,"def boot_ci(arr, alpha=0.05):","Explicit analysis parameter, random seed, resampling count, or decision threshold."
serial_mediation.py,134,,100,numeric_ast_literal,code_constant_requires_context,medium,if len(arr) < 100:,"Numeric code constant not automatically reducible to a result, layout, or documented analysis parameter."
serial_mediation.py,136,,100,numeric_ast_literal,analysis_parameter_or_threshold,medium,"lo = np.percentile(arr, 100 * alpha / 2)","Explicit analysis parameter, random seed, resampling count, or decision threshold."
serial_mediation.py,136,,2,numeric_ast_literal,analysis_parameter_or_threshold,medium,"lo = np.percentile(arr, 100 * alpha / 2)","Explicit analysis parameter, random seed, resampling count, or decision threshold."
serial_mediation.py,137,,1,numeric_ast_literal,analysis_parameter_or_threshold,medium,"hi = np.percentile(arr, 100 * (1 - alpha / 2))","Explicit analysis parameter, random seed, resampling count, or decision threshold."
serial_mediation.py,137,,100,numeric_ast_literal,analysis_parameter_or_threshold,medium,"hi = np.percentile(arr, 100 * (1 - alpha / 2))","Explicit analysis parameter, random seed, resampling count, or decision threshold."
serial_mediation.py,137,,2,numeric_ast_literal,analysis_parameter_or_threshold,medium,"hi = np.percentile(arr, 100 * (1 - alpha / 2))","Explicit analysis parameter, random seed, resampling count, or decision threshold."
serial_mediation.py,138,,0,numeric_ast_literal,code_constant_requires_context,medium,"p = min(np.mean(arr <= 0), np.mean(arr >= 0)) * 2","Numeric code constant not automatically reducible to a result, layout, or documented analysis parameter."
serial_mediation.py,138,,0,numeric_ast_literal,code_constant_requires_context,medium,"p = min(np.mean(arr <= 0), np.mean(arr >= 0)) * 2","Numeric code constant not automatically reducible to a result, layout, or documented analysis parameter."
serial_mediation.py,138,,2,numeric_ast_literal,code_constant_requires_context,medium,"p = min(np.mean(arr <= 0), np.mean(arr >= 0)) * 2","Numeric code constant not automatically reducible to a result, layout, or documented analysis parameter."
serial_mediation.py,152,,0,numeric_ast_literal,code_constant_requires_context,medium,"sig_serial = ""有意"" if s_lo > 0 or s_hi < 0 else ""非有意""","Numeric code constant not automatically reducible to a result, layout, or documented analysis parameter."
serial_mediation.py,152,,0,numeric_ast_literal,code_constant_requires_context,medium,"sig_serial = ""有意"" if s_lo > 0 or s_hi < 0 else ""非有意""","Numeric code constant not automatically reducible to a result, layout, or documented analysis parameter."
serial_mediation.py,169,,5000,numeric_ast_literal,analysis_parameter_or_threshold,medium,"x_lab, m1_lab, m2_lab, m3_lab, y_lab, n_boot=5000):","Explicit analysis parameter, random seed, resampling count, or decision threshold."
serial_mediation.py,171,,60,numeric_ast_literal,code_constant_requires_context,medium,"print(f""\n{'='*60}"")","Numeric code constant not automatically reducible to a result, layout, or documented analysis parameter."
serial_mediation.py,173,,60,numeric_ast_literal,code_constant_requires_context,medium,"print(f""{'='*60}"")","Numeric code constant not automatically reducible to a result, layout, or documented analysis parameter."
serial_mediation.py,179,,1,numeric_ast_literal,code_constant_requires_context,medium,a1 = mod_m1.params.iloc[1],"Numeric code constant not automatically reducible to a result, layout, or documented analysis parameter."
serial_mediation.py,196,,2,numeric_ast_literal,code_constant_requires_context,medium,if y.nunique() == 2:,"Numeric code constant not automatically reducible to a result, layout, or documented analysis parameter."
serial_mediation.py,197,,0,numeric_ast_literal,analysis_parameter_or_threshold,medium,"mod_y = sm.Logit(y, XM_all).fit(disp=0, maxiter=100)","Explicit analysis parameter, random seed, resampling count, or decision threshold."
serial_mediation.py,197,,100,numeric_ast_literal,analysis_parameter_or_threshold,medium,"mod_y = sm.Logit(y, XM_all).fit(disp=0, maxiter=100)","Explicit analysis parameter, random seed, resampling count, or decision threshold."
serial_mediation.py,206,,2,numeric_ast_literal,code_constant_requires_context,medium,if y.nunique() == 2:,"Numeric code constant not automatically reducible to a result, layout, or documented analysis parameter."
serial_mediation.py,207,,0,numeric_ast_literal,code_constant_requires_context,medium,"mod_total = sm.Logit(y, X_const).fit(disp=0)","Numeric code constant not automatically reducible to a result, layout, or documented analysis parameter."
serial_mediation.py,210,,1,numeric_ast_literal,code_constant_requires_context,medium,c = mod_total.params.iloc[1],"Numeric code constant not automatically reducible to a result, layout, or documented analysis parameter."
serial_mediation.py,250,,42,numeric_ast_literal,analysis_parameter_or_threshold,medium,rng = np.random.default_rng(42),"Explicit analysis parameter, random seed, resampling count, or decision threshold."
serial_mediation.py,273,,2,numeric_ast_literal,code_constant_requires_context,medium,if yb.nunique() == 2:,"Numeric code constant not automatically reducible to a result, layout, or documented analysis parameter."
serial_mediation.py,274,,0,numeric_ast_literal,analysis_parameter_or_threshold,medium,"r4 = sm.Logit(yb, XMab).fit(disp=0, maxiter=50)","Explicit analysis parameter, random seed, resampling count, or decision threshold."
serial_mediation.py,274,,50,numeric_ast_literal,analysis_parameter_or_threshold,medium,"r4 = sm.Logit(yb, XMab).fit(disp=0, maxiter=50)","Explicit analysis parameter, random seed, resampling count, or decision threshold."
serial_mediation.py,278,,1,numeric_ast_literal,code_constant_requires_context,medium,"boot_vals[i] = r1.params.iloc[1] * r2.params[""m1""] * r3.params[""m2""] * r4.params[""m3""]","Numeric code constant not automatically reducible to a result, layout, or documented analysis parameter."
serial_mediation.py,280,,1,numeric_ast_literal,code_constant_requires_context,medium,a1b = r1.params.iloc[1],"Numeric code constant not automatically reducible to a result, layout, or documented analysis parameter."
serial_mediation.py,293,,100,numeric_ast_literal,code_constant_requires_context,medium,if len(valid) >= 100:,"Numeric code constant not automatically reducible to a result, layout, or documented analysis parameter."
serial_mediation.py,294,,2.5,numeric_ast_literal,analysis_parameter_or_threshold,medium,"ci_lo, ci_hi = np.percentile(valid, [2.5, 97.5])","Explicit analysis parameter, random seed, resampling count, or decision threshold."
serial_mediation.py,294,,97.5,numeric_ast_literal,analysis_parameter_or_threshold,medium,"ci_lo, ci_hi = np.percentile(valid, [2.5, 97.5])","Explicit analysis parameter, random seed, resampling count, or decision threshold."
serial_mediation.py,295,,0,numeric_ast_literal,code_constant_requires_context,medium,"bp = min(np.mean(valid <= 0), np.mean(valid >= 0)) * 2","Numeric code constant not automatically reducible to a result, layout, or documented analysis parameter."
serial_mediation.py,295,,0,numeric_ast_literal,code_constant_requires_context,medium,"bp = min(np.mean(valid <= 0), np.mean(valid >= 0)) * 2","Numeric code constant not automatically reducible to a result, layout, or documented analysis parameter."
serial_mediation.py,295,,2,numeric_ast_literal,code_constant_requires_context,medium,"bp = min(np.mean(valid <= 0), np.mean(valid >= 0)) * 2","Numeric code constant not automatically reducible to a result, layout, or documented analysis parameter."
serial_mediation.py,296,,2.5,numeric_ast_literal,analysis_parameter_or_threshold,medium,"t_lo, t_hi = np.percentile(valid_t, [2.5, 97.5])","Explicit analysis parameter, random seed, resampling count, or decision threshold."
serial_mediation.py,296,,97.5,numeric_ast_literal,analysis_parameter_or_threshold,medium,"t_lo, t_hi = np.percentile(valid_t, [2.5, 97.5])","Explicit analysis parameter, random seed, resampling count, or decision threshold."
serial_mediation.py,297,,0,numeric_ast_literal,code_constant_requires_context,medium,"tp = min(np.mean(valid_t <= 0), np.mean(valid_t >= 0)) * 2","Numeric code constant not automatically reducible to a result, layout, or documented analysis parameter."
serial_mediation.py,297,,0,numeric_ast_literal,code_constant_requires_context,medium,"tp = min(np.mean(valid_t <= 0), np.mean(valid_t >= 0)) * 2","Numeric code constant not automatically reducible to a result, layout, or documented analysis parameter."
serial_mediation.py,297,,2,numeric_ast_literal,code_constant_requires_context,medium,"tp = min(np.mean(valid_t <= 0), np.mean(valid_t >= 0)) * 2","Numeric code constant not automatically reducible to a result, layout, or documented analysis parameter."
serial_mediation.py,305,,0,numeric_ast_literal,code_constant_requires_context,medium,"sig = ""有意"" if (ci_lo > 0 or ci_hi < 0) else ""非有意""","Numeric code constant not automatically reducible to a result, layout, or documented analysis parameter."
serial_mediation.py,305,,0,numeric_ast_literal,code_constant_requires_context,medium,"sig = ""有意"" if (ci_lo > 0 or ci_hi < 0) else ""非有意""","Numeric code constant not automatically reducible to a result, layout, or documented analysis parameter."
serial_mediation.py,354,,70,numeric_ast_literal,code_constant_requires_context,medium,"print(""\n\n"" + ""="" * 70)","Numeric code constant not automatically reducible to a result, layout, or documented analysis parameter."
serial_mediation.py,356,,70,numeric_ast_literal,code_constant_requires_context,medium,"print(""="" * 70)","Numeric code constant not automatically reducible to a result, layout, or documented analysis parameter."
serial_mediation.py,360,,100,numeric_ast_literal,code_constant_requires_context,medium,"print(f""  {'-'*100}"")","Numeric code constant not automatically reducible to a result, layout, or documented analysis parameter."
serial_mediation.py,363,,0,numeric_ast_literal,code_constant_requires_context,medium,"print(f""  {r['path']:55s} {r['ind_serial']:>12.4f} [{ci[0]:.4f}, {ci[1]:.4f}] {r['boot_serial_p']:>8.4f}"")","Numeric code constant not automatically reducible to a result, layout, or documented analysis parameter."
serial_mediation.py,363,,1,numeric_ast_literal,code_constant_requires_context,medium,"print(f""  {r['path']:55s} {r['ind_serial']:>12.4f} [{ci[0]:.4f}, {ci[1]:.4f}] {r['boot_serial_p']:>8.4f}"")","Numeric code constant not automatically reducible to a result, layout, or documented analysis parameter."
serial_mediation.py,369,,0,numeric_ast_literal,code_constant_requires_context,medium,"print(f""    Bootstrap CI:   [{ci3[0]:.4f}, {ci3[1]:.4f}]"")","Numeric code constant not automatically reducible to a result, layout, or documented analysis parameter."
serial_mediation.py,369,,1,numeric_ast_literal,code_constant_requires_context,medium,"print(f""    Bootstrap CI:   [{ci3[0]:.4f}, {ci3[1]:.4f}]"")","Numeric code constant not automatically reducible to a result, layout, or documented analysis parameter."
serial_mediation.py,374,,0,numeric_ast_literal,code_constant_requires_context,medium,if ci3[0] > 0 or ci3[1] < 0:,"Numeric code constant not automatically reducible to a result, layout, or documented analysis parameter."
serial_mediation.py,374,,0,numeric_ast_literal,code_constant_requires_context,medium,if ci3[0] > 0 or ci3[1] < 0:,"Numeric code constant not automatically reducible to a result, layout, or documented analysis parameter."
serial_mediation.py,374,,0,numeric_ast_literal,code_constant_requires_context,medium,if ci3[0] > 0 or ci3[1] < 0:,"Numeric code constant not automatically reducible to a result, layout, or documented analysis parameter."
serial_mediation.py,374,,1,numeric_ast_literal,code_constant_requires_context,medium,if ci3[0] > 0 or ci3[1] < 0:,"Numeric code constant not automatically reducible to a result, layout, or documented analysis parameter."
