record_id,entity,period,field,current_value,verification_status,source_title,source_author_or_institution,source_url,source_locator,source_excerpt,accessed_at_utc,coding_note,applicable_auxiliary_datasets
1,アケメネス朝ペルシア,BC550-BC330,entity,アケメネス朝ペルシア,supported_by_reference_overview,"Ancient Iran | History, Map, Cities, Religion, Art, Language, & Facts | Britannica",Encyclopaedia Britannica,https://www.britannica.com/place/ancient-Iran,"Article, chapter, or dataset overview; relevant text is reproduced in source_excerpt","The history of ancient Iran spans from prehistoric times to the Arab conquest in the 7th century AD. This era is typically divided into three phases: 1. Prehistoric period: From earliest human evidence (c. 100,000 BC) to the start of the 1st millennium BC. 2. Protohistoric period: Approximately the first half of the 1st millennium BC. 3. Achaemenian dynasty period: 6th to 4th century BC, marked by written history. Ancient Iran's history is divided into three phases: prehistoric, protohistoric, and the Achaemenian dynasty(6th to 4th century BC). Several ancient civilizations and empires existed in the region: * Elam, in southwestern Iran, was closely tied to Mesopotamia. * The Medes united Iranian tribes and, in alliance with Babylon, ended the Assyrian Empire in 612 BC. * The Achaemenian Dynasty (559–330 BC) established an empire that Cyrus II founded. * The Parthian Empire (247 BC–224 AD) gained control of the Iranian Plateau and Mesopotamia. * The Sasanian Dynasty (224–651",2026-07-15T02:33:47Z,The cited reference identifies the polity or political unit.,Seshat Cliopatria; HYDE
1,アケメネス朝ペルシア,BC550-BC330,period,BC550-BC330,polity_chronology_supported_project_window_interpretive,"Ancient Iran | History, Map, Cities, Religion, Art, Language, & Facts | Britannica",Encyclopaedia Britannica,https://www.britannica.com/place/ancient-Iran,"Article, chapter, or dataset overview; relevant text is reproduced in source_excerpt","The history of ancient Iran spans from prehistoric times to the Arab conquest in the 7th century AD. This era is typically divided into three phases: 1. Prehistoric period: From earliest human evidence (c. 100,000 BC) to the start of the 1st millennium BC. 2. Protohistoric period: Approximately the first half of the 1st millennium BC. 3. Achaemenian dynasty period: 6th to 4th century BC, marked by written history. Ancient Iran's history is divided into three phases: prehistoric, protohistoric, and the Achaemenian dynasty(6th to 4th century BC). Several ancient civilizations and empires existed in the region: * Elam, in southwestern Iran, was closely tied to Mesopotamia. * The Medes united Iranian tribes and, in alliance with Babylon, ended the Assyrian Empire in 612 BC. * The Achaemenian Dynasty (559–330 BC) established an empire that Cyrus II founded. * The Parthian Empire (247 BC–224 AD) gained control of the Iranian Plateau and Mesopotamia. * The Sasanian Dynasty (224–651",2026-07-15T02:33:47Z,The source supports the polity chronology; split periods and policy windows are project-defined analytical intervals.,Seshat Cliopatria; HYDE
1,アケメネス朝ペルシア,BC550-BC330,closure_type,none,legacy_none_not_independently_verified,"Ancient Iran | History, Map, Cities, Religion, Art, Language, & Facts | Britannica",Encyclopaedia Britannica,https://www.britannica.com/place/ancient-Iran,"Article, chapter, or dataset overview; relevant text is reproduced in source_excerpt","The history of ancient Iran spans from prehistoric times to the Arab conquest in the 7th century AD. This era is typically divided into three phases: 1. Prehistoric period: From earliest human evidence (c. 100,000 BC) to the start of the 1st millennium BC. 2. Protohistoric period: Approximately the first half of the 1st millennium BC. 3. Achaemenian dynasty period: 6th to 4th century BC, marked by written history. Ancient Iran's history is divided into three phases: prehistoric, protohistoric, and the Achaemenian dynasty(6th to 4th century BC). Several ancient civilizations and empires existed in the region: * Elam, in southwestern Iran, was closely tied to Mesopotamia. * The Medes united Iranian tribes and, in alliance with Babylon, ended the Assyrian Empire in 612 BC. * The Achaemenian Dynasty (559–330 BC) established an empire that Cyrus II founded. * The Parthian Empire (247 BC–224 AD) gained control of the Iranian Plateau and Mesopotamia. * The Sasanian Dynasty (224–651",2026-07-15T02:33:47Z,No formal closure is asserted; absence of every relevant restriction was not proven.,Seshat Cliopatria; HYDE
1,アケメネス朝ペルシア,BC550-BC330,outcome,overtaken,historical_event_supported_category_is_project_interpretation,"Ancient Iran | History, Map, Cities, Religion, Art, Language, & Facts | Britannica",Encyclopaedia Britannica,https://www.britannica.com/place/ancient-Iran,"Article, chapter, or dataset overview; relevant text is reproduced in source_excerpt","The history of ancient Iran spans from prehistoric times to the Arab conquest in the 7th century AD. This era is typically divided into three phases: 1. Prehistoric period: From earliest human evidence (c. 100,000 BC) to the start of the 1st millennium BC. 2. Protohistoric period: Approximately the first half of the 1st millennium BC. 3. Achaemenian dynasty period: 6th to 4th century BC, marked by written history. Ancient Iran's history is divided into three phases: prehistoric, protohistoric, and the Achaemenian dynasty(6th to 4th century BC). Several ancient civilizations and empires existed in the region: * Elam, in southwestern Iran, was closely tied to Mesopotamia. * The Medes united Iranian tribes and, in alliance with Babylon, ended the Assyrian Empire in 612 BC. * The Achaemenian Dynasty (559–330 BC) established an empire that Cyrus II founded. * The Parthian Empire (247 BC–224 AD) gained control of the Iranian Plateau and Mesopotamia. * The Sasanian Dynasty (224–651",2026-07-15T02:33:47Z,The source documents the polity history or terminal event. The three-category outcome is an AI-assisted project classification rather than a source variable.,Seshat Cliopatria; HYDE
1,アケメネス朝ペルシア,BC550-BC330,has_external_patron,0,legacy_zero_not_independently_verified,"Ancient Iran | History, Map, Cities, Religion, Art, Language, & Facts | Britannica",Encyclopaedia Britannica,https://www.britannica.com/place/ancient-Iran,"Article, chapter, or dataset overview; relevant text is reproduced in source_excerpt","The history of ancient Iran spans from prehistoric times to the Arab conquest in the 7th century AD. This era is typically divided into three phases: 1. Prehistoric period: From earliest human evidence (c. 100,000 BC) to the start of the 1st millennium BC. 2. Protohistoric period: Approximately the first half of the 1st millennium BC. 3. Achaemenian dynasty period: 6th to 4th century BC, marked by written history. Ancient Iran's history is divided into three phases: prehistoric, protohistoric, and the Achaemenian dynasty(6th to 4th century BC). Several ancient civilizations and empires existed in the region: * Elam, in southwestern Iran, was closely tied to Mesopotamia. * The Medes united Iranian tribes and, in alliance with Babylon, ended the Assyrian Empire in 612 BC. * The Achaemenian Dynasty (559–330 BC) established an empire that Cyrus II founded. * The Parthian Empire (247 BC–224 AD) gained control of the Iranian Plateau and Mesopotamia. * The Sasanian Dynasty (224–651",2026-07-15T02:33:47Z,A zero is the legacy absence coding; no source proves absence of every possible patron relationship.,Seshat Cliopatria; HYDE
2,アテネ（ペロポネソス戦争後）,BC404-BC338,entity,アテネ（ペロポネソス戦争後）,supported_by_reference_overview,"Athens - Ancient, Acropolis, Democracy | Britannica",Encyclopaedia Britannica,https://www.britannica.com/place/Athens/History,"Article, chapter, or dataset overview; relevant text is reproduced in source_excerpt","Athens - Ancient, Acropolis, Democracy | Britannica # History of Athens The site of Athens has been inhabited since the Neolithic Period(before 3000 bce). Evidence for this has come from pottery finds on and around the Acropolis but particularly from a group of about 20 shallow wells, or pits, on the northwest slope of the Acropolis, just below the Klepsydra spring. These wells contained burnished pots of excellent quality, which show that even at this remote period Athens had a settled population and high technical and artistic standards. There are similar indications of occupation in the Early and Middle Bronze ages(3000–1500 bce). The earliest buildings date from the Late Bronze Age, particularly about 1200 bce when the Acropolis was the citadel. Around its top was built a massive wall of cyclopean masonry(a type of construction using huge blocks without mortar). The construction of this wall probably marks the union of the 12 towns of Attica(the department in which Athens",2026-07-15T02:33:47Z,The cited reference identifies the polity or political unit.,Seshat Cliopatria; HYDE
2,アテネ（ペロポネソス戦争後）,BC404-BC338,period,BC404-BC338,polity_chronology_supported_project_window_interpretive,"Athens - Ancient, Acropolis, Democracy | Britannica",Encyclopaedia Britannica,https://www.britannica.com/place/Athens/History,"Article, chapter, or dataset overview; relevant text is reproduced in source_excerpt","Athens - Ancient, Acropolis, Democracy | Britannica # History of Athens The site of Athens has been inhabited since the Neolithic Period(before 3000 bce). Evidence for this has come from pottery finds on and around the Acropolis but particularly from a group of about 20 shallow wells, or pits, on the northwest slope of the Acropolis, just below the Klepsydra spring. These wells contained burnished pots of excellent quality, which show that even at this remote period Athens had a settled population and high technical and artistic standards. There are similar indications of occupation in the Early and Middle Bronze ages(3000–1500 bce). The earliest buildings date from the Late Bronze Age, particularly about 1200 bce when the Acropolis was the citadel. Around its top was built a massive wall of cyclopean masonry(a type of construction using huge blocks without mortar). The construction of this wall probably marks the union of the 12 towns of Attica(the department in which Athens",2026-07-15T02:33:47Z,The source supports the polity chronology; split periods and policy windows are project-defined analytical intervals.,Seshat Cliopatria; HYDE
2,アテネ（ペロポネソス戦争後）,BC404-BC338,closure_type,none,legacy_none_not_independently_verified,"Athens - Ancient, Acropolis, Democracy | Britannica",Encyclopaedia Britannica,https://www.britannica.com/place/Athens/History,"Article, chapter, or dataset overview; relevant text is reproduced in source_excerpt","Athens - Ancient, Acropolis, Democracy | Britannica # History of Athens The site of Athens has been inhabited since the Neolithic Period(before 3000 bce). Evidence for this has come from pottery finds on and around the Acropolis but particularly from a group of about 20 shallow wells, or pits, on the northwest slope of the Acropolis, just below the Klepsydra spring. These wells contained burnished pots of excellent quality, which show that even at this remote period Athens had a settled population and high technical and artistic standards. There are similar indications of occupation in the Early and Middle Bronze ages(3000–1500 bce). The earliest buildings date from the Late Bronze Age, particularly about 1200 bce when the Acropolis was the citadel. Around its top was built a massive wall of cyclopean masonry(a type of construction using huge blocks without mortar). The construction of this wall probably marks the union of the 12 towns of Attica(the department in which Athens",2026-07-15T02:33:47Z,No formal closure is asserted; absence of every relevant restriction was not proven.,Seshat Cliopatria; HYDE
2,アテネ（ペロポネソス戦争後）,BC404-BC338,outcome,overtaken,historical_event_supported_category_is_project_interpretation,"Athens - Ancient, Acropolis, Democracy | Britannica",Encyclopaedia Britannica,https://www.britannica.com/place/Athens/History,"Article, chapter, or dataset overview; relevant text is reproduced in source_excerpt","Athens - Ancient, Acropolis, Democracy | Britannica # History of Athens The site of Athens has been inhabited since the Neolithic Period(before 3000 bce). Evidence for this has come from pottery finds on and around the Acropolis but particularly from a group of about 20 shallow wells, or pits, on the northwest slope of the Acropolis, just below the Klepsydra spring. These wells contained burnished pots of excellent quality, which show that even at this remote period Athens had a settled population and high technical and artistic standards. There are similar indications of occupation in the Early and Middle Bronze ages(3000–1500 bce). The earliest buildings date from the Late Bronze Age, particularly about 1200 bce when the Acropolis was the citadel. Around its top was built a massive wall of cyclopean masonry(a type of construction using huge blocks without mortar). The construction of this wall probably marks the union of the 12 towns of Attica(the department in which Athens",2026-07-15T02:33:47Z,The source documents the polity history or terminal event. The three-category outcome is an AI-assisted project classification rather than a source variable.,Seshat Cliopatria; HYDE
2,アテネ（ペロポネソス戦争後）,BC404-BC338,has_external_patron,0,legacy_zero_not_independently_verified,"Athens - Ancient, Acropolis, Democracy | Britannica",Encyclopaedia Britannica,https://www.britannica.com/place/Athens/History,"Article, chapter, or dataset overview; relevant text is reproduced in source_excerpt","Athens - Ancient, Acropolis, Democracy | Britannica # History of Athens The site of Athens has been inhabited since the Neolithic Period(before 3000 bce). Evidence for this has come from pottery finds on and around the Acropolis but particularly from a group of about 20 shallow wells, or pits, on the northwest slope of the Acropolis, just below the Klepsydra spring. These wells contained burnished pots of excellent quality, which show that even at this remote period Athens had a settled population and high technical and artistic standards. There are similar indications of occupation in the Early and Middle Bronze ages(3000–1500 bce). The earliest buildings date from the Late Bronze Age, particularly about 1200 bce when the Acropolis was the citadel. Around its top was built a massive wall of cyclopean masonry(a type of construction using huge blocks without mortar). The construction of this wall probably marks the union of the 12 towns of Attica(the department in which Athens",2026-07-15T02:33:47Z,A zero is the legacy absence coding; no source proves absence of every possible patron relationship.,Seshat Cliopatria; HYDE
3,スパルタ,BC800-BC146,entity,スパルタ,supported_by_reference_overview,"Sparta | History, Location, Population, Map, & Facts | Britannica",Encyclopaedia Britannica,https://www.britannica.com/place/Sparta,"Article, chapter, or dataset overview; relevant text is reproduced in source_excerpt","Sparta | History, Location, Population, Map, & Facts | Britannica ancient city, Greece Also known as: Lacedaemon, Néa Spartí, Spartí ### What is the ancient name of Sparta? The historical name of Sparta is Lacedaemon. It was the ancient capital of the Laconia district of the southeastern Peloponnese, Greece. Along with the surrounding area, it forms the perifereiakí enótita (regional unit) of Laconia (Modern Greek: Lakonía) within the Peloponnese (Pelopónnisos) periféreia (region). The city lies on the right bank of the Evrótas Potamós (river). The Battle of Salamis(480 BCE), one of the battles in the Greco-Persian Wars, revealed the magnitude of Athenian naval power and set in motion the deadly struggle between the two powers. It resulted in the emergence of Sparta as the most powerful state in Greece. The present-day city was built in 1834 on the ancient site. It is called Néa (New) Spartí locally to distinguish it from the ruins that were excavated in",2026-07-15T02:33:47Z,The cited reference identifies the polity or political unit.,Seshat Cliopatria; HYDE
3,スパルタ,BC800-BC146,period,BC800-BC146,polity_chronology_supported_project_window_interpretive,"Sparta | History, Location, Population, Map, & Facts | Britannica",Encyclopaedia Britannica,https://www.britannica.com/place/Sparta,"Article, chapter, or dataset overview; relevant text is reproduced in source_excerpt","Sparta | History, Location, Population, Map, & Facts | Britannica ancient city, Greece Also known as: Lacedaemon, Néa Spartí, Spartí ### What is the ancient name of Sparta? The historical name of Sparta is Lacedaemon. It was the ancient capital of the Laconia district of the southeastern Peloponnese, Greece. Along with the surrounding area, it forms the perifereiakí enótita (regional unit) of Laconia (Modern Greek: Lakonía) within the Peloponnese (Pelopónnisos) periféreia (region). The city lies on the right bank of the Evrótas Potamós (river). The Battle of Salamis(480 BCE), one of the battles in the Greco-Persian Wars, revealed the magnitude of Athenian naval power and set in motion the deadly struggle between the two powers. It resulted in the emergence of Sparta as the most powerful state in Greece. The present-day city was built in 1834 on the ancient site. It is called Néa (New) Spartí locally to distinguish it from the ruins that were excavated in",2026-07-15T02:33:47Z,The source supports the polity chronology; split periods and policy windows are project-defined analytical intervals.,Seshat Cliopatria; HYDE
3,スパルタ,BC800-BC146,closure_type,maritime_ban,contradicted_by_source,"Sparta, Lakonia and the sea, archaic to late Roman times : the nature, character and extent of the relationship",Handle repository record,http://hdl.handle.net/10068/1007440,"Article, chapter, or dataset overview; relevant text is reproduced in source_excerpt","This thesis considers the relationship between Sparta/Lakonia and the Sea from Archaic to Late Roman times. The relationship is studied from several perspectives in an effort to gauge its overall effect on the development of Sparta/Lakonia. In the first instance the role of the sea in promoting the sustainability of coastal settlement in Southern Lakonia is assessed by means of a detailed geographical/historical regional study. Secondly, on the wider issue of Spartan state building, the influence of the sea is considered in terms of its economic, political, social and religious/cultural implications. Methodology and choice of approach are outlined in section 1. In particular the importance of current archaeological field work and direct contact with other scholars similarly engaged is emphasised. In introductory sections 2-5 the following aspects provide much of the background information against which this thesis is set. Section 2 points to the importance of the wider Mediterranean co",2026-07-15T02:33:47Z,Case-specific scholarship documents trade or engagement inconsistent with a blanket closure label.,Seshat Cliopatria; HYDE
3,スパルタ,BC800-BC146,outcome,overtaken,historical_event_supported_category_is_project_interpretation,"Sparta | History, Location, Population, Map, & Facts | Britannica",Encyclopaedia Britannica,https://www.britannica.com/place/Sparta,"Article, chapter, or dataset overview; relevant text is reproduced in source_excerpt","Sparta | History, Location, Population, Map, & Facts | Britannica ancient city, Greece Also known as: Lacedaemon, Néa Spartí, Spartí ### What is the ancient name of Sparta? The historical name of Sparta is Lacedaemon. It was the ancient capital of the Laconia district of the southeastern Peloponnese, Greece. Along with the surrounding area, it forms the perifereiakí enótita (regional unit) of Laconia (Modern Greek: Lakonía) within the Peloponnese (Pelopónnisos) periféreia (region). The city lies on the right bank of the Evrótas Potamós (river). The Battle of Salamis(480 BCE), one of the battles in the Greco-Persian Wars, revealed the magnitude of Athenian naval power and set in motion the deadly struggle between the two powers. It resulted in the emergence of Sparta as the most powerful state in Greece. The present-day city was built in 1834 on the ancient site. It is called Néa (New) Spartí locally to distinguish it from the ruins that were excavated in",2026-07-15T02:33:47Z,The source documents the polity history or terminal event. The three-category outcome is an AI-assisted project classification rather than a source variable.,Seshat Cliopatria; HYDE
3,スパルタ,BC800-BC146,has_external_patron,0,legacy_zero_not_independently_verified,"Sparta | History, Location, Population, Map, & Facts | Britannica",Encyclopaedia Britannica,https://www.britannica.com/place/Sparta,"Article, chapter, or dataset overview; relevant text is reproduced in source_excerpt","Sparta | History, Location, Population, Map, & Facts | Britannica ancient city, Greece Also known as: Lacedaemon, Néa Spartí, Spartí ### What is the ancient name of Sparta? The historical name of Sparta is Lacedaemon. It was the ancient capital of the Laconia district of the southeastern Peloponnese, Greece. Along with the surrounding area, it forms the perifereiakí enótita (regional unit) of Laconia (Modern Greek: Lakonía) within the Peloponnese (Pelopónnisos) periféreia (region). The city lies on the right bank of the Evrótas Potamós (river). The Battle of Salamis(480 BCE), one of the battles in the Greco-Persian Wars, revealed the magnitude of Athenian naval power and set in motion the deadly struggle between the two powers. It resulted in the emergence of Sparta as the most powerful state in Greece. The present-day city was built in 1834 on the ancient site. It is called Néa (New) Spartí locally to distinguish it from the ruins that were excavated in",2026-07-15T02:33:47Z,A zero is the legacy absence coding; no source proves absence of every possible patron relationship.,Seshat Cliopatria; HYDE
4,カルタゴ,BC814-BC146,entity,カルタゴ,supported_by_reference_overview,"Carthage | History, Location, & Facts | Britannica",Encyclopaedia Britannica,https://www.britannica.com/place/Carthage-ancient-city-Tunisia,"Article, chapter, or dataset overview; relevant text is reproduced in source_excerpt","Carthage | History, Location, & Facts | Britannica ancient city, Tunisia Carthage, great city of antiquity on the north coast of Africa, now a residential suburb of the city of Tunis, Tunisia. Built on a promontory on the Tunisian coast, it was placed to influence and control ships passing between Sicily and the North African coast as they traversed the Mediterranean Sea. Rapidly becoming a thriving port and trading centre, it eventually developed into a major Mediterranean power and a rival to Rome. The archaeological site of Carthage was added to UNESCO’s World Heritage List in 1979. According to tradition, Carthage was founded by the Phoenicians of Tyre in 814 bce; its Phoenician name means “new town.” Carthage was probably not the earliest Phoenician settlement in the region; Utica may have predated it by half a century, and various traditions concerning the foundation of Carthage were current among the Greeks, who called the city Karchedon. The Roman tradition is",2026-07-15T02:33:47Z,The cited reference identifies the polity or political unit.,Seshat Cliopatria; HYDE
4,カルタゴ,BC814-BC146,period,BC814-BC146,polity_chronology_supported_project_window_interpretive,"Carthage | History, Location, & Facts | Britannica",Encyclopaedia Britannica,https://www.britannica.com/place/Carthage-ancient-city-Tunisia,"Article, chapter, or dataset overview; relevant text is reproduced in source_excerpt","Carthage | History, Location, & Facts | Britannica ancient city, Tunisia Carthage, great city of antiquity on the north coast of Africa, now a residential suburb of the city of Tunis, Tunisia. Built on a promontory on the Tunisian coast, it was placed to influence and control ships passing between Sicily and the North African coast as they traversed the Mediterranean Sea. Rapidly becoming a thriving port and trading centre, it eventually developed into a major Mediterranean power and a rival to Rome. The archaeological site of Carthage was added to UNESCO’s World Heritage List in 1979. According to tradition, Carthage was founded by the Phoenicians of Tyre in 814 bce; its Phoenician name means “new town.” Carthage was probably not the earliest Phoenician settlement in the region; Utica may have predated it by half a century, and various traditions concerning the foundation of Carthage were current among the Greeks, who called the city Karchedon. The Roman tradition is",2026-07-15T02:33:47Z,The source supports the polity chronology; split periods and policy windows are project-defined analytical intervals.,Seshat Cliopatria; HYDE
4,カルタゴ,BC814-BC146,closure_type,none,legacy_none_not_independently_verified,"Carthage | History, Location, & Facts | Britannica",Encyclopaedia Britannica,https://www.britannica.com/place/Carthage-ancient-city-Tunisia,"Article, chapter, or dataset overview; relevant text is reproduced in source_excerpt","Carthage | History, Location, & Facts | Britannica ancient city, Tunisia Carthage, great city of antiquity on the north coast of Africa, now a residential suburb of the city of Tunis, Tunisia. Built on a promontory on the Tunisian coast, it was placed to influence and control ships passing between Sicily and the North African coast as they traversed the Mediterranean Sea. Rapidly becoming a thriving port and trading centre, it eventually developed into a major Mediterranean power and a rival to Rome. The archaeological site of Carthage was added to UNESCO’s World Heritage List in 1979. According to tradition, Carthage was founded by the Phoenicians of Tyre in 814 bce; its Phoenician name means “new town.” Carthage was probably not the earliest Phoenician settlement in the region; Utica may have predated it by half a century, and various traditions concerning the foundation of Carthage were current among the Greeks, who called the city Karchedon. The Roman tradition is",2026-07-15T02:33:47Z,No formal closure is asserted; absence of every relevant restriction was not proven.,Seshat Cliopatria; HYDE
4,カルタゴ,BC814-BC146,outcome,overtaken,historical_event_supported_category_is_project_interpretation,"Carthage | History, Location, & Facts | Britannica",Encyclopaedia Britannica,https://www.britannica.com/place/Carthage-ancient-city-Tunisia,"Article, chapter, or dataset overview; relevant text is reproduced in source_excerpt","Carthage | History, Location, & Facts | Britannica ancient city, Tunisia Carthage, great city of antiquity on the north coast of Africa, now a residential suburb of the city of Tunis, Tunisia. Built on a promontory on the Tunisian coast, it was placed to influence and control ships passing between Sicily and the North African coast as they traversed the Mediterranean Sea. Rapidly becoming a thriving port and trading centre, it eventually developed into a major Mediterranean power and a rival to Rome. The archaeological site of Carthage was added to UNESCO’s World Heritage List in 1979. According to tradition, Carthage was founded by the Phoenicians of Tyre in 814 bce; its Phoenician name means “new town.” Carthage was probably not the earliest Phoenician settlement in the region; Utica may have predated it by half a century, and various traditions concerning the foundation of Carthage were current among the Greeks, who called the city Karchedon. The Roman tradition is",2026-07-15T02:33:47Z,The source documents the polity history or terminal event. The three-category outcome is an AI-assisted project classification rather than a source variable.,Seshat Cliopatria; HYDE
4,カルタゴ,BC814-BC146,has_external_patron,0,legacy_zero_not_independently_verified,"Carthage | History, Location, & Facts | Britannica",Encyclopaedia Britannica,https://www.britannica.com/place/Carthage-ancient-city-Tunisia,"Article, chapter, or dataset overview; relevant text is reproduced in source_excerpt","Carthage | History, Location, & Facts | Britannica ancient city, Tunisia Carthage, great city of antiquity on the north coast of Africa, now a residential suburb of the city of Tunis, Tunisia. Built on a promontory on the Tunisian coast, it was placed to influence and control ships passing between Sicily and the North African coast as they traversed the Mediterranean Sea. Rapidly becoming a thriving port and trading centre, it eventually developed into a major Mediterranean power and a rival to Rome. The archaeological site of Carthage was added to UNESCO’s World Heritage List in 1979. According to tradition, Carthage was founded by the Phoenicians of Tyre in 814 bce; its Phoenician name means “new town.” Carthage was probably not the earliest Phoenician settlement in the region; Utica may have predated it by half a century, and various traditions concerning the foundation of Carthage were current among the Greeks, who called the city Karchedon. The Roman tradition is",2026-07-15T02:33:47Z,A zero is the legacy absence coding; no source proves absence of every possible patron relationship.,Seshat Cliopatria; HYDE
5,ローマ共和政〜帝政前期,BC509-AD200,entity,ローマ共和政〜帝政前期,supported_by_reference_overview,"Roman Republic | Definition, Dates, History, Government, Map, & Facts | Britannica",Encyclopaedia Britannica,https://www.britannica.com/place/Roman-Republic,"Article, chapter, or dataset overview; relevant text is reproduced in source_excerpt","Roman Republic | Definition, Dates, History, Government, Map, & Facts | Britannica # Roman Republic ancient state [509 bce-27 bce] ### What was the Roman Republic? The Roman Republic was a state that lasted from the overthrow of the last Roman king, Tarquin, in 509 BCE, to the establishment of the Roman Empire, in 27 BCE, when Octavian was given the name Augustus and made princeps. the Roman Republic The main difference between the Roman Republic and the Roman Empire was that the former was a democratic society and the latter was run by only one man. Also, the Roman Republic was in an almost constant state of war, whereas the Roman Empire’s first 200 years were relatively peaceful. ### Was the Roman Republic The Roman Republic was a democracy. Its government consisted of the Senate and four assemblies: the Comitia Curiata, the Comitia Centuriata, the Concilium Plebis, and the Comitia Tributa. Nevertheless, in emergency situations the Senate and consuls",2026-07-15T02:33:47Z,The cited reference identifies the polity or political unit.,Seshat Cliopatria; Maddison Project Database 2023; HYDE
5,ローマ共和政〜帝政前期,BC509-AD200,period,BC509-AD200,polity_chronology_supported_project_window_interpretive,"Roman Republic | Definition, Dates, History, Government, Map, & Facts | Britannica",Encyclopaedia Britannica,https://www.britannica.com/place/Roman-Republic,"Article, chapter, or dataset overview; relevant text is reproduced in source_excerpt","Roman Republic | Definition, Dates, History, Government, Map, & Facts | Britannica # Roman Republic ancient state [509 bce-27 bce] ### What was the Roman Republic? The Roman Republic was a state that lasted from the overthrow of the last Roman king, Tarquin, in 509 BCE, to the establishment of the Roman Empire, in 27 BCE, when Octavian was given the name Augustus and made princeps. the Roman Republic The main difference between the Roman Republic and the Roman Empire was that the former was a democratic society and the latter was run by only one man. Also, the Roman Republic was in an almost constant state of war, whereas the Roman Empire’s first 200 years were relatively peaceful. ### Was the Roman Republic The Roman Republic was a democracy. Its government consisted of the Senate and four assemblies: the Comitia Curiata, the Comitia Centuriata, the Concilium Plebis, and the Comitia Tributa. Nevertheless, in emergency situations the Senate and consuls",2026-07-15T02:33:47Z,The source supports the polity chronology; split periods and policy windows are project-defined analytical intervals.,Seshat Cliopatria; Maddison Project Database 2023; HYDE
5,ローマ共和政〜帝政前期,BC509-AD200,closure_type,none,legacy_none_not_independently_verified,"Roman Republic | Definition, Dates, History, Government, Map, & Facts | Britannica",Encyclopaedia Britannica,https://www.britannica.com/place/Roman-Republic,"Article, chapter, or dataset overview; relevant text is reproduced in source_excerpt","Roman Republic | Definition, Dates, History, Government, Map, & Facts | Britannica # Roman Republic ancient state [509 bce-27 bce] ### What was the Roman Republic? The Roman Republic was a state that lasted from the overthrow of the last Roman king, Tarquin, in 509 BCE, to the establishment of the Roman Empire, in 27 BCE, when Octavian was given the name Augustus and made princeps. the Roman Republic The main difference between the Roman Republic and the Roman Empire was that the former was a democratic society and the latter was run by only one man. Also, the Roman Republic was in an almost constant state of war, whereas the Roman Empire’s first 200 years were relatively peaceful. ### Was the Roman Republic The Roman Republic was a democracy. Its government consisted of the Senate and four assemblies: the Comitia Curiata, the Comitia Centuriata, the Concilium Plebis, and the Comitia Tributa. Nevertheless, in emergency situations the Senate and consuls",2026-07-15T02:33:47Z,No formal closure is asserted; absence of every relevant restriction was not proven.,Seshat Cliopatria; Maddison Project Database 2023; HYDE
5,ローマ共和政〜帝政前期,BC509-AD200,outcome,survived,historical_event_supported_category_is_project_interpretation,"Roman Republic | Definition, Dates, History, Government, Map, & Facts | Britannica",Encyclopaedia Britannica,https://www.britannica.com/place/Roman-Republic,"Article, chapter, or dataset overview; relevant text is reproduced in source_excerpt","Roman Republic | Definition, Dates, History, Government, Map, & Facts | Britannica # Roman Republic ancient state [509 bce-27 bce] ### What was the Roman Republic? The Roman Republic was a state that lasted from the overthrow of the last Roman king, Tarquin, in 509 BCE, to the establishment of the Roman Empire, in 27 BCE, when Octavian was given the name Augustus and made princeps. the Roman Republic The main difference between the Roman Republic and the Roman Empire was that the former was a democratic society and the latter was run by only one man. Also, the Roman Republic was in an almost constant state of war, whereas the Roman Empire’s first 200 years were relatively peaceful. ### Was the Roman Republic The Roman Republic was a democracy. Its government consisted of the Senate and four assemblies: the Comitia Curiata, the Comitia Centuriata, the Concilium Plebis, and the Comitia Tributa. Nevertheless, in emergency situations the Senate and consuls",2026-07-15T02:33:47Z,The source documents the polity history or terminal event. The three-category outcome is an AI-assisted project classification rather than a source variable.,Seshat Cliopatria; Maddison Project Database 2023; HYDE
5,ローマ共和政〜帝政前期,BC509-AD200,has_external_patron,0,legacy_zero_not_independently_verified,"Roman Republic | Definition, Dates, History, Government, Map, & Facts | Britannica",Encyclopaedia Britannica,https://www.britannica.com/place/Roman-Republic,"Article, chapter, or dataset overview; relevant text is reproduced in source_excerpt","Roman Republic | Definition, Dates, History, Government, Map, & Facts | Britannica # Roman Republic ancient state [509 bce-27 bce] ### What was the Roman Republic? The Roman Republic was a state that lasted from the overthrow of the last Roman king, Tarquin, in 509 BCE, to the establishment of the Roman Empire, in 27 BCE, when Octavian was given the name Augustus and made princeps. the Roman Republic The main difference between the Roman Republic and the Roman Empire was that the former was a democratic society and the latter was run by only one man. Also, the Roman Republic was in an almost constant state of war, whereas the Roman Empire’s first 200 years were relatively peaceful. ### Was the Roman Republic The Roman Republic was a democracy. Its government consisted of the Senate and four assemblies: the Comitia Curiata, the Comitia Centuriata, the Concilium Plebis, and the Comitia Tributa. Nevertheless, in emergency situations the Senate and consuls",2026-07-15T02:33:47Z,A zero is the legacy absence coding; no source proves absence of every possible patron relationship.,Seshat Cliopatria; Maddison Project Database 2023; HYDE
6,ローマ帝政後期（西）,AD200-AD476,entity,ローマ帝政後期（西）,supported_by_reference_overview,"Roman Empire | Definition, History, Time Period, Map, & Facts | Britannica",Encyclopaedia Britannica,https://www.britannica.com/place/Roman-Empire,"Article, chapter, or dataset overview; relevant text is reproduced in source_excerpt","Roman Empire | Definition, History, Time Period, Map, & Facts | Britannica The Roman Empire was founded in 27 BCE, and in 395 AD it split into Western and Eastern empires. The Western Roman Empire fell in 475, when the German chieftain Odoacer deposed Romulus Augustulus. The Eastern Empire, always richer and stronger, continued as the Byzantine Empire until 1453. The fall of the Western Roman Empire was a multifaceted process, attributable to a number of causes. The empire’s ability to maintain political and military integrity was challenged by “barbarian invasions,” particularly in the 5th century CE. Internal governmental issues also played a significant role, including corruption, abuse of power, undisciplined and poorly equipped soldiers, and the alienation of urban elites from public service. In 410 Rome was sacked by the Visigoths, and in 476 the German chieftain Odoacer deposed Romulus Augustulus, the last Roman emperor of the West. The East, richer and stronger,",2026-07-15T02:33:47Z,The cited reference identifies the polity or political unit.,Seshat Cliopatria; Maddison Project Database 2023; HYDE
6,ローマ帝政後期（西）,AD200-AD476,period,AD200-AD476,polity_chronology_supported_project_window_interpretive,"Roman Empire | Definition, History, Time Period, Map, & Facts | Britannica",Encyclopaedia Britannica,https://www.britannica.com/place/Roman-Empire,"Article, chapter, or dataset overview; relevant text is reproduced in source_excerpt","Roman Empire | Definition, History, Time Period, Map, & Facts | Britannica The Roman Empire was founded in 27 BCE, and in 395 AD it split into Western and Eastern empires. The Western Roman Empire fell in 475, when the German chieftain Odoacer deposed Romulus Augustulus. The Eastern Empire, always richer and stronger, continued as the Byzantine Empire until 1453. The fall of the Western Roman Empire was a multifaceted process, attributable to a number of causes. The empire’s ability to maintain political and military integrity was challenged by “barbarian invasions,” particularly in the 5th century CE. Internal governmental issues also played a significant role, including corruption, abuse of power, undisciplined and poorly equipped soldiers, and the alienation of urban elites from public service. In 410 Rome was sacked by the Visigoths, and in 476 the German chieftain Odoacer deposed Romulus Augustulus, the last Roman emperor of the West. The East, richer and stronger,",2026-07-15T02:33:47Z,The source supports the polity chronology; split periods and policy windows are project-defined analytical intervals.,Seshat Cliopatria; Maddison Project Database 2023; HYDE
6,ローマ帝政後期（西）,AD200-AD476,closure_type,maritime_ban,contradicted_by_source,Shipwreck cargoes in the western Mediterranean and the organization of Roman maritime trade | Journal of Roman Archaeology | Cambridge Core,Cambridge University Press,https://www.cambridge.org/core/journals/journal-of-roman-archaeology/article/abs/shipwreck-cargoes-in-the-western-mediterranean-and-the-organization-of-roman-maritime-trade/E78D93DFACB38EBC2C07FB48037D3A96,"Article, chapter, or dataset overview; relevant text is reproduced in source_excerpt","# Shipwreck cargoes in the western Mediterranean and the organization of Roman maritime trade Much has been written about the nature and scale of Roman maritime trade, yet there remains no detailed analysis of the range of shipwreck cargoes at our disposal and the information that they provide for the organizational aspects of maritime trade. Identifying the mechanisms through whih products were traded is one of the most challenging aspects of the study of Roman trade. in the western Mediterranean and the organization of Roman maritime Shipwreck cargoes in the western Mediterranean and the organization of Roman maritime trade Shipwreck cargoes in the western Mediterranean and the organization of Roman maritime trade",2026-07-15T02:33:47Z,Case-specific scholarship documents trade or engagement inconsistent with a blanket closure label.,Seshat Cliopatria; Maddison Project Database 2023; HYDE
6,ローマ帝政後期（西）,AD200-AD476,outcome,overtaken,historical_event_supported_category_is_project_interpretation,"Roman Empire | Definition, History, Time Period, Map, & Facts | Britannica",Encyclopaedia Britannica,https://www.britannica.com/place/Roman-Empire,"Article, chapter, or dataset overview; relevant text is reproduced in source_excerpt","Roman Empire | Definition, History, Time Period, Map, & Facts | Britannica The Roman Empire was founded in 27 BCE, and in 395 AD it split into Western and Eastern empires. The Western Roman Empire fell in 475, when the German chieftain Odoacer deposed Romulus Augustulus. The Eastern Empire, always richer and stronger, continued as the Byzantine Empire until 1453. The fall of the Western Roman Empire was a multifaceted process, attributable to a number of causes. The empire’s ability to maintain political and military integrity was challenged by “barbarian invasions,” particularly in the 5th century CE. Internal governmental issues also played a significant role, including corruption, abuse of power, undisciplined and poorly equipped soldiers, and the alienation of urban elites from public service. In 410 Rome was sacked by the Visigoths, and in 476 the German chieftain Odoacer deposed Romulus Augustulus, the last Roman emperor of the West. The East, richer and stronger,",2026-07-15T02:33:47Z,The source documents the polity history or terminal event. The three-category outcome is an AI-assisted project classification rather than a source variable.,Seshat Cliopatria; Maddison Project Database 2023; HYDE
6,ローマ帝政後期（西）,AD200-AD476,has_external_patron,0,legacy_zero_not_independently_verified,"Roman Empire | Definition, History, Time Period, Map, & Facts | Britannica",Encyclopaedia Britannica,https://www.britannica.com/place/Roman-Empire,"Article, chapter, or dataset overview; relevant text is reproduced in source_excerpt","Roman Empire | Definition, History, Time Period, Map, & Facts | Britannica The Roman Empire was founded in 27 BCE, and in 395 AD it split into Western and Eastern empires. The Western Roman Empire fell in 475, when the German chieftain Odoacer deposed Romulus Augustulus. The Eastern Empire, always richer and stronger, continued as the Byzantine Empire until 1453. The fall of the Western Roman Empire was a multifaceted process, attributable to a number of causes. The empire’s ability to maintain political and military integrity was challenged by “barbarian invasions,” particularly in the 5th century CE. Internal governmental issues also played a significant role, including corruption, abuse of power, undisciplined and poorly equipped soldiers, and the alienation of urban elites from public service. In 410 Rome was sacked by the Visigoths, and in 476 the German chieftain Odoacer deposed Romulus Augustulus, the last Roman emperor of the West. The East, richer and stronger,",2026-07-15T02:33:47Z,A zero is the legacy absence coding; no source proves absence of every possible patron relationship.,Seshat Cliopatria; Maddison Project Database 2023; HYDE
7,プトレマイオス朝エジプト,BC305-BC30,entity,プトレマイオス朝エジプト,supported_by_reference_overview,"Ancient Egypt - Ptolemies, Dynasties, Pharaohs | Britannica",Encyclopaedia Britannica,https://www.britannica.com/place/ancient-Egypt/Government-and-conditions-under-the-Ptolemies,"Article, chapter, or dataset overview; relevant text is reproduced in source_excerpt","Ancient Egypt - Ptolemies, Dynasties, Pharaohs | Britannica ## Government and conditions under the Ptolemies in ancient Egypt in # Macedonian and Ptolemaic Egypt (332–30 bce) The changes brought to Egypt by the Ptolemies were momentous; the land’s resources were harnessed with unparalleled efficiency, with the result that Egypt became the wealthiest of the Hellenistic kingdoms. Land under cultivation was increased, and new crops were introduced (especially important was the introduction of naked tetraploid wheat, Triticum durum, to replace the traditional husked emmer, Triticum dicoccum). The population, estimated at perhaps three to four million in the late Dynastic period, may have more than doubled by the early Roman period to a level not reached again until the late 19th century. Some of the increase was due to immigration; particularly during the 2nd and 3rd centuries, many settlers were attracted from cities in Anatolia(Asia Minor) and the Greek islands, and large",2026-07-15T02:33:47Z,The cited reference identifies the polity or political unit.,Seshat Cliopatria; HYDE
7,プトレマイオス朝エジプト,BC305-BC30,period,BC305-BC30,polity_chronology_supported_project_window_interpretive,"Ancient Egypt - Ptolemies, Dynasties, Pharaohs | Britannica",Encyclopaedia Britannica,https://www.britannica.com/place/ancient-Egypt/Government-and-conditions-under-the-Ptolemies,"Article, chapter, or dataset overview; relevant text is reproduced in source_excerpt","Ancient Egypt - Ptolemies, Dynasties, Pharaohs | Britannica ## Government and conditions under the Ptolemies in ancient Egypt in # Macedonian and Ptolemaic Egypt (332–30 bce) The changes brought to Egypt by the Ptolemies were momentous; the land’s resources were harnessed with unparalleled efficiency, with the result that Egypt became the wealthiest of the Hellenistic kingdoms. Land under cultivation was increased, and new crops were introduced (especially important was the introduction of naked tetraploid wheat, Triticum durum, to replace the traditional husked emmer, Triticum dicoccum). The population, estimated at perhaps three to four million in the late Dynastic period, may have more than doubled by the early Roman period to a level not reached again until the late 19th century. Some of the increase was due to immigration; particularly during the 2nd and 3rd centuries, many settlers were attracted from cities in Anatolia(Asia Minor) and the Greek islands, and large",2026-07-15T02:33:47Z,The source supports the polity chronology; split periods and policy windows are project-defined analytical intervals.,Seshat Cliopatria; HYDE
7,プトレマイオス朝エジプト,BC305-BC30,closure_type,none,legacy_none_not_independently_verified,"Ancient Egypt - Ptolemies, Dynasties, Pharaohs | Britannica",Encyclopaedia Britannica,https://www.britannica.com/place/ancient-Egypt/Government-and-conditions-under-the-Ptolemies,"Article, chapter, or dataset overview; relevant text is reproduced in source_excerpt","Ancient Egypt - Ptolemies, Dynasties, Pharaohs | Britannica ## Government and conditions under the Ptolemies in ancient Egypt in # Macedonian and Ptolemaic Egypt (332–30 bce) The changes brought to Egypt by the Ptolemies were momentous; the land’s resources were harnessed with unparalleled efficiency, with the result that Egypt became the wealthiest of the Hellenistic kingdoms. Land under cultivation was increased, and new crops were introduced (especially important was the introduction of naked tetraploid wheat, Triticum durum, to replace the traditional husked emmer, Triticum dicoccum). The population, estimated at perhaps three to four million in the late Dynastic period, may have more than doubled by the early Roman period to a level not reached again until the late 19th century. Some of the increase was due to immigration; particularly during the 2nd and 3rd centuries, many settlers were attracted from cities in Anatolia(Asia Minor) and the Greek islands, and large",2026-07-15T02:33:47Z,No formal closure is asserted; absence of every relevant restriction was not proven.,Seshat Cliopatria; HYDE
7,プトレマイオス朝エジプト,BC305-BC30,outcome,overtaken,historical_event_supported_category_is_project_interpretation,"Ancient Egypt - Ptolemies, Dynasties, Pharaohs | Britannica",Encyclopaedia Britannica,https://www.britannica.com/place/ancient-Egypt/Government-and-conditions-under-the-Ptolemies,"Article, chapter, or dataset overview; relevant text is reproduced in source_excerpt","Ancient Egypt - Ptolemies, Dynasties, Pharaohs | Britannica ## Government and conditions under the Ptolemies in ancient Egypt in # Macedonian and Ptolemaic Egypt (332–30 bce) The changes brought to Egypt by the Ptolemies were momentous; the land’s resources were harnessed with unparalleled efficiency, with the result that Egypt became the wealthiest of the Hellenistic kingdoms. Land under cultivation was increased, and new crops were introduced (especially important was the introduction of naked tetraploid wheat, Triticum durum, to replace the traditional husked emmer, Triticum dicoccum). The population, estimated at perhaps three to four million in the late Dynastic period, may have more than doubled by the early Roman period to a level not reached again until the late 19th century. Some of the increase was due to immigration; particularly during the 2nd and 3rd centuries, many settlers were attracted from cities in Anatolia(Asia Minor) and the Greek islands, and large",2026-07-15T02:33:47Z,The source documents the polity history or terminal event. The three-category outcome is an AI-assisted project classification rather than a source variable.,Seshat Cliopatria; HYDE
7,プトレマイオス朝エジプト,BC305-BC30,has_external_patron,0,legacy_zero_not_independently_verified,"Ancient Egypt - Ptolemies, Dynasties, Pharaohs | Britannica",Encyclopaedia Britannica,https://www.britannica.com/place/ancient-Egypt/Government-and-conditions-under-the-Ptolemies,"Article, chapter, or dataset overview; relevant text is reproduced in source_excerpt","Ancient Egypt - Ptolemies, Dynasties, Pharaohs | Britannica ## Government and conditions under the Ptolemies in ancient Egypt in # Macedonian and Ptolemaic Egypt (332–30 bce) The changes brought to Egypt by the Ptolemies were momentous; the land’s resources were harnessed with unparalleled efficiency, with the result that Egypt became the wealthiest of the Hellenistic kingdoms. Land under cultivation was increased, and new crops were introduced (especially important was the introduction of naked tetraploid wheat, Triticum durum, to replace the traditional husked emmer, Triticum dicoccum). The population, estimated at perhaps three to four million in the late Dynastic period, may have more than doubled by the early Roman period to a level not reached again until the late 19th century. Some of the increase was due to immigration; particularly during the 2nd and 3rd centuries, many settlers were attracted from cities in Anatolia(Asia Minor) and the Greek islands, and large",2026-07-15T02:33:47Z,A zero is the legacy absence coding; no source proves absence of every possible patron relationship.,Seshat Cliopatria; HYDE
8,漢朝（前漢〜後漢）,BC206-AD220,entity,漢朝（前漢〜後漢）,supported_by_reference_overview,"Han dynasty | Definition, Map, Time Period, Achievements, & Facts | Britannica",Encyclopaedia Britannica,https://www.britannica.com/topic/Han-dynasty,"Article, chapter, or dataset overview; relevant text is reproduced in source_excerpt","Han dynasty | Definition, Map, Time Period, Achievements, & Facts | Britannica ### What is the Han dynasty? The Han dynasty was the second great imperial dynasty of China(206 BCE–220 CE), after the Zhou dynasty(1046–256 BCE). It succeeded the Qin dynasty(221–207 BCE). The Han dynasty had a dominant effect on Chinese history and culture, and its governmental, cultural, and technological achievements were emulated by the dynasties that followed. The Han dynasty (206 BCE–220 CE) is known its long reign and its achievements, which included the development of the civil service and government structure; scientific advancements such as the invention of paper, use of water clocks and sundials to measure time, and development of a seismograph; the Yuefu, which compiled descriptions of music; the Shiji, a history written by Sima Qian; the fu, a poetic form; and lacquerwork and woven silk. ### When was the Han dynasty founded? The Han dynasty was founded in 206 BCE by Liu",2026-07-15T02:33:47Z,The cited reference identifies the polity or political unit.,Seshat Cliopatria; Maddison Project Database 2023; HYDE
8,漢朝（前漢〜後漢）,BC206-AD220,period,BC206-AD220,polity_chronology_supported_project_window_interpretive,"Han dynasty | Definition, Map, Time Period, Achievements, & Facts | Britannica",Encyclopaedia Britannica,https://www.britannica.com/topic/Han-dynasty,"Article, chapter, or dataset overview; relevant text is reproduced in source_excerpt","Han dynasty | Definition, Map, Time Period, Achievements, & Facts | Britannica ### What is the Han dynasty? The Han dynasty was the second great imperial dynasty of China(206 BCE–220 CE), after the Zhou dynasty(1046–256 BCE). It succeeded the Qin dynasty(221–207 BCE). The Han dynasty had a dominant effect on Chinese history and culture, and its governmental, cultural, and technological achievements were emulated by the dynasties that followed. The Han dynasty (206 BCE–220 CE) is known its long reign and its achievements, which included the development of the civil service and government structure; scientific advancements such as the invention of paper, use of water clocks and sundials to measure time, and development of a seismograph; the Yuefu, which compiled descriptions of music; the Shiji, a history written by Sima Qian; the fu, a poetic form; and lacquerwork and woven silk. ### When was the Han dynasty founded? The Han dynasty was founded in 206 BCE by Liu",2026-07-15T02:33:47Z,The source supports the polity chronology; split periods and policy windows are project-defined analytical intervals.,Seshat Cliopatria; Maddison Project Database 2023; HYDE
8,漢朝（前漢〜後漢）,BC206-AD220,closure_type,none,legacy_none_not_independently_verified,"Han dynasty | Definition, Map, Time Period, Achievements, & Facts | Britannica",Encyclopaedia Britannica,https://www.britannica.com/topic/Han-dynasty,"Article, chapter, or dataset overview; relevant text is reproduced in source_excerpt","Han dynasty | Definition, Map, Time Period, Achievements, & Facts | Britannica ### What is the Han dynasty? The Han dynasty was the second great imperial dynasty of China(206 BCE–220 CE), after the Zhou dynasty(1046–256 BCE). It succeeded the Qin dynasty(221–207 BCE). The Han dynasty had a dominant effect on Chinese history and culture, and its governmental, cultural, and technological achievements were emulated by the dynasties that followed. The Han dynasty (206 BCE–220 CE) is known its long reign and its achievements, which included the development of the civil service and government structure; scientific advancements such as the invention of paper, use of water clocks and sundials to measure time, and development of a seismograph; the Yuefu, which compiled descriptions of music; the Shiji, a history written by Sima Qian; the fu, a poetic form; and lacquerwork and woven silk. ### When was the Han dynasty founded? The Han dynasty was founded in 206 BCE by Liu",2026-07-15T02:33:47Z,No formal closure is asserted; absence of every relevant restriction was not proven.,Seshat Cliopatria; Maddison Project Database 2023; HYDE
8,漢朝（前漢〜後漢）,BC206-AD220,outcome,overtaken,historical_event_supported_category_is_project_interpretation,"Han dynasty | Definition, Map, Time Period, Achievements, & Facts | Britannica",Encyclopaedia Britannica,https://www.britannica.com/topic/Han-dynasty,"Article, chapter, or dataset overview; relevant text is reproduced in source_excerpt","Han dynasty | Definition, Map, Time Period, Achievements, & Facts | Britannica ### What is the Han dynasty? The Han dynasty was the second great imperial dynasty of China(206 BCE–220 CE), after the Zhou dynasty(1046–256 BCE). It succeeded the Qin dynasty(221–207 BCE). The Han dynasty had a dominant effect on Chinese history and culture, and its governmental, cultural, and technological achievements were emulated by the dynasties that followed. The Han dynasty (206 BCE–220 CE) is known its long reign and its achievements, which included the development of the civil service and government structure; scientific advancements such as the invention of paper, use of water clocks and sundials to measure time, and development of a seismograph; the Yuefu, which compiled descriptions of music; the Shiji, a history written by Sima Qian; the fu, a poetic form; and lacquerwork and woven silk. ### When was the Han dynasty founded? The Han dynasty was founded in 206 BCE by Liu",2026-07-15T02:33:47Z,The source documents the polity history or terminal event. The three-category outcome is an AI-assisted project classification rather than a source variable.,Seshat Cliopatria; Maddison Project Database 2023; HYDE
8,漢朝（前漢〜後漢）,BC206-AD220,has_external_patron,0,legacy_zero_not_independently_verified,"Han dynasty | Definition, Map, Time Period, Achievements, & Facts | Britannica",Encyclopaedia Britannica,https://www.britannica.com/topic/Han-dynasty,"Article, chapter, or dataset overview; relevant text is reproduced in source_excerpt","Han dynasty | Definition, Map, Time Period, Achievements, & Facts | Britannica ### What is the Han dynasty? The Han dynasty was the second great imperial dynasty of China(206 BCE–220 CE), after the Zhou dynasty(1046–256 BCE). It succeeded the Qin dynasty(221–207 BCE). The Han dynasty had a dominant effect on Chinese history and culture, and its governmental, cultural, and technological achievements were emulated by the dynasties that followed. The Han dynasty (206 BCE–220 CE) is known its long reign and its achievements, which included the development of the civil service and government structure; scientific advancements such as the invention of paper, use of water clocks and sundials to measure time, and development of a seismograph; the Yuefu, which compiled descriptions of music; the Shiji, a history written by Sima Qian; the fu, a poetic form; and lacquerwork and woven silk. ### When was the Han dynasty founded? The Han dynasty was founded in 206 BCE by Liu",2026-07-15T02:33:47Z,A zero is the legacy absence coding; no source proves absence of every possible patron relationship.,Seshat Cliopatria; Maddison Project Database 2023; HYDE
9,ビザンツ帝国（前期）,AD330-AD1000,entity,ビザンツ帝国（前期）,supported_by_reference_overview,Byzantine history,Encyclopaedia Britannica,https://www.britannica.com/topic/Byzantine-History,"Article, chapter, or dataset overview; relevant text is reproduced in source_excerpt","џV?�κw>� �b]I�ε� �IZi5Qԫ`�7�J$�-{�=�]�c;q��~ݮz�UOz�U'��KnY���ڥ襷6v�-oO���ꉝ� ���U�����>~�\q;�=��V}/����=�u��[��Jʛ�=i{w y����UO���E{��j�6�{�&^���ٕn������=�8�[Agm��2w���e��=`O����^, ���ɞC���壟��M�� ��g5iۿ=?��]2qϮOc R��㰏��� ���=��$� Г^�����?�'�]a��{6� ��þӞ� ����ya�5sO~x��ɠ�,�{""�=@��#�`OBK���y_�� �eD � L�(�I�[霭c$"" z�Ѓ� P_� bv�� za®�a�A/���J:֠��Lx���3����JȂ�6)�����g$͂X0�o��&�.Y��>B��~ .�3˹W�aP;ah ���bNP� P���)� m�m��=s�� Kk9U�Dtt�z��9Y�X�!�@�(Ii * ���Jg%��� �!�1�Bp��Es�%+ ���$�!�}'� <�L`��� ߀{�ݧ6�4�zP���F-��Đ�.x� �4��e��D��t��n~��%���eEВ���ت""}�?ꮀ� &�����ʥS硫�H�4ʤ!�U �����(�Y�W�4W�c/��R�-~������Z*�[��� m�ׇ�r��B�Tm�J�P���f��$�V�����J �ʕR��[�V�Z#�f�Q)�k��b��j�M��B�T��*�B�\o�Z�P-��� �ݮ��mU �7���7���v �k�Z�WK� �����J |-�j-Rn�v�TۀM�9�j�v�N��B��n�+�f� ���h@u��T+����v ��+�e�\�T*�6�� �F�A�j��j%����� Z�\��ЩV+��&�0�v :�1��2�)@��(4���x����`�ѥ\�0��J媠C �V��:�U�68�8a�F���[��*",2026-07-15T02:33:47Z,The cited reference identifies the polity or political unit.,Seshat Cliopatria; Maddison Project Database 2023; HYDE
9,ビザンツ帝国（前期）,AD330-AD1000,period,AD330-AD1000,polity_chronology_supported_project_window_interpretive,Byzantine history,Encyclopaedia Britannica,https://www.britannica.com/topic/Byzantine-History,"Article, chapter, or dataset overview; relevant text is reproduced in source_excerpt","џV?�κw>� �b]I�ε� �IZi5Qԫ`�7�J$�-{�=�]�c;q��~ݮz�UOz�U'��KnY���ڥ襷6v�-oO���ꉝ� ���U�����>~�\q;�=��V}/����=�u��[��Jʛ�=i{w y����UO���E{��j�6�{�&^���ٕn������=�8�[Agm��2w���e��=`O����^, ���ɞC���壟��M�� ��g5iۿ=?��]2qϮOc R��㰏��� ���=��$� Г^�����?�'�]a��{6� ��þӞ� ����ya�5sO~x��ɠ�,�{""�=@��#�`OBK���y_�� �eD � L�(�I�[霭c$"" z�Ѓ� P_� bv�� za®�a�A/���J:֠��Lx���3����JȂ�6)�����g$͂X0�o��&�.Y��>B��~ .�3˹W�aP;ah ���bNP� P���)� m�m��=s�� Kk9U�Dtt�z��9Y�X�!�@�(Ii * ���Jg%��� �!�1�Bp��Es�%+ ���$�!�}'� <�L`��� ߀{�ݧ6�4�zP���F-��Đ�.x� �4��e��D��t��n~��%���eEВ���ت""}�?ꮀ� &�����ʥS硫�H�4ʤ!�U �����(�Y�W�4W�c/��R�-~������Z*�[��� m�ׇ�r��B�Tm�J�P���f��$�V�����J �ʕR��[�V�Z#�f�Q)�k��b��j�M��B�T��*�B�\o�Z�P-��� �ݮ��mU �7���7���v �k�Z�WK� �����J |-�j-Rn�v�TۀM�9�j�v�N��B��n�+�f� ���h@u��T+����v ��+�e�\�T*�6�� �F�A�j��j%����� Z�\��ЩV+��&�0�v :�1��2�)@��(4���x����`�ѥ\�0��J媠C �V��:�U�68�8a�F���[��*",2026-07-15T02:33:47Z,The source supports the polity chronology; split periods and policy windows are project-defined analytical intervals.,Seshat Cliopatria; Maddison Project Database 2023; HYDE
9,ビザンツ帝国（前期）,AD330-AD1000,closure_type,none,legacy_none_not_independently_verified,Byzantine history,Encyclopaedia Britannica,https://www.britannica.com/topic/Byzantine-History,"Article, chapter, or dataset overview; relevant text is reproduced in source_excerpt","џV?�κw>� �b]I�ε� �IZi5Qԫ`�7�J$�-{�=�]�c;q��~ݮz�UOz�U'��KnY���ڥ襷6v�-oO���ꉝ� ���U�����>~�\q;�=��V}/����=�u��[��Jʛ�=i{w y����UO���E{��j�6�{�&^���ٕn������=�8�[Agm��2w���e��=`O����^, ���ɞC���壟��M�� ��g5iۿ=?��]2qϮOc R��㰏��� ���=��$� Г^�����?�'�]a��{6� ��þӞ� ����ya�5sO~x��ɠ�,�{""�=@��#�`OBK���y_�� �eD � L�(�I�[霭c$"" z�Ѓ� P_� bv�� za®�a�A/���J:֠��Lx���3����JȂ�6)�����g$͂X0�o��&�.Y��>B��~ .�3˹W�aP;ah ���bNP� P���)� m�m��=s�� Kk9U�Dtt�z��9Y�X�!�@�(Ii * ���Jg%��� �!�1�Bp��Es�%+ ���$�!�}'� <�L`��� ߀{�ݧ6�4�zP���F-��Đ�.x� �4��e��D��t��n~��%���eEВ���ت""}�?ꮀ� &�����ʥS硫�H�4ʤ!�U �����(�Y�W�4W�c/��R�-~������Z*�[��� m�ׇ�r��B�Tm�J�P���f��$�V�����J �ʕR��[�V�Z#�f�Q)�k��b��j�M��B�T��*�B�\o�Z�P-��� �ݮ��mU �7���7���v �k�Z�WK� �����J |-�j-Rn�v�TۀM�9�j�v�N��B��n�+�f� ���h@u��T+����v ��+�e�\�T*�6�� �F�A�j��j%����� Z�\��ЩV+��&�0�v :�1��2�)@��(4���x����`�ѥ\�0��J媠C �V��:�U�68�8a�F���[��*",2026-07-15T02:33:47Z,No formal closure is asserted; absence of every relevant restriction was not proven.,Seshat Cliopatria; Maddison Project Database 2023; HYDE
9,ビザンツ帝国（前期）,AD330-AD1000,outcome,survived,historical_event_supported_category_is_project_interpretation,Byzantine history,Encyclopaedia Britannica,https://www.britannica.com/topic/Byzantine-History,"Article, chapter, or dataset overview; relevant text is reproduced in source_excerpt","џV?�κw>� �b]I�ε� �IZi5Qԫ`�7�J$�-{�=�]�c;q��~ݮz�UOz�U'��KnY���ڥ襷6v�-oO���ꉝ� ���U�����>~�\q;�=��V}/����=�u��[��Jʛ�=i{w y����UO���E{��j�6�{�&^���ٕn������=�8�[Agm��2w���e��=`O����^, ���ɞC���壟��M�� ��g5iۿ=?��]2qϮOc R��㰏��� ���=��$� Г^�����?�'�]a��{6� ��þӞ� ����ya�5sO~x��ɠ�,�{""�=@��#�`OBK���y_�� �eD � L�(�I�[霭c$"" z�Ѓ� P_� bv�� za®�a�A/���J:֠��Lx���3����JȂ�6)�����g$͂X0�o��&�.Y��>B��~ .�3˹W�aP;ah ���bNP� P���)� m�m��=s�� Kk9U�Dtt�z��9Y�X�!�@�(Ii * ���Jg%��� �!�1�Bp��Es�%+ ���$�!�}'� <�L`��� ߀{�ݧ6�4�zP���F-��Đ�.x� �4��e��D��t��n~��%���eEВ���ت""}�?ꮀ� &�����ʥS硫�H�4ʤ!�U �����(�Y�W�4W�c/��R�-~������Z*�[��� m�ׇ�r��B�Tm�J�P���f��$�V�����J �ʕR��[�V�Z#�f�Q)�k��b��j�M��B�T��*�B�\o�Z�P-��� �ݮ��mU �7���7���v �k�Z�WK� �����J |-�j-Rn�v�TۀM�9�j�v�N��B��n�+�f� ���h@u��T+����v ��+�e�\�T*�6�� �F�A�j��j%����� Z�\��ЩV+��&�0�v :�1��2�)@��(4���x����`�ѥ\�0��J媠C �V��:�U�68�8a�F���[��*",2026-07-15T02:33:47Z,The source documents the polity history or terminal event. The three-category outcome is an AI-assisted project classification rather than a source variable.,Seshat Cliopatria; Maddison Project Database 2023; HYDE
9,ビザンツ帝国（前期）,AD330-AD1000,has_external_patron,0,legacy_zero_not_independently_verified,Byzantine history,Encyclopaedia Britannica,https://www.britannica.com/topic/Byzantine-History,"Article, chapter, or dataset overview; relevant text is reproduced in source_excerpt","џV?�κw>� �b]I�ε� �IZi5Qԫ`�7�J$�-{�=�]�c;q��~ݮz�UOz�U'��KnY���ڥ襷6v�-oO���ꉝ� ���U�����>~�\q;�=��V}/����=�u��[��Jʛ�=i{w y����UO���E{��j�6�{�&^���ٕn������=�8�[Agm��2w���e��=`O����^, ���ɞC���壟��M�� ��g5iۿ=?��]2qϮOc R��㰏��� ���=��$� Г^�����?�'�]a��{6� ��þӞ� ����ya�5sO~x��ɠ�,�{""�=@��#�`OBK���y_�� �eD � L�(�I�[霭c$"" z�Ѓ� P_� bv�� za®�a�A/���J:֠��Lx���3����JȂ�6)�����g$͂X0�o��&�.Y��>B��~ .�3˹W�aP;ah ���bNP� P���)� m�m��=s�� Kk9U�Dtt�z��9Y�X�!�@�(Ii * ���Jg%��� �!�1�Bp��Es�%+ ���$�!�}'� <�L`��� ߀{�ݧ6�4�zP���F-��Đ�.x� �4��e��D��t��n~��%���eEВ���ت""}�?ꮀ� &�����ʥS硫�H�4ʤ!�U �����(�Y�W�4W�c/��R�-~������Z*�[��� m�ׇ�r��B�Tm�J�P���f��$�V�����J �ʕR��[�V�Z#�f�Q)�k��b��j�M��B�T��*�B�\o�Z�P-��� �ݮ��mU �7���7���v �k�Z�WK� �����J |-�j-Rn�v�TۀM�9�j�v�N��B��n�+�f� ���h@u��T+����v ��+�e�\�T*�6�� �F�A�j��j%����� Z�\��ЩV+��&�0�v :�1��2�)@��(4���x����`�ѥ\�0��J媠C �V��:�U�68�8a�F���[��*",2026-07-15T02:33:47Z,A zero is the legacy absence coding; no source proves absence of every possible patron relationship.,Seshat Cliopatria; Maddison Project Database 2023; HYDE
10,ビザンツ帝国（後期）,AD1000-AD1453,entity,ビザンツ帝国（後期）,supported_by_reference_overview,Byzantine history,Encyclopaedia Britannica,https://www.britannica.com/topic/Byzantine-History,"Article, chapter, or dataset overview; relevant text is reproduced in source_excerpt","џV?�κw>� �b]I�ε� �IZi5Qԫ`�7�J$�-{�=�]�c;q��~ݮz�UOz�U'��KnY���ڥ襷6v�-oO���ꉝ� ���U�����>~�\q;�=��V}/����=�u��[��Jʛ�=i{w y����UO���E{��j�6�{�&^���ٕn������=�8�[Agm��2w���e��=`O����^, ���ɞC���壟��M�� ��g5iۿ=?��]2qϮOc R��㰏��� ���=��$� Г^�����?�'�]a��{6� ��þӞ� ����ya�5sO~x��ɠ�,�{""�=@��#�`OBK���y_�� �eD � L�(�I�[霭c$"" z�Ѓ� P_� bv�� za®�a�A/���J:֠��Lx���3����JȂ�6)�����g$͂X0�o��&�.Y��>B��~ .�3˹W�aP;ah ���bNP� P���)� m�m��=s�� Kk9U�Dtt�z��9Y�X�!�@�(Ii * ���Jg%��� �!�1�Bp��Es�%+ ���$�!�}'� <�L`��� ߀{�ݧ6�4�zP���F-��Đ�.x� �4��e��D��t��n~��%���eEВ���ت""}�?ꮀ� &�����ʥS硫�H�4ʤ!�U �����(�Y�W�4W�c/��R�-~������Z*�[��� m�ׇ�r��B�Tm�J�P���f��$�V�����J �ʕR��[�V�Z#�f�Q)�k��b��j�M��B�T��*�B�\o�Z�P-��� �ݮ��mU �7���7���v �k�Z�WK� �����J |-�j-Rn�v�TۀM�9�j�v�N��B��n�+�f� ���h@u��T+����v ��+�e�\�T*�6�� �F�A�j��j%����� Z�\��ЩV+��&�0�v :�1��2�)@��(4���x����`�ѥ\�0��J媠C �V��:�U�68�8a�F���[��*",2026-07-15T02:33:47Z,The cited reference identifies the polity or political unit.,Seshat Cliopatria; Maddison Project Database 2023; HYDE
10,ビザンツ帝国（後期）,AD1000-AD1453,period,AD1000-AD1453,polity_chronology_supported_project_window_interpretive,Byzantine history,Encyclopaedia Britannica,https://www.britannica.com/topic/Byzantine-History,"Article, chapter, or dataset overview; relevant text is reproduced in source_excerpt","џV?�κw>� �b]I�ε� �IZi5Qԫ`�7�J$�-{�=�]�c;q��~ݮz�UOz�U'��KnY���ڥ襷6v�-oO���ꉝ� ���U�����>~�\q;�=��V}/����=�u��[��Jʛ�=i{w y����UO���E{��j�6�{�&^���ٕn������=�8�[Agm��2w���e��=`O����^, ���ɞC���壟��M�� ��g5iۿ=?��]2qϮOc R��㰏��� ���=��$� Г^�����?�'�]a��{6� ��þӞ� ����ya�5sO~x��ɠ�,�{""�=@��#�`OBK���y_�� �eD � L�(�I�[霭c$"" z�Ѓ� P_� bv�� za®�a�A/���J:֠��Lx���3����JȂ�6)�����g$͂X0�o��&�.Y��>B��~ .�3˹W�aP;ah ���bNP� P���)� m�m��=s�� Kk9U�Dtt�z��9Y�X�!�@�(Ii * ���Jg%��� �!�1�Bp��Es�%+ ���$�!�}'� <�L`��� ߀{�ݧ6�4�zP���F-��Đ�.x� �4��e��D��t��n~��%���eEВ���ت""}�?ꮀ� &�����ʥS硫�H�4ʤ!�U �����(�Y�W�4W�c/��R�-~������Z*�[��� m�ׇ�r��B�Tm�J�P���f��$�V�����J �ʕR��[�V�Z#�f�Q)�k��b��j�M��B�T��*�B�\o�Z�P-��� �ݮ��mU �7���7���v �k�Z�WK� �����J |-�j-Rn�v�TۀM�9�j�v�N��B��n�+�f� ���h@u��T+����v ��+�e�\�T*�6�� �F�A�j��j%����� Z�\��ЩV+��&�0�v :�1��2�)@��(4���x����`�ѥ\�0��J媠C �V��:�U�68�8a�F���[��*",2026-07-15T02:33:47Z,The source supports the polity chronology; split periods and policy windows are project-defined analytical intervals.,Seshat Cliopatria; Maddison Project Database 2023; HYDE
10,ビザンツ帝国（後期）,AD1000-AD1453,closure_type,maritime_ban,contradicted_by_source,Italian Privileges and Trade in Byzantium before the Fourth Crusade: A Reconsideration,DOI-registered scholarly publication,https://doi.org/10.3989/aem.1994.v24.977,"Article, chapter, or dataset overview; relevant text is reproduced in source_excerpt","Between 1082 and 1192 several Byzantine emperors conferred extensive privileges on the three main Italian maritime powers, Venice, Pisa and Genoa 1 • The charters they issued contained sorne provisions in favor of these city-states as collective bodies and others bearing on the latter's citizens as individuals and directly affecting their economic activity. These charters have been repeatedly examined. Nevertheless, a new reading of their commercial and fiscal provisions in a contemporary context and in a comparative framework is warranted. It reveals sorne misunderstood or overlooked aspects of their content, suggests novel interpretations, and sheds light on sorne of their effects on trade, shipping and the Italian settle ment pattern in the Empire before the Fourth Crusade 2 • The first part of our examination is devoted to the nature and extent of the commercial and fiscal concessions made by the Empire to the Italian maritime powers. Venice was the first to benefit from them 3 • I",2026-07-15T02:33:47Z,Case-specific scholarship documents trade or engagement inconsistent with a blanket closure label.,Seshat Cliopatria; Maddison Project Database 2023; HYDE
10,ビザンツ帝国（後期）,AD1000-AD1453,outcome,overtaken,historical_event_supported_category_is_project_interpretation,Byzantine history,Encyclopaedia Britannica,https://www.britannica.com/topic/Byzantine-History,"Article, chapter, or dataset overview; relevant text is reproduced in source_excerpt","џV?�κw>� �b]I�ε� �IZi5Qԫ`�7�J$�-{�=�]�c;q��~ݮz�UOz�U'��KnY���ڥ襷6v�-oO���ꉝ� ���U�����>~�\q;�=��V}/����=�u��[��Jʛ�=i{w y����UO���E{��j�6�{�&^���ٕn������=�8�[Agm��2w���e��=`O����^, ���ɞC���壟��M�� ��g5iۿ=?��]2qϮOc R��㰏��� ���=��$� Г^�����?�'�]a��{6� ��þӞ� ����ya�5sO~x��ɠ�,�{""�=@��#�`OBK���y_�� �eD � L�(�I�[霭c$"" z�Ѓ� P_� bv�� za®�a�A/���J:֠��Lx���3����JȂ�6)�����g$͂X0�o��&�.Y��>B��~ .�3˹W�aP;ah ���bNP� P���)� m�m��=s�� Kk9U�Dtt�z��9Y�X�!�@�(Ii * ���Jg%��� �!�1�Bp��Es�%+ ���$�!�}'� <�L`��� ߀{�ݧ6�4�zP���F-��Đ�.x� �4��e��D��t��n~��%���eEВ���ت""}�?ꮀ� &�����ʥS硫�H�4ʤ!�U �����(�Y�W�4W�c/��R�-~������Z*�[��� m�ׇ�r��B�Tm�J�P���f��$�V�����J �ʕR��[�V�Z#�f�Q)�k��b��j�M��B�T��*�B�\o�Z�P-��� �ݮ��mU �7���7���v �k�Z�WK� �����J |-�j-Rn�v�TۀM�9�j�v�N��B��n�+�f� ���h@u��T+����v ��+�e�\�T*�6�� �F�A�j��j%����� Z�\��ЩV+��&�0�v :�1��2�)@��(4���x����`�ѥ\�0��J媠C �V��:�U�68�8a�F���[��*",2026-07-15T02:33:47Z,The source documents the polity history or terminal event. The three-category outcome is an AI-assisted project classification rather than a source variable.,Seshat Cliopatria; Maddison Project Database 2023; HYDE
10,ビザンツ帝国（後期）,AD1000-AD1453,has_external_patron,0,legacy_zero_not_independently_verified,Byzantine history,Encyclopaedia Britannica,https://www.britannica.com/topic/Byzantine-History,"Article, chapter, or dataset overview; relevant text is reproduced in source_excerpt","џV?�κw>� �b]I�ε� �IZi5Qԫ`�7�J$�-{�=�]�c;q��~ݮz�UOz�U'��KnY���ڥ襷6v�-oO���ꉝ� ���U�����>~�\q;�=��V}/����=�u��[��Jʛ�=i{w y����UO���E{��j�6�{�&^���ٕn������=�8�[Agm��2w���e��=`O����^, ���ɞC���壟��M�� ��g5iۿ=?��]2qϮOc R��㰏��� ���=��$� Г^�����?�'�]a��{6� ��þӞ� ����ya�5sO~x��ɠ�,�{""�=@��#�`OBK���y_�� �eD � L�(�I�[霭c$"" z�Ѓ� P_� bv�� za®�a�A/���J:֠��Lx���3����JȂ�6)�����g$͂X0�o��&�.Y��>B��~ .�3˹W�aP;ah ���bNP� P���)� m�m��=s�� Kk9U�Dtt�z��9Y�X�!�@�(Ii * ���Jg%��� �!�1�Bp��Es�%+ ���$�!�}'� <�L`��� ߀{�ݧ6�4�zP���F-��Đ�.x� �4��e��D��t��n~��%���eEВ���ت""}�?ꮀ� &�����ʥS硫�H�4ʤ!�U �����(�Y�W�4W�c/��R�-~������Z*�[��� m�ׇ�r��B�Tm�J�P���f��$�V�����J �ʕR��[�V�Z#�f�Q)�k��b��j�M��B�T��*�B�\o�Z�P-��� �ݮ��mU �7���7���v �k�Z�WK� �����J |-�j-Rn�v�TۀM�9�j�v�N��B��n�+�f� ���h@u��T+����v ��+�e�\�T*�6�� �F�A�j��j%����� Z�\��ЩV+��&�0�v :�1��2�)@��(4���x����`�ѥ\�0��J媠C �V��:�U�68�8a�F���[��*",2026-07-15T02:33:47Z,A zero is the legacy absence coding; no source proves absence of every possible patron relationship.,Seshat Cliopatria; Maddison Project Database 2023; HYDE
11,アッバース朝（前期）,AD750-AD1000,entity,アッバース朝（前期）,supported_by_reference_overview,"Caliphate - Abbasid, Islamic Empire, Sunni | Britannica",Encyclopaedia Britannica,https://www.britannica.com/place/Caliphate/The-Abbasid-caliphate,"Article, chapter, or dataset overview; relevant text is reproduced in source_excerpt","Caliphate - Abbasid, Islamic Empire, Sunni | Britannica # The Abbasid caliphate # Caliphate Abbasid caliphate in the 9th century(more) The Abbasids, descendants of an uncle of Muhammad, owed the success of their revolt in large part to their appeal to various pietistic, extremist, or merely disgruntled groups and in particular to the aid of the Shiʿah, who held that the Caliphate belonged by right to the descendants ofʿAlī. That the Abbasids disappointed the expectations of the Shiʿah by taking the Caliphate for themselves left the Shiʿah to evolve into a sect, permanently hostile to the Sunni majority, that would periodically threaten the established government by revolt. The first Abbasid caliph, al-Saffāḥ(749–754), ordered the elimination of the entire Umayyad clan; the only Umayyad of note who escaped wasʿAbd al-Raḥman, who made his way to Spain and established an Umayyad dynasty that lasted until 1031. The period 786–861, especially the caliphates of",2026-07-15T02:33:47Z,The cited reference identifies the polity or political unit.,Seshat Cliopatria; Maddison Project Database 2023; HYDE
11,アッバース朝（前期）,AD750-AD1000,period,AD750-AD1000,polity_chronology_supported_project_window_interpretive,"Caliphate - Abbasid, Islamic Empire, Sunni | Britannica",Encyclopaedia Britannica,https://www.britannica.com/place/Caliphate/The-Abbasid-caliphate,"Article, chapter, or dataset overview; relevant text is reproduced in source_excerpt","Caliphate - Abbasid, Islamic Empire, Sunni | Britannica # The Abbasid caliphate # Caliphate Abbasid caliphate in the 9th century(more) The Abbasids, descendants of an uncle of Muhammad, owed the success of their revolt in large part to their appeal to various pietistic, extremist, or merely disgruntled groups and in particular to the aid of the Shiʿah, who held that the Caliphate belonged by right to the descendants ofʿAlī. That the Abbasids disappointed the expectations of the Shiʿah by taking the Caliphate for themselves left the Shiʿah to evolve into a sect, permanently hostile to the Sunni majority, that would periodically threaten the established government by revolt. The first Abbasid caliph, al-Saffāḥ(749–754), ordered the elimination of the entire Umayyad clan; the only Umayyad of note who escaped wasʿAbd al-Raḥman, who made his way to Spain and established an Umayyad dynasty that lasted until 1031. The period 786–861, especially the caliphates of",2026-07-15T02:33:47Z,The source supports the polity chronology; split periods and policy windows are project-defined analytical intervals.,Seshat Cliopatria; Maddison Project Database 2023; HYDE
11,アッバース朝（前期）,AD750-AD1000,closure_type,none,legacy_none_not_independently_verified,"Caliphate - Abbasid, Islamic Empire, Sunni | Britannica",Encyclopaedia Britannica,https://www.britannica.com/place/Caliphate/The-Abbasid-caliphate,"Article, chapter, or dataset overview; relevant text is reproduced in source_excerpt","Caliphate - Abbasid, Islamic Empire, Sunni | Britannica # The Abbasid caliphate # Caliphate Abbasid caliphate in the 9th century(more) The Abbasids, descendants of an uncle of Muhammad, owed the success of their revolt in large part to their appeal to various pietistic, extremist, or merely disgruntled groups and in particular to the aid of the Shiʿah, who held that the Caliphate belonged by right to the descendants ofʿAlī. That the Abbasids disappointed the expectations of the Shiʿah by taking the Caliphate for themselves left the Shiʿah to evolve into a sect, permanently hostile to the Sunni majority, that would periodically threaten the established government by revolt. The first Abbasid caliph, al-Saffāḥ(749–754), ordered the elimination of the entire Umayyad clan; the only Umayyad of note who escaped wasʿAbd al-Raḥman, who made his way to Spain and established an Umayyad dynasty that lasted until 1031. The period 786–861, especially the caliphates of",2026-07-15T02:33:47Z,No formal closure is asserted; absence of every relevant restriction was not proven.,Seshat Cliopatria; Maddison Project Database 2023; HYDE
11,アッバース朝（前期）,AD750-AD1000,outcome,survived,historical_event_supported_category_is_project_interpretation,"Caliphate - Abbasid, Islamic Empire, Sunni | Britannica",Encyclopaedia Britannica,https://www.britannica.com/place/Caliphate/The-Abbasid-caliphate,"Article, chapter, or dataset overview; relevant text is reproduced in source_excerpt","Caliphate - Abbasid, Islamic Empire, Sunni | Britannica # The Abbasid caliphate # Caliphate Abbasid caliphate in the 9th century(more) The Abbasids, descendants of an uncle of Muhammad, owed the success of their revolt in large part to their appeal to various pietistic, extremist, or merely disgruntled groups and in particular to the aid of the Shiʿah, who held that the Caliphate belonged by right to the descendants ofʿAlī. That the Abbasids disappointed the expectations of the Shiʿah by taking the Caliphate for themselves left the Shiʿah to evolve into a sect, permanently hostile to the Sunni majority, that would periodically threaten the established government by revolt. The first Abbasid caliph, al-Saffāḥ(749–754), ordered the elimination of the entire Umayyad clan; the only Umayyad of note who escaped wasʿAbd al-Raḥman, who made his way to Spain and established an Umayyad dynasty that lasted until 1031. The period 786–861, especially the caliphates of",2026-07-15T02:33:47Z,The source documents the polity history or terminal event. The three-category outcome is an AI-assisted project classification rather than a source variable.,Seshat Cliopatria; Maddison Project Database 2023; HYDE
11,アッバース朝（前期）,AD750-AD1000,has_external_patron,0,legacy_zero_not_independently_verified,"Caliphate - Abbasid, Islamic Empire, Sunni | Britannica",Encyclopaedia Britannica,https://www.britannica.com/place/Caliphate/The-Abbasid-caliphate,"Article, chapter, or dataset overview; relevant text is reproduced in source_excerpt","Caliphate - Abbasid, Islamic Empire, Sunni | Britannica # The Abbasid caliphate # Caliphate Abbasid caliphate in the 9th century(more) The Abbasids, descendants of an uncle of Muhammad, owed the success of their revolt in large part to their appeal to various pietistic, extremist, or merely disgruntled groups and in particular to the aid of the Shiʿah, who held that the Caliphate belonged by right to the descendants ofʿAlī. That the Abbasids disappointed the expectations of the Shiʿah by taking the Caliphate for themselves left the Shiʿah to evolve into a sect, permanently hostile to the Sunni majority, that would periodically threaten the established government by revolt. The first Abbasid caliph, al-Saffāḥ(749–754), ordered the elimination of the entire Umayyad clan; the only Umayyad of note who escaped wasʿAbd al-Raḥman, who made his way to Spain and established an Umayyad dynasty that lasted until 1031. The period 786–861, especially the caliphates of",2026-07-15T02:33:47Z,A zero is the legacy absence coding; no source proves absence of every possible patron relationship.,Seshat Cliopatria; Maddison Project Database 2023; HYDE
12,アッバース朝（後期）,AD1000-AD1258,entity,アッバース朝（後期）,supported_by_reference_overview,"Caliphate - Abbasid, Islamic Empire, Sunni | Britannica",Encyclopaedia Britannica,https://www.britannica.com/place/Caliphate/The-Abbasid-caliphate,"Article, chapter, or dataset overview; relevant text is reproduced in source_excerpt","Caliphate - Abbasid, Islamic Empire, Sunni | Britannica # The Abbasid caliphate # Caliphate Abbasid caliphate in the 9th century(more) The Abbasids, descendants of an uncle of Muhammad, owed the success of their revolt in large part to their appeal to various pietistic, extremist, or merely disgruntled groups and in particular to the aid of the Shiʿah, who held that the Caliphate belonged by right to the descendants ofʿAlī. That the Abbasids disappointed the expectations of the Shiʿah by taking the Caliphate for themselves left the Shiʿah to evolve into a sect, permanently hostile to the Sunni majority, that would periodically threaten the established government by revolt. The first Abbasid caliph, al-Saffāḥ(749–754), ordered the elimination of the entire Umayyad clan; the only Umayyad of note who escaped wasʿAbd al-Raḥman, who made his way to Spain and established an Umayyad dynasty that lasted until 1031. The period 786–861, especially the caliphates of",2026-07-15T02:33:47Z,The cited reference identifies the polity or political unit.,Seshat Cliopatria; Maddison Project Database 2023; HYDE
12,アッバース朝（後期）,AD1000-AD1258,period,AD1000-AD1258,polity_chronology_supported_project_window_interpretive,"Caliphate - Abbasid, Islamic Empire, Sunni | Britannica",Encyclopaedia Britannica,https://www.britannica.com/place/Caliphate/The-Abbasid-caliphate,"Article, chapter, or dataset overview; relevant text is reproduced in source_excerpt","Caliphate - Abbasid, Islamic Empire, Sunni | Britannica # The Abbasid caliphate # Caliphate Abbasid caliphate in the 9th century(more) The Abbasids, descendants of an uncle of Muhammad, owed the success of their revolt in large part to their appeal to various pietistic, extremist, or merely disgruntled groups and in particular to the aid of the Shiʿah, who held that the Caliphate belonged by right to the descendants ofʿAlī. That the Abbasids disappointed the expectations of the Shiʿah by taking the Caliphate for themselves left the Shiʿah to evolve into a sect, permanently hostile to the Sunni majority, that would periodically threaten the established government by revolt. The first Abbasid caliph, al-Saffāḥ(749–754), ordered the elimination of the entire Umayyad clan; the only Umayyad of note who escaped wasʿAbd al-Raḥman, who made his way to Spain and established an Umayyad dynasty that lasted until 1031. The period 786–861, especially the caliphates of",2026-07-15T02:33:47Z,The source supports the polity chronology; split periods and policy windows are project-defined analytical intervals.,Seshat Cliopatria; Maddison Project Database 2023; HYDE
12,アッバース朝（後期）,AD1000-AD1258,closure_type,none,legacy_none_not_independently_verified,"Caliphate - Abbasid, Islamic Empire, Sunni | Britannica",Encyclopaedia Britannica,https://www.britannica.com/place/Caliphate/The-Abbasid-caliphate,"Article, chapter, or dataset overview; relevant text is reproduced in source_excerpt","Caliphate - Abbasid, Islamic Empire, Sunni | Britannica # The Abbasid caliphate # Caliphate Abbasid caliphate in the 9th century(more) The Abbasids, descendants of an uncle of Muhammad, owed the success of their revolt in large part to their appeal to various pietistic, extremist, or merely disgruntled groups and in particular to the aid of the Shiʿah, who held that the Caliphate belonged by right to the descendants ofʿAlī. That the Abbasids disappointed the expectations of the Shiʿah by taking the Caliphate for themselves left the Shiʿah to evolve into a sect, permanently hostile to the Sunni majority, that would periodically threaten the established government by revolt. The first Abbasid caliph, al-Saffāḥ(749–754), ordered the elimination of the entire Umayyad clan; the only Umayyad of note who escaped wasʿAbd al-Raḥman, who made his way to Spain and established an Umayyad dynasty that lasted until 1031. The period 786–861, especially the caliphates of",2026-07-15T02:33:47Z,No formal closure is asserted; absence of every relevant restriction was not proven.,Seshat Cliopatria; Maddison Project Database 2023; HYDE
12,アッバース朝（後期）,AD1000-AD1258,outcome,overtaken,historical_event_supported_category_is_project_interpretation,"Caliphate - Abbasid, Islamic Empire, Sunni | Britannica",Encyclopaedia Britannica,https://www.britannica.com/place/Caliphate/The-Abbasid-caliphate,"Article, chapter, or dataset overview; relevant text is reproduced in source_excerpt","Caliphate - Abbasid, Islamic Empire, Sunni | Britannica # The Abbasid caliphate # Caliphate Abbasid caliphate in the 9th century(more) The Abbasids, descendants of an uncle of Muhammad, owed the success of their revolt in large part to their appeal to various pietistic, extremist, or merely disgruntled groups and in particular to the aid of the Shiʿah, who held that the Caliphate belonged by right to the descendants ofʿAlī. That the Abbasids disappointed the expectations of the Shiʿah by taking the Caliphate for themselves left the Shiʿah to evolve into a sect, permanently hostile to the Sunni majority, that would periodically threaten the established government by revolt. The first Abbasid caliph, al-Saffāḥ(749–754), ordered the elimination of the entire Umayyad clan; the only Umayyad of note who escaped wasʿAbd al-Raḥman, who made his way to Spain and established an Umayyad dynasty that lasted until 1031. The period 786–861, especially the caliphates of",2026-07-15T02:33:47Z,The source documents the polity history or terminal event. The three-category outcome is an AI-assisted project classification rather than a source variable.,Seshat Cliopatria; Maddison Project Database 2023; HYDE
12,アッバース朝（後期）,AD1000-AD1258,has_external_patron,0,legacy_zero_not_independently_verified,"Caliphate - Abbasid, Islamic Empire, Sunni | Britannica",Encyclopaedia Britannica,https://www.britannica.com/place/Caliphate/The-Abbasid-caliphate,"Article, chapter, or dataset overview; relevant text is reproduced in source_excerpt","Caliphate - Abbasid, Islamic Empire, Sunni | Britannica # The Abbasid caliphate # Caliphate Abbasid caliphate in the 9th century(more) The Abbasids, descendants of an uncle of Muhammad, owed the success of their revolt in large part to their appeal to various pietistic, extremist, or merely disgruntled groups and in particular to the aid of the Shiʿah, who held that the Caliphate belonged by right to the descendants ofʿAlī. That the Abbasids disappointed the expectations of the Shiʿah by taking the Caliphate for themselves left the Shiʿah to evolve into a sect, permanently hostile to the Sunni majority, that would periodically threaten the established government by revolt. The first Abbasid caliph, al-Saffāḥ(749–754), ordered the elimination of the entire Umayyad clan; the only Umayyad of note who escaped wasʿAbd al-Raḥman, who made his way to Spain and established an Umayyad dynasty that lasted until 1031. The period 786–861, especially the caliphates of",2026-07-15T02:33:47Z,A zero is the legacy absence coding; no source proves absence of every possible patron relationship.,Seshat Cliopatria; Maddison Project Database 2023; HYDE
13,宋朝中国,AD960-AD1279,entity,宋朝中国,supported_by_reference_overview,Northern Song dynasty | Chinese history | Britannica,Encyclopaedia Britannica,https://www.britannica.com/topic/Northern-Song-dynasty,"Article, chapter, or dataset overview; relevant text is reproduced in source_excerpt","Northern Song dynasty | Chinese history | Britannica # Northern Song dynasty Also known as: Bei Song dynasty, Northern Sung dynasty - Song dynastyThe last of the Northern Song emperors was himself perhaps the most noteworthy artist and art collector in the country. His capital at Kaifeng was a city of beauty, abounding in palaces, temples, and tall pagodas when, in 1126, the Juchen burned it. The architecture of the Song era… Read MoreThe last of the Northern Song emperors was himself perhaps the most noteworthy artist and art collector in the country. His capital at Kaifeng was a city of beauty, abounding in palaces, temples, and tall pagodas when, in 1126, the Juchen burned it. The architecture of the Song era… Read More - Chinese paintingSong (960–1279), Liao (907–1125), and Jin (1115–1234) dynastiesThe Bei (Northern) Song was a period of reconstruction and consolidation. Bianjing was a city of palaces, temples, and tall pagodas; Buddhism flourished, and monasteries",2026-07-15T02:33:47Z,The cited reference identifies the polity or political unit.,Seshat Cliopatria; Maddison Project Database 2023; HYDE
13,宋朝中国,AD960-AD1279,period,AD960-AD1279,polity_chronology_supported_project_window_interpretive,Northern Song dynasty | Chinese history | Britannica,Encyclopaedia Britannica,https://www.britannica.com/topic/Northern-Song-dynasty,"Article, chapter, or dataset overview; relevant text is reproduced in source_excerpt","Northern Song dynasty | Chinese history | Britannica # Northern Song dynasty Also known as: Bei Song dynasty, Northern Sung dynasty - Song dynastyThe last of the Northern Song emperors was himself perhaps the most noteworthy artist and art collector in the country. His capital at Kaifeng was a city of beauty, abounding in palaces, temples, and tall pagodas when, in 1126, the Juchen burned it. The architecture of the Song era… Read MoreThe last of the Northern Song emperors was himself perhaps the most noteworthy artist and art collector in the country. His capital at Kaifeng was a city of beauty, abounding in palaces, temples, and tall pagodas when, in 1126, the Juchen burned it. The architecture of the Song era… Read More - Chinese paintingSong (960–1279), Liao (907–1125), and Jin (1115–1234) dynastiesThe Bei (Northern) Song was a period of reconstruction and consolidation. Bianjing was a city of palaces, temples, and tall pagodas; Buddhism flourished, and monasteries",2026-07-15T02:33:47Z,The source supports the polity chronology; split periods and policy windows are project-defined analytical intervals.,Seshat Cliopatria; Maddison Project Database 2023; HYDE
13,宋朝中国,AD960-AD1279,closure_type,none,legacy_none_not_independently_verified,Northern Song dynasty | Chinese history | Britannica,Encyclopaedia Britannica,https://www.britannica.com/topic/Northern-Song-dynasty,"Article, chapter, or dataset overview; relevant text is reproduced in source_excerpt","Northern Song dynasty | Chinese history | Britannica # Northern Song dynasty Also known as: Bei Song dynasty, Northern Sung dynasty - Song dynastyThe last of the Northern Song emperors was himself perhaps the most noteworthy artist and art collector in the country. His capital at Kaifeng was a city of beauty, abounding in palaces, temples, and tall pagodas when, in 1126, the Juchen burned it. The architecture of the Song era… Read MoreThe last of the Northern Song emperors was himself perhaps the most noteworthy artist and art collector in the country. His capital at Kaifeng was a city of beauty, abounding in palaces, temples, and tall pagodas when, in 1126, the Juchen burned it. The architecture of the Song era… Read More - Chinese paintingSong (960–1279), Liao (907–1125), and Jin (1115–1234) dynastiesThe Bei (Northern) Song was a period of reconstruction and consolidation. Bianjing was a city of palaces, temples, and tall pagodas; Buddhism flourished, and monasteries",2026-07-15T02:33:47Z,No formal closure is asserted; absence of every relevant restriction was not proven.,Seshat Cliopatria; Maddison Project Database 2023; HYDE
13,宋朝中国,AD960-AD1279,outcome,overtaken,historical_event_supported_category_is_project_interpretation,Northern Song dynasty | Chinese history | Britannica,Encyclopaedia Britannica,https://www.britannica.com/topic/Northern-Song-dynasty,"Article, chapter, or dataset overview; relevant text is reproduced in source_excerpt","Northern Song dynasty | Chinese history | Britannica # Northern Song dynasty Also known as: Bei Song dynasty, Northern Sung dynasty - Song dynastyThe last of the Northern Song emperors was himself perhaps the most noteworthy artist and art collector in the country. His capital at Kaifeng was a city of beauty, abounding in palaces, temples, and tall pagodas when, in 1126, the Juchen burned it. The architecture of the Song era… Read MoreThe last of the Northern Song emperors was himself perhaps the most noteworthy artist and art collector in the country. His capital at Kaifeng was a city of beauty, abounding in palaces, temples, and tall pagodas when, in 1126, the Juchen burned it. The architecture of the Song era… Read More - Chinese paintingSong (960–1279), Liao (907–1125), and Jin (1115–1234) dynastiesThe Bei (Northern) Song was a period of reconstruction and consolidation. Bianjing was a city of palaces, temples, and tall pagodas; Buddhism flourished, and monasteries",2026-07-15T02:33:47Z,The source documents the polity history or terminal event. The three-category outcome is an AI-assisted project classification rather than a source variable.,Seshat Cliopatria; Maddison Project Database 2023; HYDE
13,宋朝中国,AD960-AD1279,has_external_patron,0,legacy_zero_not_independently_verified,Northern Song dynasty | Chinese history | Britannica,Encyclopaedia Britannica,https://www.britannica.com/topic/Northern-Song-dynasty,"Article, chapter, or dataset overview; relevant text is reproduced in source_excerpt","Northern Song dynasty | Chinese history | Britannica # Northern Song dynasty Also known as: Bei Song dynasty, Northern Sung dynasty - Song dynastyThe last of the Northern Song emperors was himself perhaps the most noteworthy artist and art collector in the country. His capital at Kaifeng was a city of beauty, abounding in palaces, temples, and tall pagodas when, in 1126, the Juchen burned it. The architecture of the Song era… Read MoreThe last of the Northern Song emperors was himself perhaps the most noteworthy artist and art collector in the country. His capital at Kaifeng was a city of beauty, abounding in palaces, temples, and tall pagodas when, in 1126, the Juchen burned it. The architecture of the Song era… Read More - Chinese paintingSong (960–1279), Liao (907–1125), and Jin (1115–1234) dynastiesThe Bei (Northern) Song was a period of reconstruction and consolidation. Bianjing was a city of palaces, temples, and tall pagodas; Buddhism flourished, and monasteries",2026-07-15T02:33:47Z,A zero is the legacy absence coding; no source proves absence of every possible patron relationship.,Seshat Cliopatria; Maddison Project Database 2023; HYDE
14,モンゴル帝国,AD1206-AD1368,entity,モンゴル帝国,supported_by_reference_overview,"Mongol empire | Time Period, Map, Location, & Facts | Britannica",Encyclopaedia Britannica,https://www.britannica.com/place/Mongol-empire,"Article, chapter, or dataset overview; relevant text is reproduced in source_excerpt","Mongol empire | Time Period, Map, Location, & Facts | Britannica # Mongol empire What was the Mongol Empire? The Mongol Empire began in 1206 when Genghis Khan united Mongolian tribes. By the 13th century, it stretched from the Pacific Ocean to the Danube River, covering approximately 9 million square miles, making it the largest contiguous land empire in history. However, feuding among khanates and power shifts to bureaucrats led to the empire’s decline. By 1368, the Mongols lost China to the Ming dynasty. Who founded the Mongol Empire? The Mongol Empire was founded by Genghis Khan, who united Mongol tribes in 1206. His superior military strategies and tactics, such as utilizing highly mobile cavalry and effective communication, contributed to the empire's rapid expansion. By the late 13th century, it stretched from the Pacific Ocean to the Danube River, covering approximately 9 million square miles. Genghis Khan reorganized defeated foes into disciplined",2026-07-15T02:33:47Z,The cited reference identifies the polity or political unit.,Seshat Cliopatria; Maddison Project Database 2023; HYDE
14,モンゴル帝国,AD1206-AD1368,period,AD1206-AD1368,polity_chronology_supported_project_window_interpretive,"Mongol empire | Time Period, Map, Location, & Facts | Britannica",Encyclopaedia Britannica,https://www.britannica.com/place/Mongol-empire,"Article, chapter, or dataset overview; relevant text is reproduced in source_excerpt","Mongol empire | Time Period, Map, Location, & Facts | Britannica # Mongol empire What was the Mongol Empire? The Mongol Empire began in 1206 when Genghis Khan united Mongolian tribes. By the 13th century, it stretched from the Pacific Ocean to the Danube River, covering approximately 9 million square miles, making it the largest contiguous land empire in history. However, feuding among khanates and power shifts to bureaucrats led to the empire’s decline. By 1368, the Mongols lost China to the Ming dynasty. Who founded the Mongol Empire? The Mongol Empire was founded by Genghis Khan, who united Mongol tribes in 1206. His superior military strategies and tactics, such as utilizing highly mobile cavalry and effective communication, contributed to the empire's rapid expansion. By the late 13th century, it stretched from the Pacific Ocean to the Danube River, covering approximately 9 million square miles. Genghis Khan reorganized defeated foes into disciplined",2026-07-15T02:33:47Z,The source supports the polity chronology; split periods and policy windows are project-defined analytical intervals.,Seshat Cliopatria; Maddison Project Database 2023; HYDE
14,モンゴル帝国,AD1206-AD1368,closure_type,none,legacy_none_not_independently_verified,"Mongol empire | Time Period, Map, Location, & Facts | Britannica",Encyclopaedia Britannica,https://www.britannica.com/place/Mongol-empire,"Article, chapter, or dataset overview; relevant text is reproduced in source_excerpt","Mongol empire | Time Period, Map, Location, & Facts | Britannica # Mongol empire What was the Mongol Empire? The Mongol Empire began in 1206 when Genghis Khan united Mongolian tribes. By the 13th century, it stretched from the Pacific Ocean to the Danube River, covering approximately 9 million square miles, making it the largest contiguous land empire in history. However, feuding among khanates and power shifts to bureaucrats led to the empire’s decline. By 1368, the Mongols lost China to the Ming dynasty. Who founded the Mongol Empire? The Mongol Empire was founded by Genghis Khan, who united Mongol tribes in 1206. His superior military strategies and tactics, such as utilizing highly mobile cavalry and effective communication, contributed to the empire's rapid expansion. By the late 13th century, it stretched from the Pacific Ocean to the Danube River, covering approximately 9 million square miles. Genghis Khan reorganized defeated foes into disciplined",2026-07-15T02:33:47Z,No formal closure is asserted; absence of every relevant restriction was not proven.,Seshat Cliopatria; Maddison Project Database 2023; HYDE
14,モンゴル帝国,AD1206-AD1368,outcome,overtaken,historical_event_supported_category_is_project_interpretation,"Mongol empire | Time Period, Map, Location, & Facts | Britannica",Encyclopaedia Britannica,https://www.britannica.com/place/Mongol-empire,"Article, chapter, or dataset overview; relevant text is reproduced in source_excerpt","Mongol empire | Time Period, Map, Location, & Facts | Britannica # Mongol empire What was the Mongol Empire? The Mongol Empire began in 1206 when Genghis Khan united Mongolian tribes. By the 13th century, it stretched from the Pacific Ocean to the Danube River, covering approximately 9 million square miles, making it the largest contiguous land empire in history. However, feuding among khanates and power shifts to bureaucrats led to the empire’s decline. By 1368, the Mongols lost China to the Ming dynasty. Who founded the Mongol Empire? The Mongol Empire was founded by Genghis Khan, who united Mongol tribes in 1206. His superior military strategies and tactics, such as utilizing highly mobile cavalry and effective communication, contributed to the empire's rapid expansion. By the late 13th century, it stretched from the Pacific Ocean to the Danube River, covering approximately 9 million square miles. Genghis Khan reorganized defeated foes into disciplined",2026-07-15T02:33:47Z,The source documents the polity history or terminal event. The three-category outcome is an AI-assisted project classification rather than a source variable.,Seshat Cliopatria; Maddison Project Database 2023; HYDE
14,モンゴル帝国,AD1206-AD1368,has_external_patron,0,legacy_zero_not_independently_verified,"Mongol empire | Time Period, Map, Location, & Facts | Britannica",Encyclopaedia Britannica,https://www.britannica.com/place/Mongol-empire,"Article, chapter, or dataset overview; relevant text is reproduced in source_excerpt","Mongol empire | Time Period, Map, Location, & Facts | Britannica # Mongol empire What was the Mongol Empire? The Mongol Empire began in 1206 when Genghis Khan united Mongolian tribes. By the 13th century, it stretched from the Pacific Ocean to the Danube River, covering approximately 9 million square miles, making it the largest contiguous land empire in history. However, feuding among khanates and power shifts to bureaucrats led to the empire’s decline. By 1368, the Mongols lost China to the Ming dynasty. Who founded the Mongol Empire? The Mongol Empire was founded by Genghis Khan, who united Mongol tribes in 1206. His superior military strategies and tactics, such as utilizing highly mobile cavalry and effective communication, contributed to the empire's rapid expansion. By the late 13th century, it stretched from the Pacific Ocean to the Danube River, covering approximately 9 million square miles. Genghis Khan reorganized defeated foes into disciplined",2026-07-15T02:33:47Z,A zero is the legacy absence coding; no source proves absence of every possible patron relationship.,Seshat Cliopatria; Maddison Project Database 2023; HYDE
15,マムルーク朝エジプト,AD1250-AD1517,entity,マムルーク朝エジプト,supported_by_reference_overview,Mamlūk dynasty summary | Britannica,Encyclopaedia Britannica,https://www.britannica.com/summary/Mamluk-soldier,"Article, chapter, or dataset overview; relevant text is reproduced in source_excerpt","Mamlūk dynasty summary | Britannica # Mamlūk dynasty summary Below is the article summary. For the full article, see Mamluk. Mamlūk dynasty, or Mamluke dynasty, (1250–1517) Rulers of Syria and Egypt. The term mamlūk is an Arabic word for slave. Slave soldiers had been used in the Islamic world since the 9th century, and they often exploited the military power vested in them to seize control from the legitimate political authorities. In 1250 a group of mamlūk generals seized the throne of the Ayyūbid dynasty on the death of the sultan Al-Malik al-Ṣāliḥ Ayyūb (r. 1240–49). The resulting dynasty legitimized its rule by reconstituting the caliphate of the ʿAbbāsid dynasty (destroyed by the Mongols in 1258) and by acting as patrons to the rulers of Mecca and Medina. Under Mamlūk rule the remaining crusaders were expelled from the eastern Mediterranean coast, and the Mongols were driven back from Palestine and Syria. Culturally, historical writing and architecture flourished",2026-07-15T02:33:47Z,The cited reference identifies the polity or political unit.,Seshat Cliopatria; Maddison Project Database 2023; Clio-Infra; HYDE
15,マムルーク朝エジプト,AD1250-AD1517,period,AD1250-AD1517,polity_chronology_supported_project_window_interpretive,Mamlūk dynasty summary | Britannica,Encyclopaedia Britannica,https://www.britannica.com/summary/Mamluk-soldier,"Article, chapter, or dataset overview; relevant text is reproduced in source_excerpt","Mamlūk dynasty summary | Britannica # Mamlūk dynasty summary Below is the article summary. For the full article, see Mamluk. Mamlūk dynasty, or Mamluke dynasty, (1250–1517) Rulers of Syria and Egypt. The term mamlūk is an Arabic word for slave. Slave soldiers had been used in the Islamic world since the 9th century, and they often exploited the military power vested in them to seize control from the legitimate political authorities. In 1250 a group of mamlūk generals seized the throne of the Ayyūbid dynasty on the death of the sultan Al-Malik al-Ṣāliḥ Ayyūb (r. 1240–49). The resulting dynasty legitimized its rule by reconstituting the caliphate of the ʿAbbāsid dynasty (destroyed by the Mongols in 1258) and by acting as patrons to the rulers of Mecca and Medina. Under Mamlūk rule the remaining crusaders were expelled from the eastern Mediterranean coast, and the Mongols were driven back from Palestine and Syria. Culturally, historical writing and architecture flourished",2026-07-15T02:33:47Z,The source supports the polity chronology; split periods and policy windows are project-defined analytical intervals.,Seshat Cliopatria; Maddison Project Database 2023; Clio-Infra; HYDE
15,マムルーク朝エジプト,AD1250-AD1517,closure_type,none,legacy_none_not_independently_verified,Mamlūk dynasty summary | Britannica,Encyclopaedia Britannica,https://www.britannica.com/summary/Mamluk-soldier,"Article, chapter, or dataset overview; relevant text is reproduced in source_excerpt","Mamlūk dynasty summary | Britannica # Mamlūk dynasty summary Below is the article summary. For the full article, see Mamluk. Mamlūk dynasty, or Mamluke dynasty, (1250–1517) Rulers of Syria and Egypt. The term mamlūk is an Arabic word for slave. Slave soldiers had been used in the Islamic world since the 9th century, and they often exploited the military power vested in them to seize control from the legitimate political authorities. In 1250 a group of mamlūk generals seized the throne of the Ayyūbid dynasty on the death of the sultan Al-Malik al-Ṣāliḥ Ayyūb (r. 1240–49). The resulting dynasty legitimized its rule by reconstituting the caliphate of the ʿAbbāsid dynasty (destroyed by the Mongols in 1258) and by acting as patrons to the rulers of Mecca and Medina. Under Mamlūk rule the remaining crusaders were expelled from the eastern Mediterranean coast, and the Mongols were driven back from Palestine and Syria. Culturally, historical writing and architecture flourished",2026-07-15T02:33:47Z,No formal closure is asserted; absence of every relevant restriction was not proven.,Seshat Cliopatria; Maddison Project Database 2023; Clio-Infra; HYDE
15,マムルーク朝エジプト,AD1250-AD1517,outcome,overtaken,historical_event_supported_category_is_project_interpretation,Mamlūk dynasty summary | Britannica,Encyclopaedia Britannica,https://www.britannica.com/summary/Mamluk-soldier,"Article, chapter, or dataset overview; relevant text is reproduced in source_excerpt","Mamlūk dynasty summary | Britannica # Mamlūk dynasty summary Below is the article summary. For the full article, see Mamluk. Mamlūk dynasty, or Mamluke dynasty, (1250–1517) Rulers of Syria and Egypt. The term mamlūk is an Arabic word for slave. Slave soldiers had been used in the Islamic world since the 9th century, and they often exploited the military power vested in them to seize control from the legitimate political authorities. In 1250 a group of mamlūk generals seized the throne of the Ayyūbid dynasty on the death of the sultan Al-Malik al-Ṣāliḥ Ayyūb (r. 1240–49). The resulting dynasty legitimized its rule by reconstituting the caliphate of the ʿAbbāsid dynasty (destroyed by the Mongols in 1258) and by acting as patrons to the rulers of Mecca and Medina. Under Mamlūk rule the remaining crusaders were expelled from the eastern Mediterranean coast, and the Mongols were driven back from Palestine and Syria. Culturally, historical writing and architecture flourished",2026-07-15T02:33:47Z,The source documents the polity history or terminal event. The three-category outcome is an AI-assisted project classification rather than a source variable.,Seshat Cliopatria; Maddison Project Database 2023; Clio-Infra; HYDE
15,マムルーク朝エジプト,AD1250-AD1517,has_external_patron,0,legacy_zero_not_independently_verified,Mamlūk dynasty summary | Britannica,Encyclopaedia Britannica,https://www.britannica.com/summary/Mamluk-soldier,"Article, chapter, or dataset overview; relevant text is reproduced in source_excerpt","Mamlūk dynasty summary | Britannica # Mamlūk dynasty summary Below is the article summary. For the full article, see Mamluk. Mamlūk dynasty, or Mamluke dynasty, (1250–1517) Rulers of Syria and Egypt. The term mamlūk is an Arabic word for slave. Slave soldiers had been used in the Islamic world since the 9th century, and they often exploited the military power vested in them to seize control from the legitimate political authorities. In 1250 a group of mamlūk generals seized the throne of the Ayyūbid dynasty on the death of the sultan Al-Malik al-Ṣāliḥ Ayyūb (r. 1240–49). The resulting dynasty legitimized its rule by reconstituting the caliphate of the ʿAbbāsid dynasty (destroyed by the Mongols in 1258) and by acting as patrons to the rulers of Mecca and Medina. Under Mamlūk rule the remaining crusaders were expelled from the eastern Mediterranean coast, and the Mongols were driven back from Palestine and Syria. Culturally, historical writing and architecture flourished",2026-07-15T02:33:47Z,A zero is the legacy absence coding; no source proves absence of every possible patron relationship.,Seshat Cliopatria; Maddison Project Database 2023; Clio-Infra; HYDE
16,ヴェネツィア共和国,AD697-AD1797,entity,ヴェネツィア共和国,supported_by_reference_overview,Venetian Republic | Italian history | Britannica,Encyclopaedia Britannica,https://www.britannica.com/topic/Venetian-Republic,"Article, chapter, or dataset overview; relevant text is reproduced in source_excerpt","Venetian Republic | Italian history | Britannica # Venetian Republic - Alonso de la Cueva, marqués de Bedmar…Spain as ambassador to the Venetian Republic (1607), he was made marqués de Bedmar in 1614. He used his diplomatic privileges to promote the plans of the Spanish viceroys of Naples and Milan and to increase Spanish power in Italy. Resolutely opposed to Bedmar’s activities, Venice fabricated an alleged conspiracy… Read More…Spain as ambassador to the Venetian Republic (1607), he was made marqués de Bedmar in 1614. He used his diplomatic privileges to promote the plans of the Spanish viceroys of Naples and Milan and to increase Spanish power in Italy. Resolutely opposed to Bedmar’s activities, Venice fabricated an alleged conspiracy… Read More",2026-07-15T02:33:47Z,The cited reference identifies the polity or political unit.,Seshat Cliopatria; Maddison Project Database 2023; Clio-Infra; HYDE; V-Dem v16
16,ヴェネツィア共和国,AD697-AD1797,period,AD697-AD1797,polity_chronology_supported_project_window_interpretive,Venetian Republic | Italian history | Britannica,Encyclopaedia Britannica,https://www.britannica.com/topic/Venetian-Republic,"Article, chapter, or dataset overview; relevant text is reproduced in source_excerpt","Venetian Republic | Italian history | Britannica # Venetian Republic - Alonso de la Cueva, marqués de Bedmar…Spain as ambassador to the Venetian Republic (1607), he was made marqués de Bedmar in 1614. He used his diplomatic privileges to promote the plans of the Spanish viceroys of Naples and Milan and to increase Spanish power in Italy. Resolutely opposed to Bedmar’s activities, Venice fabricated an alleged conspiracy… Read More…Spain as ambassador to the Venetian Republic (1607), he was made marqués de Bedmar in 1614. He used his diplomatic privileges to promote the plans of the Spanish viceroys of Naples and Milan and to increase Spanish power in Italy. Resolutely opposed to Bedmar’s activities, Venice fabricated an alleged conspiracy… Read More",2026-07-15T02:33:47Z,The source supports the polity chronology; split periods and policy windows are project-defined analytical intervals.,Seshat Cliopatria; Maddison Project Database 2023; Clio-Infra; HYDE; V-Dem v16
16,ヴェネツィア共和国,AD697-AD1797,closure_type,none,legacy_none_not_independently_verified,Venetian Republic | Italian history | Britannica,Encyclopaedia Britannica,https://www.britannica.com/topic/Venetian-Republic,"Article, chapter, or dataset overview; relevant text is reproduced in source_excerpt","Venetian Republic | Italian history | Britannica # Venetian Republic - Alonso de la Cueva, marqués de Bedmar…Spain as ambassador to the Venetian Republic (1607), he was made marqués de Bedmar in 1614. He used his diplomatic privileges to promote the plans of the Spanish viceroys of Naples and Milan and to increase Spanish power in Italy. Resolutely opposed to Bedmar’s activities, Venice fabricated an alleged conspiracy… Read More…Spain as ambassador to the Venetian Republic (1607), he was made marqués de Bedmar in 1614. He used his diplomatic privileges to promote the plans of the Spanish viceroys of Naples and Milan and to increase Spanish power in Italy. Resolutely opposed to Bedmar’s activities, Venice fabricated an alleged conspiracy… Read More",2026-07-15T02:33:47Z,No formal closure is asserted; absence of every relevant restriction was not proven.,Seshat Cliopatria; Maddison Project Database 2023; Clio-Infra; HYDE; V-Dem v16
16,ヴェネツィア共和国,AD697-AD1797,outcome,overtaken,historical_event_supported_category_is_project_interpretation,Venetian Republic | Italian history | Britannica,Encyclopaedia Britannica,https://www.britannica.com/topic/Venetian-Republic,"Article, chapter, or dataset overview; relevant text is reproduced in source_excerpt","Venetian Republic | Italian history | Britannica # Venetian Republic - Alonso de la Cueva, marqués de Bedmar…Spain as ambassador to the Venetian Republic (1607), he was made marqués de Bedmar in 1614. He used his diplomatic privileges to promote the plans of the Spanish viceroys of Naples and Milan and to increase Spanish power in Italy. Resolutely opposed to Bedmar’s activities, Venice fabricated an alleged conspiracy… Read More…Spain as ambassador to the Venetian Republic (1607), he was made marqués de Bedmar in 1614. He used his diplomatic privileges to promote the plans of the Spanish viceroys of Naples and Milan and to increase Spanish power in Italy. Resolutely opposed to Bedmar’s activities, Venice fabricated an alleged conspiracy… Read More",2026-07-15T02:33:47Z,The source documents the polity history or terminal event. The three-category outcome is an AI-assisted project classification rather than a source variable.,Seshat Cliopatria; Maddison Project Database 2023; Clio-Infra; HYDE; V-Dem v16
16,ヴェネツィア共和国,AD697-AD1797,has_external_patron,0,legacy_zero_not_independently_verified,Venetian Republic | Italian history | Britannica,Encyclopaedia Britannica,https://www.britannica.com/topic/Venetian-Republic,"Article, chapter, or dataset overview; relevant text is reproduced in source_excerpt","Venetian Republic | Italian history | Britannica # Venetian Republic - Alonso de la Cueva, marqués de Bedmar…Spain as ambassador to the Venetian Republic (1607), he was made marqués de Bedmar in 1614. He used his diplomatic privileges to promote the plans of the Spanish viceroys of Naples and Milan and to increase Spanish power in Italy. Resolutely opposed to Bedmar’s activities, Venice fabricated an alleged conspiracy… Read More…Spain as ambassador to the Venetian Republic (1607), he was made marqués de Bedmar in 1614. He used his diplomatic privileges to promote the plans of the Spanish viceroys of Naples and Milan and to increase Spanish power in Italy. Resolutely opposed to Bedmar’s activities, Venice fabricated an alleged conspiracy… Read More",2026-07-15T02:33:47Z,A zero is the legacy absence coding; no source proves absence of every possible patron relationship.,Seshat Cliopatria; Maddison Project Database 2023; Clio-Infra; HYDE; V-Dem v16
17,ハンザ同盟,AD1200-AD1669,entity,ハンザ同盟,supported_by_reference_overview,"Hanseatic League | Definition, History, & Facts | Britannica",Encyclopaedia Britannica,https://www.britannica.com/topic/Hanseatic-League,"Article, chapter, or dataset overview; relevant text is reproduced in source_excerpt","Hanseatic League | Definition, History, & Facts | Britannica Hanseatic League # Hanseatic League German trading organization What was the Hanseatic League? The Hanseatic League was a medieval German organization founded by north German towns and German merchant communities abroad to protect their mutual trading interests. Dominating commercial activity in northern Europe from the 13th to 15th century, the league originated from groupings of traders and towns in the Baltic and Rhineland areas. The league aimed to secure trade routes, establish bases abroad, ensure favorable trade conditions, and establish monopolies in firmly established areas. It was molded into its definitive form during the 14th century. The decline of the Hanseatic League occurred gradually due to the destruction of the German monopoly and a lack of mutual interest between towns. The Hanseatic League was an organization of north German towns and German merchant communities abroad. It was",2026-07-15T02:33:47Z,The cited reference identifies the polity or political unit.,Seshat Cliopatria; Maddison Project Database 2023; Clio-Infra; HYDE
17,ハンザ同盟,AD1200-AD1669,period,AD1200-AD1669,polity_chronology_supported_project_window_interpretive,"Hanseatic League | Definition, History, & Facts | Britannica",Encyclopaedia Britannica,https://www.britannica.com/topic/Hanseatic-League,"Article, chapter, or dataset overview; relevant text is reproduced in source_excerpt","Hanseatic League | Definition, History, & Facts | Britannica Hanseatic League # Hanseatic League German trading organization What was the Hanseatic League? The Hanseatic League was a medieval German organization founded by north German towns and German merchant communities abroad to protect their mutual trading interests. Dominating commercial activity in northern Europe from the 13th to 15th century, the league originated from groupings of traders and towns in the Baltic and Rhineland areas. The league aimed to secure trade routes, establish bases abroad, ensure favorable trade conditions, and establish monopolies in firmly established areas. It was molded into its definitive form during the 14th century. The decline of the Hanseatic League occurred gradually due to the destruction of the German monopoly and a lack of mutual interest between towns. The Hanseatic League was an organization of north German towns and German merchant communities abroad. It was",2026-07-15T02:33:47Z,The source supports the polity chronology; split periods and policy windows are project-defined analytical intervals.,Seshat Cliopatria; Maddison Project Database 2023; Clio-Infra; HYDE
17,ハンザ同盟,AD1200-AD1669,closure_type,none,legacy_none_not_independently_verified,"Hanseatic League | Definition, History, & Facts | Britannica",Encyclopaedia Britannica,https://www.britannica.com/topic/Hanseatic-League,"Article, chapter, or dataset overview; relevant text is reproduced in source_excerpt","Hanseatic League | Definition, History, & Facts | Britannica Hanseatic League # Hanseatic League German trading organization What was the Hanseatic League? The Hanseatic League was a medieval German organization founded by north German towns and German merchant communities abroad to protect their mutual trading interests. Dominating commercial activity in northern Europe from the 13th to 15th century, the league originated from groupings of traders and towns in the Baltic and Rhineland areas. The league aimed to secure trade routes, establish bases abroad, ensure favorable trade conditions, and establish monopolies in firmly established areas. It was molded into its definitive form during the 14th century. The decline of the Hanseatic League occurred gradually due to the destruction of the German monopoly and a lack of mutual interest between towns. The Hanseatic League was an organization of north German towns and German merchant communities abroad. It was",2026-07-15T02:33:47Z,No formal closure is asserted; absence of every relevant restriction was not proven.,Seshat Cliopatria; Maddison Project Database 2023; Clio-Infra; HYDE
17,ハンザ同盟,AD1200-AD1669,outcome,overtaken,classification_contested_decline_not_conquest,"Hanseatic League | Definition, History, & Facts | Britannica",Encyclopaedia Britannica,https://www.britannica.com/topic/Hanseatic-League,"Article, chapter, or dataset overview; relevant text is reproduced in source_excerpt","Hanseatic League | Definition, History, & Facts | Britannica Hanseatic League # Hanseatic League German trading organization What was the Hanseatic League? The Hanseatic League was a medieval German organization founded by north German towns and German merchant communities abroad to protect their mutual trading interests. Dominating commercial activity in northern Europe from the 13th to 15th century, the league originated from groupings of traders and towns in the Baltic and Rhineland areas. The league aimed to secure trade routes, establish bases abroad, ensure favorable trade conditions, and establish monopolies in firmly established areas. It was molded into its definitive form during the 14th century. The decline of the Hanseatic League occurred gradually due to the destruction of the German monopoly and a lack of mutual interest between towns. The Hanseatic League was an organization of north German towns and German merchant communities abroad. It was",2026-07-15T02:33:47Z,"The source describes long decline and institutional eclipse, not a discrete conquest; overtaken requires revision or an explicit coding rule.",Seshat Cliopatria; Maddison Project Database 2023; Clio-Infra; HYDE
17,ハンザ同盟,AD1200-AD1669,has_external_patron,0,legacy_zero_not_independently_verified,"Hanseatic League | Definition, History, & Facts | Britannica",Encyclopaedia Britannica,https://www.britannica.com/topic/Hanseatic-League,"Article, chapter, or dataset overview; relevant text is reproduced in source_excerpt","Hanseatic League | Definition, History, & Facts | Britannica Hanseatic League # Hanseatic League German trading organization What was the Hanseatic League? The Hanseatic League was a medieval German organization founded by north German towns and German merchant communities abroad to protect their mutual trading interests. Dominating commercial activity in northern Europe from the 13th to 15th century, the league originated from groupings of traders and towns in the Baltic and Rhineland areas. The league aimed to secure trade routes, establish bases abroad, ensure favorable trade conditions, and establish monopolies in firmly established areas. It was molded into its definitive form during the 14th century. The decline of the Hanseatic League occurred gradually due to the destruction of the German monopoly and a lack of mutual interest between towns. The Hanseatic League was an organization of north German towns and German merchant communities abroad. It was",2026-07-15T02:33:47Z,A zero is the legacy absence coding; no source proves absence of every possible patron relationship.,Seshat Cliopatria; Maddison Project Database 2023; Clio-Infra; HYDE
18,オスマン帝国（前期）,AD1300-AD1600,entity,オスマン帝国（前期）,supported_by_reference_overview,The rise and fall of the Ottoman Empire | Britannica,Encyclopaedia Britannica,https://www.britannica.com/summary/Ottoman-Empire,"Article, chapter, or dataset overview; relevant text is reproduced in source_excerpt","The rise and fall of the Ottoman Empire | Britannica # Ottoman Empire summary ## Explore the rise and fall of the Ottoman Empire Below is the article summary. For the full article, see Ottoman Empire. Ottoman Empire, Former empire centred in Anatolia. The Ottoman Empire was named for Osman I (1259–1326), a Turkish Muslim prince in Bithynia who conquered neighbouring regions once held by the Seljūq dynasty and founded his own ruling line c. 1300. Ottoman troops first invaded Europe in 1345, sweeping through the Balkans. Though defeated by Timur in 1402, by 1453 the Ottomans, under Mehmed II(the Conquerer), had destroyed the Byzantine Empire and captured its capital, Constantinople (now Istanbul), which henceforth served as the Ottoman capital. Under Selim I (r. 1512–20) and his son Süleyman I(the Magnificent; r. 1520–66), the Ottoman Empire reached its greatest peak. Süleyman took control of parts of Persia, most of Arabia, and large sections of Hungary and",2026-07-15T02:33:47Z,The cited reference identifies the polity or political unit.,Seshat Cliopatria; Maddison Project Database 2023; Clio-Infra; HYDE
18,オスマン帝国（前期）,AD1300-AD1600,period,AD1300-AD1600,polity_chronology_supported_project_window_interpretive,The rise and fall of the Ottoman Empire | Britannica,Encyclopaedia Britannica,https://www.britannica.com/summary/Ottoman-Empire,"Article, chapter, or dataset overview; relevant text is reproduced in source_excerpt","The rise and fall of the Ottoman Empire | Britannica # Ottoman Empire summary ## Explore the rise and fall of the Ottoman Empire Below is the article summary. For the full article, see Ottoman Empire. Ottoman Empire, Former empire centred in Anatolia. The Ottoman Empire was named for Osman I (1259–1326), a Turkish Muslim prince in Bithynia who conquered neighbouring regions once held by the Seljūq dynasty and founded his own ruling line c. 1300. Ottoman troops first invaded Europe in 1345, sweeping through the Balkans. Though defeated by Timur in 1402, by 1453 the Ottomans, under Mehmed II(the Conquerer), had destroyed the Byzantine Empire and captured its capital, Constantinople (now Istanbul), which henceforth served as the Ottoman capital. Under Selim I (r. 1512–20) and his son Süleyman I(the Magnificent; r. 1520–66), the Ottoman Empire reached its greatest peak. Süleyman took control of parts of Persia, most of Arabia, and large sections of Hungary and",2026-07-15T02:33:47Z,The source supports the polity chronology; split periods and policy windows are project-defined analytical intervals.,Seshat Cliopatria; Maddison Project Database 2023; Clio-Infra; HYDE
18,オスマン帝国（前期）,AD1300-AD1600,closure_type,none,legacy_none_not_independently_verified,The rise and fall of the Ottoman Empire | Britannica,Encyclopaedia Britannica,https://www.britannica.com/summary/Ottoman-Empire,"Article, chapter, or dataset overview; relevant text is reproduced in source_excerpt","The rise and fall of the Ottoman Empire | Britannica # Ottoman Empire summary ## Explore the rise and fall of the Ottoman Empire Below is the article summary. For the full article, see Ottoman Empire. Ottoman Empire, Former empire centred in Anatolia. The Ottoman Empire was named for Osman I (1259–1326), a Turkish Muslim prince in Bithynia who conquered neighbouring regions once held by the Seljūq dynasty and founded his own ruling line c. 1300. Ottoman troops first invaded Europe in 1345, sweeping through the Balkans. Though defeated by Timur in 1402, by 1453 the Ottomans, under Mehmed II(the Conquerer), had destroyed the Byzantine Empire and captured its capital, Constantinople (now Istanbul), which henceforth served as the Ottoman capital. Under Selim I (r. 1512–20) and his son Süleyman I(the Magnificent; r. 1520–66), the Ottoman Empire reached its greatest peak. Süleyman took control of parts of Persia, most of Arabia, and large sections of Hungary and",2026-07-15T02:33:47Z,No formal closure is asserted; absence of every relevant restriction was not proven.,Seshat Cliopatria; Maddison Project Database 2023; Clio-Infra; HYDE
18,オスマン帝国（前期）,AD1300-AD1600,outcome,survived,historical_event_supported_category_is_project_interpretation,The rise and fall of the Ottoman Empire | Britannica,Encyclopaedia Britannica,https://www.britannica.com/summary/Ottoman-Empire,"Article, chapter, or dataset overview; relevant text is reproduced in source_excerpt","The rise and fall of the Ottoman Empire | Britannica # Ottoman Empire summary ## Explore the rise and fall of the Ottoman Empire Below is the article summary. For the full article, see Ottoman Empire. Ottoman Empire, Former empire centred in Anatolia. The Ottoman Empire was named for Osman I (1259–1326), a Turkish Muslim prince in Bithynia who conquered neighbouring regions once held by the Seljūq dynasty and founded his own ruling line c. 1300. Ottoman troops first invaded Europe in 1345, sweeping through the Balkans. Though defeated by Timur in 1402, by 1453 the Ottomans, under Mehmed II(the Conquerer), had destroyed the Byzantine Empire and captured its capital, Constantinople (now Istanbul), which henceforth served as the Ottoman capital. Under Selim I (r. 1512–20) and his son Süleyman I(the Magnificent; r. 1520–66), the Ottoman Empire reached its greatest peak. Süleyman took control of parts of Persia, most of Arabia, and large sections of Hungary and",2026-07-15T02:33:47Z,The source documents the polity history or terminal event. The three-category outcome is an AI-assisted project classification rather than a source variable.,Seshat Cliopatria; Maddison Project Database 2023; Clio-Infra; HYDE
18,オスマン帝国（前期）,AD1300-AD1600,has_external_patron,0,legacy_zero_not_independently_verified,The rise and fall of the Ottoman Empire | Britannica,Encyclopaedia Britannica,https://www.britannica.com/summary/Ottoman-Empire,"Article, chapter, or dataset overview; relevant text is reproduced in source_excerpt","The rise and fall of the Ottoman Empire | Britannica # Ottoman Empire summary ## Explore the rise and fall of the Ottoman Empire Below is the article summary. For the full article, see Ottoman Empire. Ottoman Empire, Former empire centred in Anatolia. The Ottoman Empire was named for Osman I (1259–1326), a Turkish Muslim prince in Bithynia who conquered neighbouring regions once held by the Seljūq dynasty and founded his own ruling line c. 1300. Ottoman troops first invaded Europe in 1345, sweeping through the Balkans. Though defeated by Timur in 1402, by 1453 the Ottomans, under Mehmed II(the Conquerer), had destroyed the Byzantine Empire and captured its capital, Constantinople (now Istanbul), which henceforth served as the Ottoman capital. Under Selim I (r. 1512–20) and his son Süleyman I(the Magnificent; r. 1520–66), the Ottoman Empire reached its greatest peak. Süleyman took control of parts of Persia, most of Arabia, and large sections of Hungary and",2026-07-15T02:33:47Z,A zero is the legacy absence coding; no source proves absence of every possible patron relationship.,Seshat Cliopatria; Maddison Project Database 2023; Clio-Infra; HYDE
19,オスマン帝国（後期）,AD1600-AD1922,entity,オスマン帝国（後期）,supported_by_reference_overview,The rise and fall of the Ottoman Empire | Britannica,Encyclopaedia Britannica,https://www.britannica.com/summary/Ottoman-Empire,"Article, chapter, or dataset overview; relevant text is reproduced in source_excerpt","The rise and fall of the Ottoman Empire | Britannica # Ottoman Empire summary ## Explore the rise and fall of the Ottoman Empire Below is the article summary. For the full article, see Ottoman Empire. Ottoman Empire, Former empire centred in Anatolia. The Ottoman Empire was named for Osman I (1259–1326), a Turkish Muslim prince in Bithynia who conquered neighbouring regions once held by the Seljūq dynasty and founded his own ruling line c. 1300. Ottoman troops first invaded Europe in 1345, sweeping through the Balkans. Though defeated by Timur in 1402, by 1453 the Ottomans, under Mehmed II(the Conquerer), had destroyed the Byzantine Empire and captured its capital, Constantinople (now Istanbul), which henceforth served as the Ottoman capital. Under Selim I (r. 1512–20) and his son Süleyman I(the Magnificent; r. 1520–66), the Ottoman Empire reached its greatest peak. Süleyman took control of parts of Persia, most of Arabia, and large sections of Hungary and",2026-07-15T02:33:47Z,The cited reference identifies the polity or political unit.,Seshat Cliopatria; Maddison Project Database 2023; Clio-Infra; HYDE; V-Dem v16; Correlates of War Formal Alliances v4.1; Polity5
19,オスマン帝国（後期）,AD1600-AD1922,period,AD1600-AD1922,polity_chronology_supported_project_window_interpretive,The rise and fall of the Ottoman Empire | Britannica,Encyclopaedia Britannica,https://www.britannica.com/summary/Ottoman-Empire,"Article, chapter, or dataset overview; relevant text is reproduced in source_excerpt","The rise and fall of the Ottoman Empire | Britannica # Ottoman Empire summary ## Explore the rise and fall of the Ottoman Empire Below is the article summary. For the full article, see Ottoman Empire. Ottoman Empire, Former empire centred in Anatolia. The Ottoman Empire was named for Osman I (1259–1326), a Turkish Muslim prince in Bithynia who conquered neighbouring regions once held by the Seljūq dynasty and founded his own ruling line c. 1300. Ottoman troops first invaded Europe in 1345, sweeping through the Balkans. Though defeated by Timur in 1402, by 1453 the Ottomans, under Mehmed II(the Conquerer), had destroyed the Byzantine Empire and captured its capital, Constantinople (now Istanbul), which henceforth served as the Ottoman capital. Under Selim I (r. 1512–20) and his son Süleyman I(the Magnificent; r. 1520–66), the Ottoman Empire reached its greatest peak. Süleyman took control of parts of Persia, most of Arabia, and large sections of Hungary and",2026-07-15T02:33:47Z,The source supports the polity chronology; split periods and policy windows are project-defined analytical intervals.,Seshat Cliopatria; Maddison Project Database 2023; Clio-Infra; HYDE; V-Dem v16; Correlates of War Formal Alliances v4.1; Polity5
19,オスマン帝国（後期）,AD1600-AD1922,closure_type,maritime_ban,contradicted_by_source,International and Domestic Maritime Trade in the Ottoman Empire during the 18th Century | International Journal of Middle East Studies | Cambridge Core,Cambridge University Press,https://www.cambridge.org/core/journals/international-journal-of-middle-east-studies/article/abs/international-and-domestic-maritime-trade-in-the-ottoman-empire-during-the-18th-century/969BB1866B6A501B7F4BCB43D8A45BD6,"Article, chapter, or dataset overview; relevant text is reproduced in source_excerpt","# International and Domestic Maritime Trade in the Ottoman Empire during the 18th Century A glance at a map shows what an important role the sea played in the vast empire of the Ottomans in the 18th century, linking as it did the three continents of Europe, Asia, and Africa that made up the Old World. The Ottoman Empire dominated not only the eastern Mediterranean but also the major part of the southern shore of the western Mediterranean, the Black Sea—a “Turkish lake” until the 1780s—the Red Sea, and part of the Arab/Persian Gulf.Geography gave the sea adecisive role in the trade that took place in the Ottoman Empire both internationally and domestically. The figures given concerning They are presented money of account in use in France 36 Daniel, Panzac, “Négociants ottomans et activité maritime à Istanbul a la fin du XVIIIe siècle,” in Mélanges Professeur Robert Mantran (Zaghouan: Ceromah. 1988), pp. 187–99. Google Scholar 37 Idem, “Négociants ottomans et capitaines français: la cara",2026-07-15T02:33:47Z,Case-specific scholarship documents trade or engagement inconsistent with a blanket closure label.,Seshat Cliopatria; Maddison Project Database 2023; Clio-Infra; HYDE; V-Dem v16; Correlates of War Formal Alliances v4.1; Polity5
19,オスマン帝国（後期）,AD1600-AD1922,outcome,disrupted,historical_event_supported_category_is_project_interpretation,The rise and fall of the Ottoman Empire | Britannica,Encyclopaedia Britannica,https://www.britannica.com/summary/Ottoman-Empire,"Article, chapter, or dataset overview; relevant text is reproduced in source_excerpt","The rise and fall of the Ottoman Empire | Britannica # Ottoman Empire summary ## Explore the rise and fall of the Ottoman Empire Below is the article summary. For the full article, see Ottoman Empire. Ottoman Empire, Former empire centred in Anatolia. The Ottoman Empire was named for Osman I (1259–1326), a Turkish Muslim prince in Bithynia who conquered neighbouring regions once held by the Seljūq dynasty and founded his own ruling line c. 1300. Ottoman troops first invaded Europe in 1345, sweeping through the Balkans. Though defeated by Timur in 1402, by 1453 the Ottomans, under Mehmed II(the Conquerer), had destroyed the Byzantine Empire and captured its capital, Constantinople (now Istanbul), which henceforth served as the Ottoman capital. Under Selim I (r. 1512–20) and his son Süleyman I(the Magnificent; r. 1520–66), the Ottoman Empire reached its greatest peak. Süleyman took control of parts of Persia, most of Arabia, and large sections of Hungary and",2026-07-15T02:33:47Z,The source documents the polity history or terminal event. The three-category outcome is an AI-assisted project classification rather than a source variable.,Seshat Cliopatria; Maddison Project Database 2023; Clio-Infra; HYDE; V-Dem v16; Correlates of War Formal Alliances v4.1; Polity5
19,オスマン帝国（後期）,AD1600-AD1922,has_external_patron,0,legacy_zero_not_independently_verified,The rise and fall of the Ottoman Empire | Britannica,Encyclopaedia Britannica,https://www.britannica.com/summary/Ottoman-Empire,"Article, chapter, or dataset overview; relevant text is reproduced in source_excerpt","The rise and fall of the Ottoman Empire | Britannica # Ottoman Empire summary ## Explore the rise and fall of the Ottoman Empire Below is the article summary. For the full article, see Ottoman Empire. Ottoman Empire, Former empire centred in Anatolia. The Ottoman Empire was named for Osman I (1259–1326), a Turkish Muslim prince in Bithynia who conquered neighbouring regions once held by the Seljūq dynasty and founded his own ruling line c. 1300. Ottoman troops first invaded Europe in 1345, sweeping through the Balkans. Though defeated by Timur in 1402, by 1453 the Ottomans, under Mehmed II(the Conquerer), had destroyed the Byzantine Empire and captured its capital, Constantinople (now Istanbul), which henceforth served as the Ottoman capital. Under Selim I (r. 1512–20) and his son Süleyman I(the Magnificent; r. 1520–66), the Ottoman Empire reached its greatest peak. Süleyman took control of parts of Persia, most of Arabia, and large sections of Hungary and",2026-07-15T02:33:47Z,A zero is the legacy absence coding; no source proves absence of every possible patron relationship.,Seshat Cliopatria; Maddison Project Database 2023; Clio-Infra; HYDE; V-Dem v16; Correlates of War Formal Alliances v4.1; Polity5
20,明朝中国,AD1368-AD1644,entity,明朝中国,supported_by_reference_overview,History of China - The Ming dynasty | Britannica,Encyclopaedia Britannica,https://www.britannica.com/topic/history-of-China/The-Ming-dynasty,"Article, chapter, or dataset overview; relevant text is reproduced in source_excerpt","History of China - The Ming dynasty | Britannica # The Ming dynasty ## Political history Ineptitude on the throne, bureaucratic factionalism at court, rivalries among Mongol generals, and ineffective supervision and coordination of provincial and local administration had gravely weakened the Yuan government by the 1340s. And in 1351 disastrous flooding of the Huang and Huai river basins aroused hundreds of thousands of long-oppressed Chinese farmers into open rebellion in northern Anhui, southern Henan, and northern Hubei provinces. Rebel movements, capitalizing on the breakdown of Yuan control, spread rapidly and widely, especially throughout central China. By the mid-1360s, large regional states had been created that openly flouted Yuan authority: Song in the Huai basin, under the nominal leadership of a mixed Manichaean-Buddhist secret-society leader named Han Lin’er; Han in the central Yangtze valley, under a onetime fisherman named Chen Youliang; Xia in Sichuan, under an",2026-07-15T02:33:47Z,The cited reference identifies the polity or political unit.,Seshat Cliopatria; Maddison Project Database 2023; Clio-Infra; HYDE
20,明朝中国,AD1368-AD1644,period,AD1368-AD1644,polity_chronology_supported_project_window_interpretive,History of China - The Ming dynasty | Britannica,Encyclopaedia Britannica,https://www.britannica.com/topic/history-of-China/The-Ming-dynasty,"Article, chapter, or dataset overview; relevant text is reproduced in source_excerpt","History of China - The Ming dynasty | Britannica # The Ming dynasty ## Political history Ineptitude on the throne, bureaucratic factionalism at court, rivalries among Mongol generals, and ineffective supervision and coordination of provincial and local administration had gravely weakened the Yuan government by the 1340s. And in 1351 disastrous flooding of the Huang and Huai river basins aroused hundreds of thousands of long-oppressed Chinese farmers into open rebellion in northern Anhui, southern Henan, and northern Hubei provinces. Rebel movements, capitalizing on the breakdown of Yuan control, spread rapidly and widely, especially throughout central China. By the mid-1360s, large regional states had been created that openly flouted Yuan authority: Song in the Huai basin, under the nominal leadership of a mixed Manichaean-Buddhist secret-society leader named Han Lin’er; Han in the central Yangtze valley, under a onetime fisherman named Chen Youliang; Xia in Sichuan, under an",2026-07-15T02:33:47Z,The source supports the polity chronology; split periods and policy windows are project-defined analytical intervals.,Seshat Cliopatria; Maddison Project Database 2023; Clio-Infra; HYDE
20,明朝中国,AD1368-AD1644,closure_type,maritime_ban,supported,"The Ming Maritime Trade Policy in Transition, 1368 to 1567 - Kangying Li - Google Books",Google Books catalog record,https://books.google.com/books/about/The_Ming_Maritime_Trade_Policy_in_Transi.html?id=srGEMarSWLYC,"Article, chapter, or dataset overview; relevant text is reproduced in source_excerpt","# The Ming Maritime Trade Policy in Transition, 1368 to 1567 The Ming maritime policy in transition, 1368-1567"" is an unprecedented structural approach to one of the most puzzling phenomena in Chinese early modern history: the maritime trade prohibition from 1368 to 1567. This policy deliberately interdicted its own people from sailing abroad and prevented foreigners from entering China unless they were part of an official tribute mission. Other than treating this phenomenon as an isolated trade policy or defense strategy the author analyzes the policy against the general Chinese historical background from the fourteenth to sixteenth centuries. He approaches the policy as a superstructure established on the foundation of a compatible ideology, the social context, economic institutions and the political power landscape. The 200 years long process of the policy in transition is hence investigated as a 200 years course that witnessed the general transformation of the Ming ideological, soc",2026-07-15T02:33:47Z,"The source directly supports the policy or bloc classification, subject to the project definition.",Seshat Cliopatria; Maddison Project Database 2023; Clio-Infra; HYDE
20,明朝中国,AD1368-AD1644,outcome,overtaken,historical_event_supported_category_is_project_interpretation,History of China - The Ming dynasty | Britannica,Encyclopaedia Britannica,https://www.britannica.com/topic/history-of-China/The-Ming-dynasty,"Article, chapter, or dataset overview; relevant text is reproduced in source_excerpt","History of China - The Ming dynasty | Britannica # The Ming dynasty ## Political history Ineptitude on the throne, bureaucratic factionalism at court, rivalries among Mongol generals, and ineffective supervision and coordination of provincial and local administration had gravely weakened the Yuan government by the 1340s. And in 1351 disastrous flooding of the Huang and Huai river basins aroused hundreds of thousands of long-oppressed Chinese farmers into open rebellion in northern Anhui, southern Henan, and northern Hubei provinces. Rebel movements, capitalizing on the breakdown of Yuan control, spread rapidly and widely, especially throughout central China. By the mid-1360s, large regional states had been created that openly flouted Yuan authority: Song in the Huai basin, under the nominal leadership of a mixed Manichaean-Buddhist secret-society leader named Han Lin’er; Han in the central Yangtze valley, under a onetime fisherman named Chen Youliang; Xia in Sichuan, under an",2026-07-15T02:33:47Z,The source documents the polity history or terminal event. The three-category outcome is an AI-assisted project classification rather than a source variable.,Seshat Cliopatria; Maddison Project Database 2023; Clio-Infra; HYDE
20,明朝中国,AD1368-AD1644,has_external_patron,0,legacy_zero_not_independently_verified,History of China - The Ming dynasty | Britannica,Encyclopaedia Britannica,https://www.britannica.com/topic/history-of-China/The-Ming-dynasty,"Article, chapter, or dataset overview; relevant text is reproduced in source_excerpt","History of China - The Ming dynasty | Britannica # The Ming dynasty ## Political history Ineptitude on the throne, bureaucratic factionalism at court, rivalries among Mongol generals, and ineffective supervision and coordination of provincial and local administration had gravely weakened the Yuan government by the 1340s. And in 1351 disastrous flooding of the Huang and Huai river basins aroused hundreds of thousands of long-oppressed Chinese farmers into open rebellion in northern Anhui, southern Henan, and northern Hubei provinces. Rebel movements, capitalizing on the breakdown of Yuan control, spread rapidly and widely, especially throughout central China. By the mid-1360s, large regional states had been created that openly flouted Yuan authority: Song in the Huai basin, under the nominal leadership of a mixed Manichaean-Buddhist secret-society leader named Han Lin’er; Han in the central Yangtze valley, under a onetime fisherman named Chen Youliang; Xia in Sichuan, under an",2026-07-15T02:33:47Z,A zero is the legacy absence coding; no source proves absence of every possible patron relationship.,Seshat Cliopatria; Maddison Project Database 2023; Clio-Infra; HYDE
21,清朝中国（前期）,AD1644-AD1800,entity,清朝中国（前期）,supported_by_reference_overview,"Qing dynasty | Definition, History, Map, Time Period, Emperors, Achievements, & Facts | Britannica",Encyclopaedia Britannica,https://www.britannica.com/topic/Qing-dynasty,"Article, chapter, or dataset overview; relevant text is reproduced in source_excerpt","Qing dynasty | Definition, History, Map, Time Period, Emperors, Achievements, & Facts | Britannica # Qing dynasty Also known as: Ch’ing dynasty, Manchu dynasty, Manzu dynasty ### What is the Qing dynasty? The Qing (or Ch’ing) dynasty, also called the Manchu(or Manzu) dynasty, was the last of the imperial dynasties of China, spanning from 1644 to 1911/12. ### Where was the Qing dynasty located? The Qing dynasty was primarily located in what is now China and Mongolia, along with parts of Russia. ### When was the Qing dynasty established? The Qing dynasty was established in 1636 by the Manchus to designate their regime in Manchuria, in what is now northeastern China. It became the imperial dynasty of all of China in 1644 after the reigning Ming dynasty called upon the Manchus for military assistance. The Manchus used that opening to declare their own imperial rule. ### What did the Qing dynasty accomplish? Under the Qing dynasty the territory of",2026-07-15T02:33:47Z,The cited reference identifies the polity or political unit.,Seshat Cliopatria; Maddison Project Database 2023; Clio-Infra; HYDE; V-Dem v16; Polity5
21,清朝中国（前期）,AD1644-AD1800,period,AD1644-AD1800,polity_chronology_supported_project_window_interpretive,"Qing dynasty | Definition, History, Map, Time Period, Emperors, Achievements, & Facts | Britannica",Encyclopaedia Britannica,https://www.britannica.com/topic/Qing-dynasty,"Article, chapter, or dataset overview; relevant text is reproduced in source_excerpt","Qing dynasty | Definition, History, Map, Time Period, Emperors, Achievements, & Facts | Britannica # Qing dynasty Also known as: Ch’ing dynasty, Manchu dynasty, Manzu dynasty ### What is the Qing dynasty? The Qing (or Ch’ing) dynasty, also called the Manchu(or Manzu) dynasty, was the last of the imperial dynasties of China, spanning from 1644 to 1911/12. ### Where was the Qing dynasty located? The Qing dynasty was primarily located in what is now China and Mongolia, along with parts of Russia. ### When was the Qing dynasty established? The Qing dynasty was established in 1636 by the Manchus to designate their regime in Manchuria, in what is now northeastern China. It became the imperial dynasty of all of China in 1644 after the reigning Ming dynasty called upon the Manchus for military assistance. The Manchus used that opening to declare their own imperial rule. ### What did the Qing dynasty accomplish? Under the Qing dynasty the territory of",2026-07-15T02:33:47Z,The source supports the polity chronology; split periods and policy windows are project-defined analytical intervals.,Seshat Cliopatria; Maddison Project Database 2023; Clio-Infra; HYDE; V-Dem v16; Polity5
21,清朝中国（前期）,AD1644-AD1800,closure_type,maritime_ban,contested_partial_restriction,"in Angela Schottenhammer (ed.), Trading Networks in Early Modern [East Asian Maritime History, 9]. (Wiesbaden: Otto Harrassowitz, 2010), 101-154.",University of Trieste,https://moodle2.units.it/pluginfile.php/274481/mod_resource/content/1/Schottenhammer_Characteristics_of_Qing_Chinas_Maritime%20Trade%20Politics_2010.pdf,"Article, chapter, or dataset overview; relevant text is reproduced in source_excerpt","Studies of “international” trade relations in imperial China often give the impres sion that the Chinese were not really interested in foreign trade as a commercial undertaking and that all they would tolerate was a form of official tribute trade. Government measures such as the well-known “maritime trade prohibition policy” (haijin 海禁) of the early Ming (1368–1644) rulers – which lasted after all for some 200 years from 1371 to 1567 – contributed a lot to this picture. It has been consid ered a proof of the hostile attitude of the Ming government towards maritime trade and commercial activities in general. But also the treatment of foreigners and for eign (maritime) trade by the Manchu rulers of the Qing dynasty (1644–1911) has often been generalized and consequently been regarded as negative – with occasions such as the famous, and eventually unsuccessful embassy by Lord George Mac artney (1737–1806) in 1793 serving as evidence. 1 The Chinese, it is said, only re garded themselves in",2026-07-15T02:33:47Z,"Restrictions existed, but scholarship describes regulated engagement and substantial variation over time.",Seshat Cliopatria; Maddison Project Database 2023; Clio-Infra; HYDE; V-Dem v16; Polity5
21,清朝中国（前期）,AD1644-AD1800,outcome,survived,historical_event_supported_category_is_project_interpretation,"Qing dynasty | Definition, History, Map, Time Period, Emperors, Achievements, & Facts | Britannica",Encyclopaedia Britannica,https://www.britannica.com/topic/Qing-dynasty,"Article, chapter, or dataset overview; relevant text is reproduced in source_excerpt","Qing dynasty | Definition, History, Map, Time Period, Emperors, Achievements, & Facts | Britannica # Qing dynasty Also known as: Ch’ing dynasty, Manchu dynasty, Manzu dynasty ### What is the Qing dynasty? The Qing (or Ch’ing) dynasty, also called the Manchu(or Manzu) dynasty, was the last of the imperial dynasties of China, spanning from 1644 to 1911/12. ### Where was the Qing dynasty located? The Qing dynasty was primarily located in what is now China and Mongolia, along with parts of Russia. ### When was the Qing dynasty established? The Qing dynasty was established in 1636 by the Manchus to designate their regime in Manchuria, in what is now northeastern China. It became the imperial dynasty of all of China in 1644 after the reigning Ming dynasty called upon the Manchus for military assistance. The Manchus used that opening to declare their own imperial rule. ### What did the Qing dynasty accomplish? Under the Qing dynasty the territory of",2026-07-15T02:33:47Z,The source documents the polity history or terminal event. The three-category outcome is an AI-assisted project classification rather than a source variable.,Seshat Cliopatria; Maddison Project Database 2023; Clio-Infra; HYDE; V-Dem v16; Polity5
21,清朝中国（前期）,AD1644-AD1800,has_external_patron,0,legacy_zero_not_independently_verified,"Qing dynasty | Definition, History, Map, Time Period, Emperors, Achievements, & Facts | Britannica",Encyclopaedia Britannica,https://www.britannica.com/topic/Qing-dynasty,"Article, chapter, or dataset overview; relevant text is reproduced in source_excerpt","Qing dynasty | Definition, History, Map, Time Period, Emperors, Achievements, & Facts | Britannica # Qing dynasty Also known as: Ch’ing dynasty, Manchu dynasty, Manzu dynasty ### What is the Qing dynasty? The Qing (or Ch’ing) dynasty, also called the Manchu(or Manzu) dynasty, was the last of the imperial dynasties of China, spanning from 1644 to 1911/12. ### Where was the Qing dynasty located? The Qing dynasty was primarily located in what is now China and Mongolia, along with parts of Russia. ### When was the Qing dynasty established? The Qing dynasty was established in 1636 by the Manchus to designate their regime in Manchuria, in what is now northeastern China. It became the imperial dynasty of all of China in 1644 after the reigning Ming dynasty called upon the Manchus for military assistance. The Manchus used that opening to declare their own imperial rule. ### What did the Qing dynasty accomplish? Under the Qing dynasty the territory of",2026-07-15T02:33:47Z,A zero is the legacy absence coding; no source proves absence of every possible patron relationship.,Seshat Cliopatria; Maddison Project Database 2023; Clio-Infra; HYDE; V-Dem v16; Polity5
22,清朝中国（後期）,AD1800-AD1912,entity,清朝中国（後期）,supported_by_reference_overview,"Qing dynasty | Definition, History, Map, Time Period, Emperors, Achievements, & Facts | Britannica",Encyclopaedia Britannica,https://www.britannica.com/topic/Qing-dynasty,"Article, chapter, or dataset overview; relevant text is reproduced in source_excerpt","Qing dynasty | Definition, History, Map, Time Period, Emperors, Achievements, & Facts | Britannica # Qing dynasty Also known as: Ch’ing dynasty, Manchu dynasty, Manzu dynasty ### What is the Qing dynasty? The Qing (or Ch’ing) dynasty, also called the Manchu(or Manzu) dynasty, was the last of the imperial dynasties of China, spanning from 1644 to 1911/12. ### Where was the Qing dynasty located? The Qing dynasty was primarily located in what is now China and Mongolia, along with parts of Russia. ### When was the Qing dynasty established? The Qing dynasty was established in 1636 by the Manchus to designate their regime in Manchuria, in what is now northeastern China. It became the imperial dynasty of all of China in 1644 after the reigning Ming dynasty called upon the Manchus for military assistance. The Manchus used that opening to declare their own imperial rule. ### What did the Qing dynasty accomplish? Under the Qing dynasty the territory of",2026-07-15T02:33:47Z,The cited reference identifies the polity or political unit.,Seshat Cliopatria; Maddison Project Database 2023; Clio-Infra; HYDE; V-Dem v16; Correlates of War Formal Alliances v4.1; Polity5
22,清朝中国（後期）,AD1800-AD1912,period,AD1800-AD1912,polity_chronology_supported_project_window_interpretive,"Qing dynasty | Definition, History, Map, Time Period, Emperors, Achievements, & Facts | Britannica",Encyclopaedia Britannica,https://www.britannica.com/topic/Qing-dynasty,"Article, chapter, or dataset overview; relevant text is reproduced in source_excerpt","Qing dynasty | Definition, History, Map, Time Period, Emperors, Achievements, & Facts | Britannica # Qing dynasty Also known as: Ch’ing dynasty, Manchu dynasty, Manzu dynasty ### What is the Qing dynasty? The Qing (or Ch’ing) dynasty, also called the Manchu(or Manzu) dynasty, was the last of the imperial dynasties of China, spanning from 1644 to 1911/12. ### Where was the Qing dynasty located? The Qing dynasty was primarily located in what is now China and Mongolia, along with parts of Russia. ### When was the Qing dynasty established? The Qing dynasty was established in 1636 by the Manchus to designate their regime in Manchuria, in what is now northeastern China. It became the imperial dynasty of all of China in 1644 after the reigning Ming dynasty called upon the Manchus for military assistance. The Manchus used that opening to declare their own imperial rule. ### What did the Qing dynasty accomplish? Under the Qing dynasty the territory of",2026-07-15T02:33:47Z,The source supports the polity chronology; split periods and policy windows are project-defined analytical intervals.,Seshat Cliopatria; Maddison Project Database 2023; Clio-Infra; HYDE; V-Dem v16; Correlates of War Formal Alliances v4.1; Polity5
22,清朝中国（後期）,AD1800-AD1912,closure_type,maritime_ban,contested_partial_restriction,"in Angela Schottenhammer (ed.), Trading Networks in Early Modern [East Asian Maritime History, 9]. (Wiesbaden: Otto Harrassowitz, 2010), 101-154.",University of Trieste,https://moodle2.units.it/pluginfile.php/274481/mod_resource/content/1/Schottenhammer_Characteristics_of_Qing_Chinas_Maritime%20Trade%20Politics_2010.pdf,"Article, chapter, or dataset overview; relevant text is reproduced in source_excerpt","Studies of “international” trade relations in imperial China often give the impres sion that the Chinese were not really interested in foreign trade as a commercial undertaking and that all they would tolerate was a form of official tribute trade. Government measures such as the well-known “maritime trade prohibition policy” (haijin 海禁) of the early Ming (1368–1644) rulers – which lasted after all for some 200 years from 1371 to 1567 – contributed a lot to this picture. It has been consid ered a proof of the hostile attitude of the Ming government towards maritime trade and commercial activities in general. But also the treatment of foreigners and for eign (maritime) trade by the Manchu rulers of the Qing dynasty (1644–1911) has often been generalized and consequently been regarded as negative – with occasions such as the famous, and eventually unsuccessful embassy by Lord George Mac artney (1737–1806) in 1793 serving as evidence. 1 The Chinese, it is said, only re garded themselves in",2026-07-15T02:33:47Z,"Restrictions existed, but scholarship describes regulated engagement and substantial variation over time.",Seshat Cliopatria; Maddison Project Database 2023; Clio-Infra; HYDE; V-Dem v16; Correlates of War Formal Alliances v4.1; Polity5
22,清朝中国（後期）,AD1800-AD1912,outcome,overtaken,historical_event_supported_category_is_project_interpretation,"Qing dynasty | Definition, History, Map, Time Period, Emperors, Achievements, & Facts | Britannica",Encyclopaedia Britannica,https://www.britannica.com/topic/Qing-dynasty,"Article, chapter, or dataset overview; relevant text is reproduced in source_excerpt","Qing dynasty | Definition, History, Map, Time Period, Emperors, Achievements, & Facts | Britannica # Qing dynasty Also known as: Ch’ing dynasty, Manchu dynasty, Manzu dynasty ### What is the Qing dynasty? The Qing (or Ch’ing) dynasty, also called the Manchu(or Manzu) dynasty, was the last of the imperial dynasties of China, spanning from 1644 to 1911/12. ### Where was the Qing dynasty located? The Qing dynasty was primarily located in what is now China and Mongolia, along with parts of Russia. ### When was the Qing dynasty established? The Qing dynasty was established in 1636 by the Manchus to designate their regime in Manchuria, in what is now northeastern China. It became the imperial dynasty of all of China in 1644 after the reigning Ming dynasty called upon the Manchus for military assistance. The Manchus used that opening to declare their own imperial rule. ### What did the Qing dynasty accomplish? Under the Qing dynasty the territory of",2026-07-15T02:33:47Z,The source documents the polity history or terminal event. The three-category outcome is an AI-assisted project classification rather than a source variable.,Seshat Cliopatria; Maddison Project Database 2023; Clio-Infra; HYDE; V-Dem v16; Correlates of War Formal Alliances v4.1; Polity5
22,清朝中国（後期）,AD1800-AD1912,has_external_patron,0,legacy_zero_not_independently_verified,"Qing dynasty | Definition, History, Map, Time Period, Emperors, Achievements, & Facts | Britannica",Encyclopaedia Britannica,https://www.britannica.com/topic/Qing-dynasty,"Article, chapter, or dataset overview; relevant text is reproduced in source_excerpt","Qing dynasty | Definition, History, Map, Time Period, Emperors, Achievements, & Facts | Britannica # Qing dynasty Also known as: Ch’ing dynasty, Manchu dynasty, Manzu dynasty ### What is the Qing dynasty? The Qing (or Ch’ing) dynasty, also called the Manchu(or Manzu) dynasty, was the last of the imperial dynasties of China, spanning from 1644 to 1911/12. ### Where was the Qing dynasty located? The Qing dynasty was primarily located in what is now China and Mongolia, along with parts of Russia. ### When was the Qing dynasty established? The Qing dynasty was established in 1636 by the Manchus to designate their regime in Manchuria, in what is now northeastern China. It became the imperial dynasty of all of China in 1644 after the reigning Ming dynasty called upon the Manchus for military assistance. The Manchus used that opening to declare their own imperial rule. ### What did the Qing dynasty accomplish? Under the Qing dynasty the territory of",2026-07-15T02:33:47Z,A zero is the legacy absence coding; no source proves absence of every possible patron relationship.,Seshat Cliopatria; Maddison Project Database 2023; Clio-Infra; HYDE; V-Dem v16; Correlates of War Formal Alliances v4.1; Polity5
23,李朝朝鮮,AD1392-AD1897,entity,李朝朝鮮,supported_by_reference_overview,"Joseon dynasty | Definition, History, Achievements, & Facts | Britannica",Encyclopaedia Britannica,https://www.britannica.com/topic/Joseon-dynasty,"Article, chapter, or dataset overview; relevant text is reproduced in source_excerpt","Joseon dynasty | Definition, History, Achievements, & Facts | Britannica # Joseon dynasty Also known as: Chosŏn dynasty, Yi dynasty What was the Joseon dynasty? The Joseon dynasty was the last and longest-lived imperial dynasty of Korea, lasting from 1392 to 1910. General Yi Seong-Gye founded the dynasty and established the capital at Hanyang (present-day Seoul), naming the kingdom Joseon. The dynasty is also referred to as the Yi dynasty, after its ruling family. Joseon society was heavily influenced by Chinese culture, adopting Neo-Confucianism as its state ideology and modeling its administration after the Chinese bureaucracy. The dynasty saw a flourishing of scholarship, including the creation of Hangul, the Korean phonetic alphabet, under King Sejong in 1443. Korea maintained an isolationist policy until the late 19th century when it was forced to open up to trade with Japan and the West. In 1910, Japan formally annexed Korea, bringing the Joseon dynasty to an",2026-07-15T02:33:47Z,The cited reference identifies the polity or political unit.,Seshat Cliopatria; Maddison Project Database 2023; Clio-Infra; HYDE; V-Dem v16; Correlates of War Formal Alliances v4.1; Polity5
23,李朝朝鮮,AD1392-AD1897,period,AD1392-AD1897,polity_chronology_supported_project_window_interpretive,"Joseon dynasty | Definition, History, Achievements, & Facts | Britannica",Encyclopaedia Britannica,https://www.britannica.com/topic/Joseon-dynasty,"Article, chapter, or dataset overview; relevant text is reproduced in source_excerpt","Joseon dynasty | Definition, History, Achievements, & Facts | Britannica # Joseon dynasty Also known as: Chosŏn dynasty, Yi dynasty What was the Joseon dynasty? The Joseon dynasty was the last and longest-lived imperial dynasty of Korea, lasting from 1392 to 1910. General Yi Seong-Gye founded the dynasty and established the capital at Hanyang (present-day Seoul), naming the kingdom Joseon. The dynasty is also referred to as the Yi dynasty, after its ruling family. Joseon society was heavily influenced by Chinese culture, adopting Neo-Confucianism as its state ideology and modeling its administration after the Chinese bureaucracy. The dynasty saw a flourishing of scholarship, including the creation of Hangul, the Korean phonetic alphabet, under King Sejong in 1443. Korea maintained an isolationist policy until the late 19th century when it was forced to open up to trade with Japan and the West. In 1910, Japan formally annexed Korea, bringing the Joseon dynasty to an",2026-07-15T02:33:47Z,The source supports the polity chronology; split periods and policy windows are project-defined analytical intervals.,Seshat Cliopatria; Maddison Project Database 2023; Clio-Infra; HYDE; V-Dem v16; Correlates of War Formal Alliances v4.1; Polity5
23,李朝朝鮮,AD1392-AD1897,closure_type,sakoku,supported,Korean History Seen with the Seas,The Korean History Review,https://doi.org/10.16912/tkhr.2016.12.232.147,"Article, chapter, or dataset overview; relevant text is reproduced in source_excerpt",Abstract documents Joseon sea-prohibition and empty-island measures.,2026-07-15T02:33:47Z,"The source directly supports the policy or bloc classification, subject to the project definition.",Seshat Cliopatria; Maddison Project Database 2023; Clio-Infra; HYDE; V-Dem v16; Correlates of War Formal Alliances v4.1; Polity5
23,李朝朝鮮,AD1392-AD1897,outcome,overtaken,historical_event_supported_category_is_project_interpretation,"Joseon dynasty | Definition, History, Achievements, & Facts | Britannica",Encyclopaedia Britannica,https://www.britannica.com/topic/Joseon-dynasty,"Article, chapter, or dataset overview; relevant text is reproduced in source_excerpt","Joseon dynasty | Definition, History, Achievements, & Facts | Britannica # Joseon dynasty Also known as: Chosŏn dynasty, Yi dynasty What was the Joseon dynasty? The Joseon dynasty was the last and longest-lived imperial dynasty of Korea, lasting from 1392 to 1910. General Yi Seong-Gye founded the dynasty and established the capital at Hanyang (present-day Seoul), naming the kingdom Joseon. The dynasty is also referred to as the Yi dynasty, after its ruling family. Joseon society was heavily influenced by Chinese culture, adopting Neo-Confucianism as its state ideology and modeling its administration after the Chinese bureaucracy. The dynasty saw a flourishing of scholarship, including the creation of Hangul, the Korean phonetic alphabet, under King Sejong in 1443. Korea maintained an isolationist policy until the late 19th century when it was forced to open up to trade with Japan and the West. In 1910, Japan formally annexed Korea, bringing the Joseon dynasty to an",2026-07-15T02:33:47Z,The source documents the polity history or terminal event. The three-category outcome is an AI-assisted project classification rather than a source variable.,Seshat Cliopatria; Maddison Project Database 2023; Clio-Infra; HYDE; V-Dem v16; Correlates of War Formal Alliances v4.1; Polity5
23,李朝朝鮮,AD1392-AD1897,has_external_patron,0,legacy_zero_not_independently_verified,"Joseon dynasty | Definition, History, Achievements, & Facts | Britannica",Encyclopaedia Britannica,https://www.britannica.com/topic/Joseon-dynasty,"Article, chapter, or dataset overview; relevant text is reproduced in source_excerpt","Joseon dynasty | Definition, History, Achievements, & Facts | Britannica # Joseon dynasty Also known as: Chosŏn dynasty, Yi dynasty What was the Joseon dynasty? The Joseon dynasty was the last and longest-lived imperial dynasty of Korea, lasting from 1392 to 1910. General Yi Seong-Gye founded the dynasty and established the capital at Hanyang (present-day Seoul), naming the kingdom Joseon. The dynasty is also referred to as the Yi dynasty, after its ruling family. Joseon society was heavily influenced by Chinese culture, adopting Neo-Confucianism as its state ideology and modeling its administration after the Chinese bureaucracy. The dynasty saw a flourishing of scholarship, including the creation of Hangul, the Korean phonetic alphabet, under King Sejong in 1443. Korea maintained an isolationist policy until the late 19th century when it was forced to open up to trade with Japan and the West. In 1910, Japan formally annexed Korea, bringing the Joseon dynasty to an",2026-07-15T02:33:47Z,A zero is the legacy absence coding; no source proves absence of every possible patron relationship.,Seshat Cliopatria; Maddison Project Database 2023; Clio-Infra; HYDE; V-Dem v16; Correlates of War Formal Alliances v4.1; Polity5
24,徳川日本,AD1603-AD1868,entity,徳川日本,supported_by_reference_overview,Tokugawa period Facts | Britannica,Encyclopaedia Britannica,https://www.britannica.com/facts/Tokugawa-period,"Article, chapter, or dataset overview; relevant text is reproduced in source_excerpt","Tokugawa period Facts | Britannica # Tokugawa period: Facts & Related Content | Also Known As | Edo period | | --- | --- | | Date | 1603 - 1867 | | Location | Japan | - One of the primary goals of the Tokugawa shogunate was to keep Christianity away from Japan, and the 300,000 Japanese Christians were heavily persecuted. Confucianism was the promoted religion. - The Tokugawa period is regarded as the final period of Japanese traditional government (the shogunate), preceding the onset of Japanese westernization.",2026-07-15T02:33:47Z,The cited reference identifies the polity or political unit.,Seshat Cliopatria; Maddison Project Database 2023; Clio-Infra; HYDE; V-Dem v16; Correlates of War Formal Alliances v4.1; Polity5
24,徳川日本,AD1603-AD1868,period,AD1603-AD1868,polity_chronology_supported_project_window_interpretive,Tokugawa period Facts | Britannica,Encyclopaedia Britannica,https://www.britannica.com/facts/Tokugawa-period,"Article, chapter, or dataset overview; relevant text is reproduced in source_excerpt","Tokugawa period Facts | Britannica # Tokugawa period: Facts & Related Content | Also Known As | Edo period | | --- | --- | | Date | 1603 - 1867 | | Location | Japan | - One of the primary goals of the Tokugawa shogunate was to keep Christianity away from Japan, and the 300,000 Japanese Christians were heavily persecuted. Confucianism was the promoted religion. - The Tokugawa period is regarded as the final period of Japanese traditional government (the shogunate), preceding the onset of Japanese westernization.",2026-07-15T02:33:47Z,The source supports the polity chronology; split periods and policy windows are project-defined analytical intervals.,Seshat Cliopatria; Maddison Project Database 2023; Clio-Infra; HYDE; V-Dem v16; Correlates of War Formal Alliances v4.1; Polity5
24,徳川日本,AD1603-AD1868,closure_type,sakoku,contested_partial_restriction,"Japan and the World, 1450-1770: Was Japan a ""Closed Country?"" - Association for Asian Studies",Association for Asian Studies,https://www.asianstudies.org/publications/eaa/archives/japan-and-the-world-1450-1770-was-japan-a-closed-country/,"Article, chapter, or dataset overview; relevant text is reproduced in source_excerpt","Half-truths make the world go round. One conceit American pundits seem most determined to nurture is that in 1853 the US “opened” Japan to “civilization,” ending its days as a backward “closed country” (sakoku). Even though scholars—Ronald Toby most convincingly—established decades ago that Japan was not “closed,” the notion lives on in popular culture and public perceptions.1 The implication that Japan was “closed” in a different and unique sense, however, will not stand scrutiny. That is so even though it was a set of islands separated from adjacent terra firma by shallow straits filled with fast currents and choppy water, which made transit a dangerous and scary business. Even during the years 1600 to 1853, when the Tokugawa-led ruling elite tried—sometimes very firmly—to regulate overseas contacts in a manner advantageous to its own interests, Japan was never a uniquely “closed” country. 1600-1770. Japan’s relationship with the world during these 170 years is perhaps best examined ",2026-07-15T02:33:47Z,"Restrictions existed, but scholarship describes regulated engagement and substantial variation over time.",Seshat Cliopatria; Maddison Project Database 2023; Clio-Infra; HYDE; V-Dem v16; Correlates of War Formal Alliances v4.1; Polity5
24,徳川日本,AD1603-AD1868,outcome,disrupted,historical_event_supported_category_is_project_interpretation,Tokugawa period Facts | Britannica,Encyclopaedia Britannica,https://www.britannica.com/facts/Tokugawa-period,"Article, chapter, or dataset overview; relevant text is reproduced in source_excerpt","Tokugawa period Facts | Britannica # Tokugawa period: Facts & Related Content | Also Known As | Edo period | | --- | --- | | Date | 1603 - 1867 | | Location | Japan | - One of the primary goals of the Tokugawa shogunate was to keep Christianity away from Japan, and the 300,000 Japanese Christians were heavily persecuted. Confucianism was the promoted religion. - The Tokugawa period is regarded as the final period of Japanese traditional government (the shogunate), preceding the onset of Japanese westernization.",2026-07-15T02:33:47Z,The source documents the polity history or terminal event. The three-category outcome is an AI-assisted project classification rather than a source variable.,Seshat Cliopatria; Maddison Project Database 2023; Clio-Infra; HYDE; V-Dem v16; Correlates of War Formal Alliances v4.1; Polity5
24,徳川日本,AD1603-AD1868,has_external_patron,0,legacy_zero_not_independently_verified,Tokugawa period Facts | Britannica,Encyclopaedia Britannica,https://www.britannica.com/facts/Tokugawa-period,"Article, chapter, or dataset overview; relevant text is reproduced in source_excerpt","Tokugawa period Facts | Britannica # Tokugawa period: Facts & Related Content | Also Known As | Edo period | | --- | --- | | Date | 1603 - 1867 | | Location | Japan | - One of the primary goals of the Tokugawa shogunate was to keep Christianity away from Japan, and the 300,000 Japanese Christians were heavily persecuted. Confucianism was the promoted religion. - The Tokugawa period is regarded as the final period of Japanese traditional government (the shogunate), preceding the onset of Japanese westernization.",2026-07-15T02:33:47Z,A zero is the legacy absence coding; no source proves absence of every possible patron relationship.,Seshat Cliopatria; Maddison Project Database 2023; Clio-Infra; HYDE; V-Dem v16; Correlates of War Formal Alliances v4.1; Polity5
25,ムガル帝国（後期）,AD1700-AD1857,entity,ムガル帝国（後期）,supported_by_reference_overview,"India - Mughal Empire, 1526-1761 | Britannica",Encyclopaedia Britannica,https://www.britannica.com/place/India/The-Mughal-Empire-1526-1761,"Article, chapter, or dataset overview; relevant text is reproduced in source_excerpt","India - Mughal Empire, 1526-1761 | Britannica ## The Mughal Empire, 1526–1761 Also known as: Bhārat, Bhāratavarsha, Republic of India The Mughal Empire at its zenith commanded resources unprecedented in Indian history and covered almost the entire subcontinent. From 1556 to 1707, during the heyday of its fabulous wealth and glory, the Mughal Empire was a fairly efficient and centralized organization, with a vast complex of personnel, money, and information dedicated to the service of the emperor and his nobility. Much of the empire’s expansion during that period was attributable to India’s growing commercial and cultural contact with the outside world. The 16th and 17th centuries brought the establishment and expansion of European and non-European trading organizations in the subcontinent, principally for the procurement of Indian goods in demand abroad. Indian regions drew close to each other by means of an enhanced overland and coastal trading network, significantly",2026-07-15T02:33:47Z,The cited reference identifies the polity or political unit.,Seshat Cliopatria; Maddison Project Database 2023; Clio-Infra; HYDE; V-Dem v16; Correlates of War Formal Alliances v4.1; Polity5
25,ムガル帝国（後期）,AD1700-AD1857,period,AD1700-AD1857,polity_chronology_supported_project_window_interpretive,"India - Mughal Empire, 1526-1761 | Britannica",Encyclopaedia Britannica,https://www.britannica.com/place/India/The-Mughal-Empire-1526-1761,"Article, chapter, or dataset overview; relevant text is reproduced in source_excerpt","India - Mughal Empire, 1526-1761 | Britannica ## The Mughal Empire, 1526–1761 Also known as: Bhārat, Bhāratavarsha, Republic of India The Mughal Empire at its zenith commanded resources unprecedented in Indian history and covered almost the entire subcontinent. From 1556 to 1707, during the heyday of its fabulous wealth and glory, the Mughal Empire was a fairly efficient and centralized organization, with a vast complex of personnel, money, and information dedicated to the service of the emperor and his nobility. Much of the empire’s expansion during that period was attributable to India’s growing commercial and cultural contact with the outside world. The 16th and 17th centuries brought the establishment and expansion of European and non-European trading organizations in the subcontinent, principally for the procurement of Indian goods in demand abroad. Indian regions drew close to each other by means of an enhanced overland and coastal trading network, significantly",2026-07-15T02:33:47Z,The source supports the polity chronology; split periods and policy windows are project-defined analytical intervals.,Seshat Cliopatria; Maddison Project Database 2023; Clio-Infra; HYDE; V-Dem v16; Correlates of War Formal Alliances v4.1; Polity5
25,ムガル帝国（後期）,AD1700-AD1857,closure_type,none,legacy_none_not_independently_verified,"India - Mughal Empire, 1526-1761 | Britannica",Encyclopaedia Britannica,https://www.britannica.com/place/India/The-Mughal-Empire-1526-1761,"Article, chapter, or dataset overview; relevant text is reproduced in source_excerpt","India - Mughal Empire, 1526-1761 | Britannica ## The Mughal Empire, 1526–1761 Also known as: Bhārat, Bhāratavarsha, Republic of India The Mughal Empire at its zenith commanded resources unprecedented in Indian history and covered almost the entire subcontinent. From 1556 to 1707, during the heyday of its fabulous wealth and glory, the Mughal Empire was a fairly efficient and centralized organization, with a vast complex of personnel, money, and information dedicated to the service of the emperor and his nobility. Much of the empire’s expansion during that period was attributable to India’s growing commercial and cultural contact with the outside world. The 16th and 17th centuries brought the establishment and expansion of European and non-European trading organizations in the subcontinent, principally for the procurement of Indian goods in demand abroad. Indian regions drew close to each other by means of an enhanced overland and coastal trading network, significantly",2026-07-15T02:33:47Z,No formal closure is asserted; absence of every relevant restriction was not proven.,Seshat Cliopatria; Maddison Project Database 2023; Clio-Infra; HYDE; V-Dem v16; Correlates of War Formal Alliances v4.1; Polity5
25,ムガル帝国（後期）,AD1700-AD1857,outcome,overtaken,historical_event_supported_category_is_project_interpretation,"India - Mughal Empire, 1526-1761 | Britannica",Encyclopaedia Britannica,https://www.britannica.com/place/India/The-Mughal-Empire-1526-1761,"Article, chapter, or dataset overview; relevant text is reproduced in source_excerpt","India - Mughal Empire, 1526-1761 | Britannica ## The Mughal Empire, 1526–1761 Also known as: Bhārat, Bhāratavarsha, Republic of India The Mughal Empire at its zenith commanded resources unprecedented in Indian history and covered almost the entire subcontinent. From 1556 to 1707, during the heyday of its fabulous wealth and glory, the Mughal Empire was a fairly efficient and centralized organization, with a vast complex of personnel, money, and information dedicated to the service of the emperor and his nobility. Much of the empire’s expansion during that period was attributable to India’s growing commercial and cultural contact with the outside world. The 16th and 17th centuries brought the establishment and expansion of European and non-European trading organizations in the subcontinent, principally for the procurement of Indian goods in demand abroad. Indian regions drew close to each other by means of an enhanced overland and coastal trading network, significantly",2026-07-15T02:33:47Z,The source documents the polity history or terminal event. The three-category outcome is an AI-assisted project classification rather than a source variable.,Seshat Cliopatria; Maddison Project Database 2023; Clio-Infra; HYDE; V-Dem v16; Correlates of War Formal Alliances v4.1; Polity5
25,ムガル帝国（後期）,AD1700-AD1857,has_external_patron,0,legacy_zero_not_independently_verified,"India - Mughal Empire, 1526-1761 | Britannica",Encyclopaedia Britannica,https://www.britannica.com/place/India/The-Mughal-Empire-1526-1761,"Article, chapter, or dataset overview; relevant text is reproduced in source_excerpt","India - Mughal Empire, 1526-1761 | Britannica ## The Mughal Empire, 1526–1761 Also known as: Bhārat, Bhāratavarsha, Republic of India The Mughal Empire at its zenith commanded resources unprecedented in Indian history and covered almost the entire subcontinent. From 1556 to 1707, during the heyday of its fabulous wealth and glory, the Mughal Empire was a fairly efficient and centralized organization, with a vast complex of personnel, money, and information dedicated to the service of the emperor and his nobility. Much of the empire’s expansion during that period was attributable to India’s growing commercial and cultural contact with the outside world. The 16th and 17th centuries brought the establishment and expansion of European and non-European trading organizations in the subcontinent, principally for the procurement of Indian goods in demand abroad. Indian regions drew close to each other by means of an enhanced overland and coastal trading network, significantly",2026-07-15T02:33:47Z,A zero is the legacy absence coding; no source proves absence of every possible patron relationship.,Seshat Cliopatria; Maddison Project Database 2023; Clio-Infra; HYDE; V-Dem v16; Correlates of War Formal Alliances v4.1; Polity5
26,サファヴィー朝ペルシア,AD1501-AD1736,entity,サファヴィー朝ペルシア,supported_by_reference_overview,"Safavid dynasty | History, Culture, Religion, & Facts | Britannica",Encyclopaedia Britannica,https://www.britannica.com/topic/Safavid-dynasty,"Article, chapter, or dataset overview; relevant text is reproduced in source_excerpt","Safavid dynasty | History, Culture, Religion, & Facts | Britannica # Safavid dynasty What was the Safavid dynasty? The Safavid dynasty, ruling Iran from 1501 to 1736, significantly shaped Iranian identity by establishing Twelver Shiʿism as the state religion. Originating from Sheikh Ṣafī al-Dīn (1253–1334) of Ardabīl, the dynasty initially followed Sunni jurisprudence but later embraced Shiʿism. Under Ismāʿīl I, with the support of the Kizilbash, the Safavids captured Tabrīz in 1501 and proclaimed Shiʿism despite the Sunni majority. The dynasty faced challenges from the Ottomans and Uzbeks, losing territory but later flourishing under Shah ʿAbbās I, who modernized the army and expanded trade. Despite their Shiʿi zeal, the Safavids tolerated Christians, facilitating the construction of churches and missions. The dynasty declined after Shah ʿAbbās I's death in 1629, ending with the fall of Eṣfahān in 1722 and the deposition of Shah Ṭahmāsp II in 1732. did the Safavid",2026-07-15T02:33:47Z,The cited reference identifies the polity or political unit.,Seshat Cliopatria; Maddison Project Database 2023; Clio-Infra; HYDE
26,サファヴィー朝ペルシア,AD1501-AD1736,period,AD1501-AD1736,polity_chronology_supported_project_window_interpretive,"Safavid dynasty | History, Culture, Religion, & Facts | Britannica",Encyclopaedia Britannica,https://www.britannica.com/topic/Safavid-dynasty,"Article, chapter, or dataset overview; relevant text is reproduced in source_excerpt","Safavid dynasty | History, Culture, Religion, & Facts | Britannica # Safavid dynasty What was the Safavid dynasty? The Safavid dynasty, ruling Iran from 1501 to 1736, significantly shaped Iranian identity by establishing Twelver Shiʿism as the state religion. Originating from Sheikh Ṣafī al-Dīn (1253–1334) of Ardabīl, the dynasty initially followed Sunni jurisprudence but later embraced Shiʿism. Under Ismāʿīl I, with the support of the Kizilbash, the Safavids captured Tabrīz in 1501 and proclaimed Shiʿism despite the Sunni majority. The dynasty faced challenges from the Ottomans and Uzbeks, losing territory but later flourishing under Shah ʿAbbās I, who modernized the army and expanded trade. Despite their Shiʿi zeal, the Safavids tolerated Christians, facilitating the construction of churches and missions. The dynasty declined after Shah ʿAbbās I's death in 1629, ending with the fall of Eṣfahān in 1722 and the deposition of Shah Ṭahmāsp II in 1732. did the Safavid",2026-07-15T02:33:47Z,The source supports the polity chronology; split periods and policy windows are project-defined analytical intervals.,Seshat Cliopatria; Maddison Project Database 2023; Clio-Infra; HYDE
26,サファヴィー朝ペルシア,AD1501-AD1736,closure_type,none,legacy_none_not_independently_verified,"Safavid dynasty | History, Culture, Religion, & Facts | Britannica",Encyclopaedia Britannica,https://www.britannica.com/topic/Safavid-dynasty,"Article, chapter, or dataset overview; relevant text is reproduced in source_excerpt","Safavid dynasty | History, Culture, Religion, & Facts | Britannica # Safavid dynasty What was the Safavid dynasty? The Safavid dynasty, ruling Iran from 1501 to 1736, significantly shaped Iranian identity by establishing Twelver Shiʿism as the state religion. Originating from Sheikh Ṣafī al-Dīn (1253–1334) of Ardabīl, the dynasty initially followed Sunni jurisprudence but later embraced Shiʿism. Under Ismāʿīl I, with the support of the Kizilbash, the Safavids captured Tabrīz in 1501 and proclaimed Shiʿism despite the Sunni majority. The dynasty faced challenges from the Ottomans and Uzbeks, losing territory but later flourishing under Shah ʿAbbās I, who modernized the army and expanded trade. Despite their Shiʿi zeal, the Safavids tolerated Christians, facilitating the construction of churches and missions. The dynasty declined after Shah ʿAbbās I's death in 1629, ending with the fall of Eṣfahān in 1722 and the deposition of Shah Ṭahmāsp II in 1732. did the Safavid",2026-07-15T02:33:47Z,No formal closure is asserted; absence of every relevant restriction was not proven.,Seshat Cliopatria; Maddison Project Database 2023; Clio-Infra; HYDE
26,サファヴィー朝ペルシア,AD1501-AD1736,outcome,overtaken,historical_event_supported_category_is_project_interpretation,"Safavid dynasty | History, Culture, Religion, & Facts | Britannica",Encyclopaedia Britannica,https://www.britannica.com/topic/Safavid-dynasty,"Article, chapter, or dataset overview; relevant text is reproduced in source_excerpt","Safavid dynasty | History, Culture, Religion, & Facts | Britannica # Safavid dynasty What was the Safavid dynasty? The Safavid dynasty, ruling Iran from 1501 to 1736, significantly shaped Iranian identity by establishing Twelver Shiʿism as the state religion. Originating from Sheikh Ṣafī al-Dīn (1253–1334) of Ardabīl, the dynasty initially followed Sunni jurisprudence but later embraced Shiʿism. Under Ismāʿīl I, with the support of the Kizilbash, the Safavids captured Tabrīz in 1501 and proclaimed Shiʿism despite the Sunni majority. The dynasty faced challenges from the Ottomans and Uzbeks, losing territory but later flourishing under Shah ʿAbbās I, who modernized the army and expanded trade. Despite their Shiʿi zeal, the Safavids tolerated Christians, facilitating the construction of churches and missions. The dynasty declined after Shah ʿAbbās I's death in 1629, ending with the fall of Eṣfahān in 1722 and the deposition of Shah Ṭahmāsp II in 1732. did the Safavid",2026-07-15T02:33:47Z,The source documents the polity history or terminal event. The three-category outcome is an AI-assisted project classification rather than a source variable.,Seshat Cliopatria; Maddison Project Database 2023; Clio-Infra; HYDE
26,サファヴィー朝ペルシア,AD1501-AD1736,has_external_patron,0,legacy_zero_not_independently_verified,"Safavid dynasty | History, Culture, Religion, & Facts | Britannica",Encyclopaedia Britannica,https://www.britannica.com/topic/Safavid-dynasty,"Article, chapter, or dataset overview; relevant text is reproduced in source_excerpt","Safavid dynasty | History, Culture, Religion, & Facts | Britannica # Safavid dynasty What was the Safavid dynasty? The Safavid dynasty, ruling Iran from 1501 to 1736, significantly shaped Iranian identity by establishing Twelver Shiʿism as the state religion. Originating from Sheikh Ṣafī al-Dīn (1253–1334) of Ardabīl, the dynasty initially followed Sunni jurisprudence but later embraced Shiʿism. Under Ismāʿīl I, with the support of the Kizilbash, the Safavids captured Tabrīz in 1501 and proclaimed Shiʿism despite the Sunni majority. The dynasty faced challenges from the Ottomans and Uzbeks, losing territory but later flourishing under Shah ʿAbbās I, who modernized the army and expanded trade. Despite their Shiʿi zeal, the Safavids tolerated Christians, facilitating the construction of churches and missions. The dynasty declined after Shah ʿAbbās I's death in 1629, ending with the fall of Eṣfahān in 1722 and the deposition of Shah Ṭahmāsp II in 1732. did the Safavid",2026-07-15T02:33:47Z,A zero is the legacy absence coding; no source proves absence of every possible patron relationship.,Seshat Cliopatria; Maddison Project Database 2023; Clio-Infra; HYDE
27,インカ帝国,AD1438-AD1533,entity,インカ帝国,supported_by_reference_overview,"Inca | Ancient Empire, Peru, Ecuador, Bolivia, Chile, Quechua, Culture, History, & Map | Britannica",Encyclopaedia Britannica,https://www.britannica.com/topic/Inca,"Article, chapter, or dataset overview; relevant text is reproduced in source_excerpt","Inca | Ancient Empire, Peru, Ecuador, Bolivia, Chile, Quechua, Culture, History, & Map | Britannica Also known as: Inka ### What was the extent of the Inca empire at the time of the Spanish conquest? At the time of the Spanish conquest in 1532, the Inca empire extended along the Pacific coast and Andean highlands, from the northern border of modern Ecuador to the Maule River in central Chile. Inca religion was a highly organized state religion, combining animism, fetishism, and the worship of nature gods. It included elaborate forms of divination and sacrifices, with the sun god Inti being the head of the pantheon. The Inca built a vast network of roads, with north-south routes along the coast and the Andes, that also included tunnels and suspension bridges. A relay service carried messages using knotted cords called quipu at a rate of 150 miles (241 km) a day. Inca, Indigenous people who, at the time of the Spanish conquest in 1532, ruled an empire that",2026-07-15T02:33:47Z,The cited reference identifies the polity or political unit.,Seshat Cliopatria; Maddison Project Database 2023; Clio-Infra; HYDE
27,インカ帝国,AD1438-AD1533,period,AD1438-AD1533,polity_chronology_supported_project_window_interpretive,"Inca | Ancient Empire, Peru, Ecuador, Bolivia, Chile, Quechua, Culture, History, & Map | Britannica",Encyclopaedia Britannica,https://www.britannica.com/topic/Inca,"Article, chapter, or dataset overview; relevant text is reproduced in source_excerpt","Inca | Ancient Empire, Peru, Ecuador, Bolivia, Chile, Quechua, Culture, History, & Map | Britannica Also known as: Inka ### What was the extent of the Inca empire at the time of the Spanish conquest? At the time of the Spanish conquest in 1532, the Inca empire extended along the Pacific coast and Andean highlands, from the northern border of modern Ecuador to the Maule River in central Chile. Inca religion was a highly organized state religion, combining animism, fetishism, and the worship of nature gods. It included elaborate forms of divination and sacrifices, with the sun god Inti being the head of the pantheon. The Inca built a vast network of roads, with north-south routes along the coast and the Andes, that also included tunnels and suspension bridges. A relay service carried messages using knotted cords called quipu at a rate of 150 miles (241 km) a day. Inca, Indigenous people who, at the time of the Spanish conquest in 1532, ruled an empire that",2026-07-15T02:33:47Z,The source supports the polity chronology; split periods and policy windows are project-defined analytical intervals.,Seshat Cliopatria; Maddison Project Database 2023; Clio-Infra; HYDE
27,インカ帝国,AD1438-AD1533,closure_type,maritime_ban,contradicted_by_source,Negotiated Subjugation: Maritime Trade and the Incorporation of Chincha Into the Inca Empire,Taylor & Francis,https://doi.org/10.1080/15564894.2015.1105885,"Article, chapter, or dataset overview; relevant text is reproduced in source_excerpt","# Negotiated Subjugation: Maritime Trade and the Incorporation of Chincha Into the Inca Empire Before Francisco Pizarro began the conquest of the Inca empire in AD 1532, he had already heard of the great maritime trading power of Chincha, a privileged Inca client state on the central Peruvian coast. Here, we review relevant ethnohistoric and archaeological data about late prehispanic Chincha with particular reference to maritime trading and recent work on pre-industrial economies. Our analysis supports an earlier proposal that Chincha was not engaged in long-distance exchange of Spondylus (a ritually powerful mollusk) prior to incorporation into the empire, contrary to others’ assertions. Rather, the data strongly suggest that Spondylus trade was formerly in the hands of the rival north coast Chimu empire. After conquering Chimu ∼AD 1470 (a few years before incorporating Chincha), the Inca carefully dismantled Chimu territory and privileges. The source of Spondylus was the Ecuadorian c",2026-07-15T02:33:47Z,Case-specific scholarship documents trade or engagement inconsistent with a blanket closure label.,Seshat Cliopatria; Maddison Project Database 2023; Clio-Infra; HYDE
27,インカ帝国,AD1438-AD1533,outcome,overtaken,historical_event_supported_category_is_project_interpretation,"Inca | Ancient Empire, Peru, Ecuador, Bolivia, Chile, Quechua, Culture, History, & Map | Britannica",Encyclopaedia Britannica,https://www.britannica.com/topic/Inca,"Article, chapter, or dataset overview; relevant text is reproduced in source_excerpt","Inca | Ancient Empire, Peru, Ecuador, Bolivia, Chile, Quechua, Culture, History, & Map | Britannica Also known as: Inka ### What was the extent of the Inca empire at the time of the Spanish conquest? At the time of the Spanish conquest in 1532, the Inca empire extended along the Pacific coast and Andean highlands, from the northern border of modern Ecuador to the Maule River in central Chile. Inca religion was a highly organized state religion, combining animism, fetishism, and the worship of nature gods. It included elaborate forms of divination and sacrifices, with the sun god Inti being the head of the pantheon. The Inca built a vast network of roads, with north-south routes along the coast and the Andes, that also included tunnels and suspension bridges. A relay service carried messages using knotted cords called quipu at a rate of 150 miles (241 km) a day. Inca, Indigenous people who, at the time of the Spanish conquest in 1532, ruled an empire that",2026-07-15T02:33:47Z,The source documents the polity history or terminal event. The three-category outcome is an AI-assisted project classification rather than a source variable.,Seshat Cliopatria; Maddison Project Database 2023; Clio-Infra; HYDE
27,インカ帝国,AD1438-AD1533,has_external_patron,0,legacy_zero_not_independently_verified,"Inca | Ancient Empire, Peru, Ecuador, Bolivia, Chile, Quechua, Culture, History, & Map | Britannica",Encyclopaedia Britannica,https://www.britannica.com/topic/Inca,"Article, chapter, or dataset overview; relevant text is reproduced in source_excerpt","Inca | Ancient Empire, Peru, Ecuador, Bolivia, Chile, Quechua, Culture, History, & Map | Britannica Also known as: Inka ### What was the extent of the Inca empire at the time of the Spanish conquest? At the time of the Spanish conquest in 1532, the Inca empire extended along the Pacific coast and Andean highlands, from the northern border of modern Ecuador to the Maule River in central Chile. Inca religion was a highly organized state religion, combining animism, fetishism, and the worship of nature gods. It included elaborate forms of divination and sacrifices, with the sun god Inti being the head of the pantheon. The Inca built a vast network of roads, with north-south routes along the coast and the Andes, that also included tunnels and suspension bridges. A relay service carried messages using knotted cords called quipu at a rate of 150 miles (241 km) a day. Inca, Indigenous people who, at the time of the Spanish conquest in 1532, ruled an empire that",2026-07-15T02:33:47Z,A zero is the legacy absence coding; no source proves absence of every possible patron relationship.,Seshat Cliopatria; Maddison Project Database 2023; Clio-Infra; HYDE
28,アステカ帝国,AD1428-AD1521,entity,アステカ帝国,supported_by_reference_overview,"Aztec | Calendar, Empire, Gods, History, Facts, Location, & Culture | Britannica",Encyclopaedia Britannica,https://www.britannica.com/topic/Aztec,"Article, chapter, or dataset overview; relevant text is reproduced in source_excerpt","The Aztec people, also known as the Mexica or Tenochca, were a Nahuatl-speaking group who established a vast empire in central and southern Mexico during the 15th and early 16th centuries. Their origins are believed to be from hunter-gatherer tribes on the northern Mexican plateau, migrating to Mesoamerica around the 12th century CE. They founded their great city, Tenochtitlan, on an island in Lake Texcoco in 1325. The Aztec civilization was characterized by advanced agriculture, particularly the use of chinampas (raised fields). They developed a complex sociopolitical organization with a hierarchical structure, including a nobility and a large bureaucracy. Their religion was syncretic, incorporating elements from other Mesoamerican cultures, and prominently featured deities like Huitzilopochtli and Quetzalcóatl, along with practices of human sacrifice and bloodletting. The Aztec empire was eventually conquered by the Spanish conquistadors led by Hernán Cortés in 1521. The",2026-07-15T02:33:47Z,The cited reference identifies the polity or political unit.,Seshat Cliopatria; Maddison Project Database 2023; Clio-Infra; HYDE
28,アステカ帝国,AD1428-AD1521,period,AD1428-AD1521,polity_chronology_supported_project_window_interpretive,"Aztec | Calendar, Empire, Gods, History, Facts, Location, & Culture | Britannica",Encyclopaedia Britannica,https://www.britannica.com/topic/Aztec,"Article, chapter, or dataset overview; relevant text is reproduced in source_excerpt","The Aztec people, also known as the Mexica or Tenochca, were a Nahuatl-speaking group who established a vast empire in central and southern Mexico during the 15th and early 16th centuries. Their origins are believed to be from hunter-gatherer tribes on the northern Mexican plateau, migrating to Mesoamerica around the 12th century CE. They founded their great city, Tenochtitlan, on an island in Lake Texcoco in 1325. The Aztec civilization was characterized by advanced agriculture, particularly the use of chinampas (raised fields). They developed a complex sociopolitical organization with a hierarchical structure, including a nobility and a large bureaucracy. Their religion was syncretic, incorporating elements from other Mesoamerican cultures, and prominently featured deities like Huitzilopochtli and Quetzalcóatl, along with practices of human sacrifice and bloodletting. The Aztec empire was eventually conquered by the Spanish conquistadors led by Hernán Cortés in 1521. The",2026-07-15T02:33:47Z,The source supports the polity chronology; split periods and policy windows are project-defined analytical intervals.,Seshat Cliopatria; Maddison Project Database 2023; Clio-Infra; HYDE
28,アステカ帝国,AD1428-AD1521,closure_type,maritime_ban,contradicted_by_source,Aztec and Tlaxcalan Economic Interaction: Blockade or Interregional Exchange? | Latin American Antiquity | Cambridge Core,Cambridge University Press,https://www.cambridge.org/core/journals/latin-american-antiquity/article/aztec-and-tlaxcalan-economic-interaction-blockade-or-interregional-exchange/CBE14EE68216FC6CA5BC5C8F2A1BD3C3,"Article, chapter, or dataset overview; relevant text is reproduced in source_excerpt","This study investigates the impact of the Aztec Triple Alliance on trade and economic activity in the region of Puebla-Tlaxcala during the Late Postclassic period (AD 1200–1519). Ethnohistorical sources describe the Aztec Triple Alliance as constantly at war with settlements in the Tlaxcala region. To weaken their Tlaxcalteca rivals, the Aztecs imposed a trade blockade to reduce the flow of resources into Puebla-Tlaxcala. This article uses archaeological evidence to evaluate the effectiveness of this blockade. It compares the types of obsidian used to manufacture lithic tools from Aztec-controlled sources with those used within Puebla-Tlaxcala. Information from the large center of Tepeticpac and the small obsidian workshop site of Cinco Santos II, both in the Tlaxcala domain, are compared to other sites in Central Mexico prior to and during the height of Aztec influence. The results show little difference in regional trade patterns: obsidian from Sierra de las Navajas and Otumba was us",2026-07-15T02:33:47Z,Case-specific scholarship documents trade or engagement inconsistent with a blanket closure label.,Seshat Cliopatria; Maddison Project Database 2023; Clio-Infra; HYDE
28,アステカ帝国,AD1428-AD1521,outcome,overtaken,historical_event_supported_category_is_project_interpretation,"Aztec | Calendar, Empire, Gods, History, Facts, Location, & Culture | Britannica",Encyclopaedia Britannica,https://www.britannica.com/topic/Aztec,"Article, chapter, or dataset overview; relevant text is reproduced in source_excerpt","The Aztec people, also known as the Mexica or Tenochca, were a Nahuatl-speaking group who established a vast empire in central and southern Mexico during the 15th and early 16th centuries. Their origins are believed to be from hunter-gatherer tribes on the northern Mexican plateau, migrating to Mesoamerica around the 12th century CE. They founded their great city, Tenochtitlan, on an island in Lake Texcoco in 1325. The Aztec civilization was characterized by advanced agriculture, particularly the use of chinampas (raised fields). They developed a complex sociopolitical organization with a hierarchical structure, including a nobility and a large bureaucracy. Their religion was syncretic, incorporating elements from other Mesoamerican cultures, and prominently featured deities like Huitzilopochtli and Quetzalcóatl, along with practices of human sacrifice and bloodletting. The Aztec empire was eventually conquered by the Spanish conquistadors led by Hernán Cortés in 1521. The",2026-07-15T02:33:47Z,The source documents the polity history or terminal event. The three-category outcome is an AI-assisted project classification rather than a source variable.,Seshat Cliopatria; Maddison Project Database 2023; Clio-Infra; HYDE
28,アステカ帝国,AD1428-AD1521,has_external_patron,0,legacy_zero_not_independently_verified,"Aztec | Calendar, Empire, Gods, History, Facts, Location, & Culture | Britannica",Encyclopaedia Britannica,https://www.britannica.com/topic/Aztec,"Article, chapter, or dataset overview; relevant text is reproduced in source_excerpt","The Aztec people, also known as the Mexica or Tenochca, were a Nahuatl-speaking group who established a vast empire in central and southern Mexico during the 15th and early 16th centuries. Their origins are believed to be from hunter-gatherer tribes on the northern Mexican plateau, migrating to Mesoamerica around the 12th century CE. They founded their great city, Tenochtitlan, on an island in Lake Texcoco in 1325. The Aztec civilization was characterized by advanced agriculture, particularly the use of chinampas (raised fields). They developed a complex sociopolitical organization with a hierarchical structure, including a nobility and a large bureaucracy. Their religion was syncretic, incorporating elements from other Mesoamerican cultures, and prominently featured deities like Huitzilopochtli and Quetzalcóatl, along with practices of human sacrifice and bloodletting. The Aztec empire was eventually conquered by the Spanish conquistadors led by Hernán Cortés in 1521. The",2026-07-15T02:33:47Z,A zero is the legacy absence coding; no source proves absence of every possible patron relationship.,Seshat Cliopatria; Maddison Project Database 2023; Clio-Infra; HYDE
29,ポルトガル帝国,AD1415-AD1580,entity,ポルトガル帝国,supported_by_reference_overview,"Portugal - Exploration, Colonization, Trade | Britannica",Encyclopaedia Britannica,https://www.britannica.com/place/Portugal/Overseas-empire,"Article, chapter, or dataset overview; relevant text is reproduced in source_excerpt","Portugal - Exploration, Colonization, Trade | Britannica ## Overseas empire Brazil’s independence in 1822 left Portugal’s overseas empire a largely African one, with scattered small holdings in Asia(in western India mainly Goa, Damão [now Daman], and Diu; East Timor in Indonesia; and Macau in South China). Beginning in 1836, Portugal pursued a policy of African territorial expansion and economic enhancement, concentrating first on Angola and later on Mozambique and Portuguese Guinea(now Guinea-Bissau). Portugal’s role in the European partition of Africa in the late 19th century was limited by its long-standing economic dependence on Great Britain. A colonial movement gained momentum in Lisbon, and a Portuguese scheme known as the “Rose-Coloured Map,” which laid claim to a colony stretching across Africa from Angola to Mozambique, was recognized by France and Germany in 1886. However, Britain challenged Portugal’s claim to territory in central Africa (in what are now Malawi and",2026-07-15T02:33:47Z,The cited reference identifies the polity or political unit.,Seshat Cliopatria; Maddison Project Database 2023; Clio-Infra; HYDE
29,ポルトガル帝国,AD1415-AD1580,period,AD1415-AD1580,polity_chronology_supported_project_window_interpretive,"Portugal - Exploration, Colonization, Trade | Britannica",Encyclopaedia Britannica,https://www.britannica.com/place/Portugal/Overseas-empire,"Article, chapter, or dataset overview; relevant text is reproduced in source_excerpt","Portugal - Exploration, Colonization, Trade | Britannica ## Overseas empire Brazil’s independence in 1822 left Portugal’s overseas empire a largely African one, with scattered small holdings in Asia(in western India mainly Goa, Damão [now Daman], and Diu; East Timor in Indonesia; and Macau in South China). Beginning in 1836, Portugal pursued a policy of African territorial expansion and economic enhancement, concentrating first on Angola and later on Mozambique and Portuguese Guinea(now Guinea-Bissau). Portugal’s role in the European partition of Africa in the late 19th century was limited by its long-standing economic dependence on Great Britain. A colonial movement gained momentum in Lisbon, and a Portuguese scheme known as the “Rose-Coloured Map,” which laid claim to a colony stretching across Africa from Angola to Mozambique, was recognized by France and Germany in 1886. However, Britain challenged Portugal’s claim to territory in central Africa (in what are now Malawi and",2026-07-15T02:33:47Z,The source supports the polity chronology; split periods and policy windows are project-defined analytical intervals.,Seshat Cliopatria; Maddison Project Database 2023; Clio-Infra; HYDE
29,ポルトガル帝国,AD1415-AD1580,closure_type,none,legacy_none_not_independently_verified,"Portugal - Exploration, Colonization, Trade | Britannica",Encyclopaedia Britannica,https://www.britannica.com/place/Portugal/Overseas-empire,"Article, chapter, or dataset overview; relevant text is reproduced in source_excerpt","Portugal - Exploration, Colonization, Trade | Britannica ## Overseas empire Brazil’s independence in 1822 left Portugal’s overseas empire a largely African one, with scattered small holdings in Asia(in western India mainly Goa, Damão [now Daman], and Diu; East Timor in Indonesia; and Macau in South China). Beginning in 1836, Portugal pursued a policy of African territorial expansion and economic enhancement, concentrating first on Angola and later on Mozambique and Portuguese Guinea(now Guinea-Bissau). Portugal’s role in the European partition of Africa in the late 19th century was limited by its long-standing economic dependence on Great Britain. A colonial movement gained momentum in Lisbon, and a Portuguese scheme known as the “Rose-Coloured Map,” which laid claim to a colony stretching across Africa from Angola to Mozambique, was recognized by France and Germany in 1886. However, Britain challenged Portugal’s claim to territory in central Africa (in what are now Malawi and",2026-07-15T02:33:47Z,No formal closure is asserted; absence of every relevant restriction was not proven.,Seshat Cliopatria; Maddison Project Database 2023; Clio-Infra; HYDE
29,ポルトガル帝国,AD1415-AD1580,outcome,disrupted,historical_event_supported_category_is_project_interpretation,"Portugal - Exploration, Colonization, Trade | Britannica",Encyclopaedia Britannica,https://www.britannica.com/place/Portugal/Overseas-empire,"Article, chapter, or dataset overview; relevant text is reproduced in source_excerpt","Portugal - Exploration, Colonization, Trade | Britannica ## Overseas empire Brazil’s independence in 1822 left Portugal’s overseas empire a largely African one, with scattered small holdings in Asia(in western India mainly Goa, Damão [now Daman], and Diu; East Timor in Indonesia; and Macau in South China). Beginning in 1836, Portugal pursued a policy of African territorial expansion and economic enhancement, concentrating first on Angola and later on Mozambique and Portuguese Guinea(now Guinea-Bissau). Portugal’s role in the European partition of Africa in the late 19th century was limited by its long-standing economic dependence on Great Britain. A colonial movement gained momentum in Lisbon, and a Portuguese scheme known as the “Rose-Coloured Map,” which laid claim to a colony stretching across Africa from Angola to Mozambique, was recognized by France and Germany in 1886. However, Britain challenged Portugal’s claim to territory in central Africa (in what are now Malawi and",2026-07-15T02:33:47Z,The source documents the polity history or terminal event. The three-category outcome is an AI-assisted project classification rather than a source variable.,Seshat Cliopatria; Maddison Project Database 2023; Clio-Infra; HYDE
29,ポルトガル帝国,AD1415-AD1580,has_external_patron,0,legacy_zero_not_independently_verified,"Portugal - Exploration, Colonization, Trade | Britannica",Encyclopaedia Britannica,https://www.britannica.com/place/Portugal/Overseas-empire,"Article, chapter, or dataset overview; relevant text is reproduced in source_excerpt","Portugal - Exploration, Colonization, Trade | Britannica ## Overseas empire Brazil’s independence in 1822 left Portugal’s overseas empire a largely African one, with scattered small holdings in Asia(in western India mainly Goa, Damão [now Daman], and Diu; East Timor in Indonesia; and Macau in South China). Beginning in 1836, Portugal pursued a policy of African territorial expansion and economic enhancement, concentrating first on Angola and later on Mozambique and Portuguese Guinea(now Guinea-Bissau). Portugal’s role in the European partition of Africa in the late 19th century was limited by its long-standing economic dependence on Great Britain. A colonial movement gained momentum in Lisbon, and a Portuguese scheme known as the “Rose-Coloured Map,” which laid claim to a colony stretching across Africa from Angola to Mozambique, was recognized by France and Germany in 1886. However, Britain challenged Portugal’s claim to territory in central Africa (in what are now Malawi and",2026-07-15T02:33:47Z,A zero is the legacy absence coding; no source proves absence of every possible patron relationship.,Seshat Cliopatria; Maddison Project Database 2023; Clio-Infra; HYDE
30,オランダ共和国,AD1581-AD1795,entity,オランダ共和国,supported_by_reference_overview,"Dutch Republic | History, Government, Map, & Facts | Britannica",Encyclopaedia Britannica,https://www.britannica.com/place/Dutch-Republic,"Article, chapter, or dataset overview; relevant text is reproduced in source_excerpt","Dutch Republic | History, Government, Map, & Facts | Britannica # Dutch Republic historical state, Europe Also known as: Republic of the United Netherlands, Republiek der Verenigde Nederlanden, United Provinces, United Provinces of the Netherlands(Show More) Dutch Republic in Dutch Republic, (1588–1795), state whose area comprised approximately that of the present Kingdom of the Netherlands and which achieved a position of world power in the 17th century. The republic consisted of the seven northern Netherlands provinces that won independence from Spain from 1568 to 1609, and it grew out of the Union of Utrecht(1579), which was designed to improve the military capability of its signatories within the larger union of the rebelling provinces. As the southern provinces (later Belgium and Luxembourg) were recovered by Spain, however, the provinces bound by the Utrecht pact became a new, independent state. For the next two centuries political control of the",2026-07-15T02:33:47Z,The cited reference identifies the polity or political unit.,Seshat Cliopatria; Maddison Project Database 2023; Clio-Infra; HYDE; V-Dem v16
30,オランダ共和国,AD1581-AD1795,period,AD1581-AD1795,polity_chronology_supported_project_window_interpretive,"Dutch Republic | History, Government, Map, & Facts | Britannica",Encyclopaedia Britannica,https://www.britannica.com/place/Dutch-Republic,"Article, chapter, or dataset overview; relevant text is reproduced in source_excerpt","Dutch Republic | History, Government, Map, & Facts | Britannica # Dutch Republic historical state, Europe Also known as: Republic of the United Netherlands, Republiek der Verenigde Nederlanden, United Provinces, United Provinces of the Netherlands(Show More) Dutch Republic in Dutch Republic, (1588–1795), state whose area comprised approximately that of the present Kingdom of the Netherlands and which achieved a position of world power in the 17th century. The republic consisted of the seven northern Netherlands provinces that won independence from Spain from 1568 to 1609, and it grew out of the Union of Utrecht(1579), which was designed to improve the military capability of its signatories within the larger union of the rebelling provinces. As the southern provinces (later Belgium and Luxembourg) were recovered by Spain, however, the provinces bound by the Utrecht pact became a new, independent state. For the next two centuries political control of the",2026-07-15T02:33:47Z,The source supports the polity chronology; split periods and policy windows are project-defined analytical intervals.,Seshat Cliopatria; Maddison Project Database 2023; Clio-Infra; HYDE; V-Dem v16
30,オランダ共和国,AD1581-AD1795,closure_type,none,legacy_none_not_independently_verified,"Dutch Republic | History, Government, Map, & Facts | Britannica",Encyclopaedia Britannica,https://www.britannica.com/place/Dutch-Republic,"Article, chapter, or dataset overview; relevant text is reproduced in source_excerpt","Dutch Republic | History, Government, Map, & Facts | Britannica # Dutch Republic historical state, Europe Also known as: Republic of the United Netherlands, Republiek der Verenigde Nederlanden, United Provinces, United Provinces of the Netherlands(Show More) Dutch Republic in Dutch Republic, (1588–1795), state whose area comprised approximately that of the present Kingdom of the Netherlands and which achieved a position of world power in the 17th century. The republic consisted of the seven northern Netherlands provinces that won independence from Spain from 1568 to 1609, and it grew out of the Union of Utrecht(1579), which was designed to improve the military capability of its signatories within the larger union of the rebelling provinces. As the southern provinces (later Belgium and Luxembourg) were recovered by Spain, however, the provinces bound by the Utrecht pact became a new, independent state. For the next two centuries political control of the",2026-07-15T02:33:47Z,No formal closure is asserted; absence of every relevant restriction was not proven.,Seshat Cliopatria; Maddison Project Database 2023; Clio-Infra; HYDE; V-Dem v16
30,オランダ共和国,AD1581-AD1795,outcome,disrupted,historical_event_supported_category_is_project_interpretation,"Dutch Republic | History, Government, Map, & Facts | Britannica",Encyclopaedia Britannica,https://www.britannica.com/place/Dutch-Republic,"Article, chapter, or dataset overview; relevant text is reproduced in source_excerpt","Dutch Republic | History, Government, Map, & Facts | Britannica # Dutch Republic historical state, Europe Also known as: Republic of the United Netherlands, Republiek der Verenigde Nederlanden, United Provinces, United Provinces of the Netherlands(Show More) Dutch Republic in Dutch Republic, (1588–1795), state whose area comprised approximately that of the present Kingdom of the Netherlands and which achieved a position of world power in the 17th century. The republic consisted of the seven northern Netherlands provinces that won independence from Spain from 1568 to 1609, and it grew out of the Union of Utrecht(1579), which was designed to improve the military capability of its signatories within the larger union of the rebelling provinces. As the southern provinces (later Belgium and Luxembourg) were recovered by Spain, however, the provinces bound by the Utrecht pact became a new, independent state. For the next two centuries political control of the",2026-07-15T02:33:47Z,The source documents the polity history or terminal event. The three-category outcome is an AI-assisted project classification rather than a source variable.,Seshat Cliopatria; Maddison Project Database 2023; Clio-Infra; HYDE; V-Dem v16
30,オランダ共和国,AD1581-AD1795,has_external_patron,0,legacy_zero_not_independently_verified,"Dutch Republic | History, Government, Map, & Facts | Britannica",Encyclopaedia Britannica,https://www.britannica.com/place/Dutch-Republic,"Article, chapter, or dataset overview; relevant text is reproduced in source_excerpt","Dutch Republic | History, Government, Map, & Facts | Britannica # Dutch Republic historical state, Europe Also known as: Republic of the United Netherlands, Republiek der Verenigde Nederlanden, United Provinces, United Provinces of the Netherlands(Show More) Dutch Republic in Dutch Republic, (1588–1795), state whose area comprised approximately that of the present Kingdom of the Netherlands and which achieved a position of world power in the 17th century. The republic consisted of the seven northern Netherlands provinces that won independence from Spain from 1568 to 1609, and it grew out of the Union of Utrecht(1579), which was designed to improve the military capability of its signatories within the larger union of the rebelling provinces. As the southern provinces (later Belgium and Luxembourg) were recovered by Spain, however, the provinces bound by the Utrecht pact became a new, independent state. For the next two centuries political control of the",2026-07-15T02:33:47Z,A zero is the legacy absence coding; no source proves absence of every possible patron relationship.,Seshat Cliopatria; Maddison Project Database 2023; Clio-Infra; HYDE; V-Dem v16
31,スペイン帝国,AD1492-AD1808,entity,スペイン帝国,supported_by_reference_overview,"Western colonialism - Decolonization, Imperialism, Empires | Britannica",Encyclopaedia Britannica,https://www.britannica.com/topic/Western-colonialism/Decline-of-the-Spanish-and-Portuguese-empires,"Article, chapter, or dataset overview; relevant text is reproduced in source_excerpt","Western colonialism - Decolonization, Imperialism, Empires | Britannica ## Decline of the Spanish and Portuguese empires During the early 19th century, however, there was a conspicuous exception to the trend of colonial growth, and that was the decline of the Portuguese and Spanish empires in the Western Hemisphere. The occasion for the decolonization was provided by the Napoleonic Wars. The French occupation of the Iberian Peninsula in 1807, combined with the ensuing years of intense warfare until 1814 on that peninsula between the British and French and their respective allies, effectively isolated the colonies from their mother countries. During this isolation the long-smouldering discontents in the colonies erupted in influential nationalist movements, revolutions of independence, and civil wars. The stricken mother countries could hardly interfere with events on the South American continent, nor did they have the resources, even after the Peninsular War was over, to bring",2026-07-15T02:33:47Z,The cited reference identifies the polity or political unit.,Seshat Cliopatria; Maddison Project Database 2023; Clio-Infra; HYDE; V-Dem v16; Polity5
31,スペイン帝国,AD1492-AD1808,period,AD1492-AD1808,polity_chronology_supported_project_window_interpretive,"Western colonialism - Decolonization, Imperialism, Empires | Britannica",Encyclopaedia Britannica,https://www.britannica.com/topic/Western-colonialism/Decline-of-the-Spanish-and-Portuguese-empires,"Article, chapter, or dataset overview; relevant text is reproduced in source_excerpt","Western colonialism - Decolonization, Imperialism, Empires | Britannica ## Decline of the Spanish and Portuguese empires During the early 19th century, however, there was a conspicuous exception to the trend of colonial growth, and that was the decline of the Portuguese and Spanish empires in the Western Hemisphere. The occasion for the decolonization was provided by the Napoleonic Wars. The French occupation of the Iberian Peninsula in 1807, combined with the ensuing years of intense warfare until 1814 on that peninsula between the British and French and their respective allies, effectively isolated the colonies from their mother countries. During this isolation the long-smouldering discontents in the colonies erupted in influential nationalist movements, revolutions of independence, and civil wars. The stricken mother countries could hardly interfere with events on the South American continent, nor did they have the resources, even after the Peninsular War was over, to bring",2026-07-15T02:33:47Z,The source supports the polity chronology; split periods and policy windows are project-defined analytical intervals.,Seshat Cliopatria; Maddison Project Database 2023; Clio-Infra; HYDE; V-Dem v16; Polity5
31,スペイン帝国,AD1492-AD1808,closure_type,none,legacy_none_not_independently_verified,"Western colonialism - Decolonization, Imperialism, Empires | Britannica",Encyclopaedia Britannica,https://www.britannica.com/topic/Western-colonialism/Decline-of-the-Spanish-and-Portuguese-empires,"Article, chapter, or dataset overview; relevant text is reproduced in source_excerpt","Western colonialism - Decolonization, Imperialism, Empires | Britannica ## Decline of the Spanish and Portuguese empires During the early 19th century, however, there was a conspicuous exception to the trend of colonial growth, and that was the decline of the Portuguese and Spanish empires in the Western Hemisphere. The occasion for the decolonization was provided by the Napoleonic Wars. The French occupation of the Iberian Peninsula in 1807, combined with the ensuing years of intense warfare until 1814 on that peninsula between the British and French and their respective allies, effectively isolated the colonies from their mother countries. During this isolation the long-smouldering discontents in the colonies erupted in influential nationalist movements, revolutions of independence, and civil wars. The stricken mother countries could hardly interfere with events on the South American continent, nor did they have the resources, even after the Peninsular War was over, to bring",2026-07-15T02:33:47Z,No formal closure is asserted; absence of every relevant restriction was not proven.,Seshat Cliopatria; Maddison Project Database 2023; Clio-Infra; HYDE; V-Dem v16; Polity5
31,スペイン帝国,AD1492-AD1808,outcome,disrupted,historical_event_supported_category_is_project_interpretation,"Western colonialism - Decolonization, Imperialism, Empires | Britannica",Encyclopaedia Britannica,https://www.britannica.com/topic/Western-colonialism/Decline-of-the-Spanish-and-Portuguese-empires,"Article, chapter, or dataset overview; relevant text is reproduced in source_excerpt","Western colonialism - Decolonization, Imperialism, Empires | Britannica ## Decline of the Spanish and Portuguese empires During the early 19th century, however, there was a conspicuous exception to the trend of colonial growth, and that was the decline of the Portuguese and Spanish empires in the Western Hemisphere. The occasion for the decolonization was provided by the Napoleonic Wars. The French occupation of the Iberian Peninsula in 1807, combined with the ensuing years of intense warfare until 1814 on that peninsula between the British and French and their respective allies, effectively isolated the colonies from their mother countries. During this isolation the long-smouldering discontents in the colonies erupted in influential nationalist movements, revolutions of independence, and civil wars. The stricken mother countries could hardly interfere with events on the South American continent, nor did they have the resources, even after the Peninsular War was over, to bring",2026-07-15T02:33:47Z,The source documents the polity history or terminal event. The three-category outcome is an AI-assisted project classification rather than a source variable.,Seshat Cliopatria; Maddison Project Database 2023; Clio-Infra; HYDE; V-Dem v16; Polity5
31,スペイン帝国,AD1492-AD1808,has_external_patron,0,legacy_zero_not_independently_verified,"Western colonialism - Decolonization, Imperialism, Empires | Britannica",Encyclopaedia Britannica,https://www.britannica.com/topic/Western-colonialism/Decline-of-the-Spanish-and-Portuguese-empires,"Article, chapter, or dataset overview; relevant text is reproduced in source_excerpt","Western colonialism - Decolonization, Imperialism, Empires | Britannica ## Decline of the Spanish and Portuguese empires During the early 19th century, however, there was a conspicuous exception to the trend of colonial growth, and that was the decline of the Portuguese and Spanish empires in the Western Hemisphere. The occasion for the decolonization was provided by the Napoleonic Wars. The French occupation of the Iberian Peninsula in 1807, combined with the ensuing years of intense warfare until 1814 on that peninsula between the British and French and their respective allies, effectively isolated the colonies from their mother countries. During this isolation the long-smouldering discontents in the colonies erupted in influential nationalist movements, revolutions of independence, and civil wars. The stricken mother countries could hardly interfere with events on the South American continent, nor did they have the resources, even after the Peninsular War was over, to bring",2026-07-15T02:33:47Z,A zero is the legacy absence coding; no source proves absence of every possible patron relationship.,Seshat Cliopatria; Maddison Project Database 2023; Clio-Infra; HYDE; V-Dem v16; Polity5
32,ムガル帝国（前期）,AD1526-AD1700,entity,ムガル帝国（前期）,supported_by_reference_overview,"India - Mughal Empire, 1526-1761 | Britannica",Encyclopaedia Britannica,https://www.britannica.com/place/India/The-Mughal-Empire-1526-1761,"Article, chapter, or dataset overview; relevant text is reproduced in source_excerpt","India - Mughal Empire, 1526-1761 | Britannica ## The Mughal Empire, 1526–1761 Also known as: Bhārat, Bhāratavarsha, Republic of India The Mughal Empire at its zenith commanded resources unprecedented in Indian history and covered almost the entire subcontinent. From 1556 to 1707, during the heyday of its fabulous wealth and glory, the Mughal Empire was a fairly efficient and centralized organization, with a vast complex of personnel, money, and information dedicated to the service of the emperor and his nobility. Much of the empire’s expansion during that period was attributable to India’s growing commercial and cultural contact with the outside world. The 16th and 17th centuries brought the establishment and expansion of European and non-European trading organizations in the subcontinent, principally for the procurement of Indian goods in demand abroad. Indian regions drew close to each other by means of an enhanced overland and coastal trading network, significantly",2026-07-15T02:33:47Z,The cited reference identifies the polity or political unit.,Seshat Cliopatria; Maddison Project Database 2023; Clio-Infra; HYDE
32,ムガル帝国（前期）,AD1526-AD1700,period,AD1526-AD1700,polity_chronology_supported_project_window_interpretive,"India - Mughal Empire, 1526-1761 | Britannica",Encyclopaedia Britannica,https://www.britannica.com/place/India/The-Mughal-Empire-1526-1761,"Article, chapter, or dataset overview; relevant text is reproduced in source_excerpt","India - Mughal Empire, 1526-1761 | Britannica ## The Mughal Empire, 1526–1761 Also known as: Bhārat, Bhāratavarsha, Republic of India The Mughal Empire at its zenith commanded resources unprecedented in Indian history and covered almost the entire subcontinent. From 1556 to 1707, during the heyday of its fabulous wealth and glory, the Mughal Empire was a fairly efficient and centralized organization, with a vast complex of personnel, money, and information dedicated to the service of the emperor and his nobility. Much of the empire’s expansion during that period was attributable to India’s growing commercial and cultural contact with the outside world. The 16th and 17th centuries brought the establishment and expansion of European and non-European trading organizations in the subcontinent, principally for the procurement of Indian goods in demand abroad. Indian regions drew close to each other by means of an enhanced overland and coastal trading network, significantly",2026-07-15T02:33:47Z,The source supports the polity chronology; split periods and policy windows are project-defined analytical intervals.,Seshat Cliopatria; Maddison Project Database 2023; Clio-Infra; HYDE
32,ムガル帝国（前期）,AD1526-AD1700,closure_type,none,legacy_none_not_independently_verified,"India - Mughal Empire, 1526-1761 | Britannica",Encyclopaedia Britannica,https://www.britannica.com/place/India/The-Mughal-Empire-1526-1761,"Article, chapter, or dataset overview; relevant text is reproduced in source_excerpt","India - Mughal Empire, 1526-1761 | Britannica ## The Mughal Empire, 1526–1761 Also known as: Bhārat, Bhāratavarsha, Republic of India The Mughal Empire at its zenith commanded resources unprecedented in Indian history and covered almost the entire subcontinent. From 1556 to 1707, during the heyday of its fabulous wealth and glory, the Mughal Empire was a fairly efficient and centralized organization, with a vast complex of personnel, money, and information dedicated to the service of the emperor and his nobility. Much of the empire’s expansion during that period was attributable to India’s growing commercial and cultural contact with the outside world. The 16th and 17th centuries brought the establishment and expansion of European and non-European trading organizations in the subcontinent, principally for the procurement of Indian goods in demand abroad. Indian regions drew close to each other by means of an enhanced overland and coastal trading network, significantly",2026-07-15T02:33:47Z,No formal closure is asserted; absence of every relevant restriction was not proven.,Seshat Cliopatria; Maddison Project Database 2023; Clio-Infra; HYDE
32,ムガル帝国（前期）,AD1526-AD1700,outcome,survived,historical_event_supported_category_is_project_interpretation,"India - Mughal Empire, 1526-1761 | Britannica",Encyclopaedia Britannica,https://www.britannica.com/place/India/The-Mughal-Empire-1526-1761,"Article, chapter, or dataset overview; relevant text is reproduced in source_excerpt","India - Mughal Empire, 1526-1761 | Britannica ## The Mughal Empire, 1526–1761 Also known as: Bhārat, Bhāratavarsha, Republic of India The Mughal Empire at its zenith commanded resources unprecedented in Indian history and covered almost the entire subcontinent. From 1556 to 1707, during the heyday of its fabulous wealth and glory, the Mughal Empire was a fairly efficient and centralized organization, with a vast complex of personnel, money, and information dedicated to the service of the emperor and his nobility. Much of the empire’s expansion during that period was attributable to India’s growing commercial and cultural contact with the outside world. The 16th and 17th centuries brought the establishment and expansion of European and non-European trading organizations in the subcontinent, principally for the procurement of Indian goods in demand abroad. Indian regions drew close to each other by means of an enhanced overland and coastal trading network, significantly",2026-07-15T02:33:47Z,The source documents the polity history or terminal event. The three-category outcome is an AI-assisted project classification rather than a source variable.,Seshat Cliopatria; Maddison Project Database 2023; Clio-Infra; HYDE
32,ムガル帝国（前期）,AD1526-AD1700,has_external_patron,0,legacy_zero_not_independently_verified,"India - Mughal Empire, 1526-1761 | Britannica",Encyclopaedia Britannica,https://www.britannica.com/place/India/The-Mughal-Empire-1526-1761,"Article, chapter, or dataset overview; relevant text is reproduced in source_excerpt","India - Mughal Empire, 1526-1761 | Britannica ## The Mughal Empire, 1526–1761 Also known as: Bhārat, Bhāratavarsha, Republic of India The Mughal Empire at its zenith commanded resources unprecedented in Indian history and covered almost the entire subcontinent. From 1556 to 1707, during the heyday of its fabulous wealth and glory, the Mughal Empire was a fairly efficient and centralized organization, with a vast complex of personnel, money, and information dedicated to the service of the emperor and his nobility. Much of the empire’s expansion during that period was attributable to India’s growing commercial and cultural contact with the outside world. The 16th and 17th centuries brought the establishment and expansion of European and non-European trading organizations in the subcontinent, principally for the procurement of Indian goods in demand abroad. Indian regions drew close to each other by means of an enhanced overland and coastal trading network, significantly",2026-07-15T02:33:47Z,A zero is the legacy absence coding; no source proves absence of every possible patron relationship.,Seshat Cliopatria; Maddison Project Database 2023; Clio-Infra; HYDE
33,大英帝国,AD1815-AD1945,entity,大英帝国,supported_by_reference_overview,"British Empire | History, Countries, Map, Size, & Facts | Britannica",Encyclopaedia Britannica,https://www.britannica.com/place/British-Empire,"Article, chapter, or dataset overview; relevant text is reproduced in source_excerpt","British Empire | History, Countries, Map, Size, & Facts | Britannica # British Empire Also known as: British Empire and Commonwealth ### What was the British Empire? The British Empire was a worldwide system of dependencies that was brought under the sovereignty of the crown of Great Britain and the administration of the British government over some three centuries, beginning in the 16th century and lasting until the end of the 20th century. The first tentative steps toward the establishment of the British Empire began with the establishment of British overseas settlements in the 16th century. Great Britain’s maritime expansion accelerated in the 17th century and resulted in the establishment of settlements in North America and the West Indies. The East India Company began establishing trading posts in India in 1600, and the first permanent British settlement in Africa was made at James Island in the Gambia River in 1661. Does the British Empire still exist",2026-07-15T02:33:47Z,The cited reference identifies the polity or political unit.,Seshat Cliopatria; Maddison Project Database 2023; Clio-Infra; HYDE; V-Dem v16; Correlates of War Formal Alliances v4.1; Polity5
33,大英帝国,AD1815-AD1945,period,AD1815-AD1945,polity_chronology_supported_project_window_interpretive,"British Empire | History, Countries, Map, Size, & Facts | Britannica",Encyclopaedia Britannica,https://www.britannica.com/place/British-Empire,"Article, chapter, or dataset overview; relevant text is reproduced in source_excerpt","British Empire | History, Countries, Map, Size, & Facts | Britannica # British Empire Also known as: British Empire and Commonwealth ### What was the British Empire? The British Empire was a worldwide system of dependencies that was brought under the sovereignty of the crown of Great Britain and the administration of the British government over some three centuries, beginning in the 16th century and lasting until the end of the 20th century. The first tentative steps toward the establishment of the British Empire began with the establishment of British overseas settlements in the 16th century. Great Britain’s maritime expansion accelerated in the 17th century and resulted in the establishment of settlements in North America and the West Indies. The East India Company began establishing trading posts in India in 1600, and the first permanent British settlement in Africa was made at James Island in the Gambia River in 1661. Does the British Empire still exist",2026-07-15T02:33:47Z,The source supports the polity chronology; split periods and policy windows are project-defined analytical intervals.,Seshat Cliopatria; Maddison Project Database 2023; Clio-Infra; HYDE; V-Dem v16; Correlates of War Formal Alliances v4.1; Polity5
33,大英帝国,AD1815-AD1945,closure_type,none,legacy_none_not_independently_verified,"British Empire | History, Countries, Map, Size, & Facts | Britannica",Encyclopaedia Britannica,https://www.britannica.com/place/British-Empire,"Article, chapter, or dataset overview; relevant text is reproduced in source_excerpt","British Empire | History, Countries, Map, Size, & Facts | Britannica # British Empire Also known as: British Empire and Commonwealth ### What was the British Empire? The British Empire was a worldwide system of dependencies that was brought under the sovereignty of the crown of Great Britain and the administration of the British government over some three centuries, beginning in the 16th century and lasting until the end of the 20th century. The first tentative steps toward the establishment of the British Empire began with the establishment of British overseas settlements in the 16th century. Great Britain’s maritime expansion accelerated in the 17th century and resulted in the establishment of settlements in North America and the West Indies. The East India Company began establishing trading posts in India in 1600, and the first permanent British settlement in Africa was made at James Island in the Gambia River in 1661. Does the British Empire still exist",2026-07-15T02:33:47Z,No formal closure is asserted; absence of every relevant restriction was not proven.,Seshat Cliopatria; Maddison Project Database 2023; Clio-Infra; HYDE; V-Dem v16; Correlates of War Formal Alliances v4.1; Polity5
33,大英帝国,AD1815-AD1945,outcome,survived,historical_event_supported_category_is_project_interpretation,"British Empire | History, Countries, Map, Size, & Facts | Britannica",Encyclopaedia Britannica,https://www.britannica.com/place/British-Empire,"Article, chapter, or dataset overview; relevant text is reproduced in source_excerpt","British Empire | History, Countries, Map, Size, & Facts | Britannica # British Empire Also known as: British Empire and Commonwealth ### What was the British Empire? The British Empire was a worldwide system of dependencies that was brought under the sovereignty of the crown of Great Britain and the administration of the British government over some three centuries, beginning in the 16th century and lasting until the end of the 20th century. The first tentative steps toward the establishment of the British Empire began with the establishment of British overseas settlements in the 16th century. Great Britain’s maritime expansion accelerated in the 17th century and resulted in the establishment of settlements in North America and the West Indies. The East India Company began establishing trading posts in India in 1600, and the first permanent British settlement in Africa was made at James Island in the Gambia River in 1661. Does the British Empire still exist",2026-07-15T02:33:47Z,The source documents the polity history or terminal event. The three-category outcome is an AI-assisted project classification rather than a source variable.,Seshat Cliopatria; Maddison Project Database 2023; Clio-Infra; HYDE; V-Dem v16; Correlates of War Formal Alliances v4.1; Polity5
33,大英帝国,AD1815-AD1945,has_external_patron,0,legacy_zero_not_independently_verified,"British Empire | History, Countries, Map, Size, & Facts | Britannica",Encyclopaedia Britannica,https://www.britannica.com/place/British-Empire,"Article, chapter, or dataset overview; relevant text is reproduced in source_excerpt","British Empire | History, Countries, Map, Size, & Facts | Britannica # British Empire Also known as: British Empire and Commonwealth ### What was the British Empire? The British Empire was a worldwide system of dependencies that was brought under the sovereignty of the crown of Great Britain and the administration of the British government over some three centuries, beginning in the 16th century and lasting until the end of the 20th century. The first tentative steps toward the establishment of the British Empire began with the establishment of British overseas settlements in the 16th century. Great Britain’s maritime expansion accelerated in the 17th century and resulted in the establishment of settlements in North America and the West Indies. The East India Company began establishing trading posts in India in 1600, and the first permanent British settlement in Africa was made at James Island in the Gambia River in 1661. Does the British Empire still exist",2026-07-15T02:33:47Z,A zero is the legacy absence coding; no source proves absence of every possible patron relationship.,Seshat Cliopatria; Maddison Project Database 2023; Clio-Infra; HYDE; V-Dem v16; Correlates of War Formal Alliances v4.1; Polity5
34,米国（モンロー主義期）,AD1823-AD1898,entity,米国（モンロー主義期）,supported_by_reference_overview,"Monroe Doctrine | History, Summary, & Significance | Britannica",Encyclopaedia Britannica,https://www.britannica.com/event/Monroe-Doctrine,"Article, chapter, or dataset overview; relevant text is reproduced in source_excerpt","Monroe Doctrine | History, Summary, & Significance | Britannica Monroe Doctrine The text of U.S. Pres. James Monroe's 1823 annual message to Congress, which outlined the Monroe Doctrine. (more) # Monroe Doctrine ### Why was the Monroe Doctrine important? Although initially disregarded by the great powers of Europe, the Monroe Doctrine became a mainstay of U.S. foreign policy. In 1823 U.S. President James Monroe proclaimed the U.S. protector of the Western Hemisphere by forbidding European powers from colonizing additional territories in the Americas. In return, Monroe committed to not interfere in the affairs, conflicts, and extant colonial enterprises of European states. Although initially a hands-off approach to foreign policy, the Monroe Doctrine—and the 1904 Roosevelt Corollary, which supplemented it—laid the groundwork for U.S. expansionist and interventionist practices in the decades to come. ### What were the basic tenets of the Monroe Doctrine? As",2026-07-15T02:33:47Z,The cited reference identifies the polity or political unit.,Seshat Cliopatria; Maddison Project Database 2023; Clio-Infra; HYDE; V-Dem v16; Correlates of War Formal Alliances v4.1; Polity5
34,米国（モンロー主義期）,AD1823-AD1898,period,AD1823-AD1898,polity_chronology_supported_project_window_interpretive,"Monroe Doctrine | History, Summary, & Significance | Britannica",Encyclopaedia Britannica,https://www.britannica.com/event/Monroe-Doctrine,"Article, chapter, or dataset overview; relevant text is reproduced in source_excerpt","Monroe Doctrine | History, Summary, & Significance | Britannica Monroe Doctrine The text of U.S. Pres. James Monroe's 1823 annual message to Congress, which outlined the Monroe Doctrine. (more) # Monroe Doctrine ### Why was the Monroe Doctrine important? Although initially disregarded by the great powers of Europe, the Monroe Doctrine became a mainstay of U.S. foreign policy. In 1823 U.S. President James Monroe proclaimed the U.S. protector of the Western Hemisphere by forbidding European powers from colonizing additional territories in the Americas. In return, Monroe committed to not interfere in the affairs, conflicts, and extant colonial enterprises of European states. Although initially a hands-off approach to foreign policy, the Monroe Doctrine—and the 1904 Roosevelt Corollary, which supplemented it—laid the groundwork for U.S. expansionist and interventionist practices in the decades to come. ### What were the basic tenets of the Monroe Doctrine? As",2026-07-15T02:33:47Z,The source supports the polity chronology; split periods and policy windows are project-defined analytical intervals.,Seshat Cliopatria; Maddison Project Database 2023; Clio-Infra; HYDE; V-Dem v16; Correlates of War Formal Alliances v4.1; Polity5
34,米国（モンロー主義期）,AD1823-AD1898,closure_type,bloc,not_an_economic_bloc,Economic Aspects of the Monroe Doctrine,DOI-registered scholarly publication,https://doi.org/10.2307/1898008,"Article, chapter, or dataset overview; relevant text is reproduced in source_excerpt","# Economic Aspects of the Monroe Doctrine Journal Article Economic Aspects of the Monroe Doctrine. By Thomas H. Reynolds. George Pedbody College for Teachers Publications, No. 226. (Nashville : George Peabody College for Teachers, 1938. x + 194 pp. Bibliography.) Get access William Spence Robertson William Spence Robertson University of Illinois Search for other works by this author on: Oxford Academic Google Scholar Journal of American History, Volume 27, Issue 4, March 1941, Pages 670–671, https://doi.org/10.2307/1898008 Published: 01 March 1941 American Constitutional Law and Politics, George (robot), Doctrine, Classics, History",2026-07-15T02:33:47Z,"The source supports neutrality or a political/security doctrine, not an economic bloc.",Seshat Cliopatria; Maddison Project Database 2023; Clio-Infra; HYDE; V-Dem v16; Correlates of War Formal Alliances v4.1; Polity5
34,米国（モンロー主義期）,AD1823-AD1898,outcome,survived,historical_event_supported_category_is_project_interpretation,"Monroe Doctrine | History, Summary, & Significance | Britannica",Encyclopaedia Britannica,https://www.britannica.com/event/Monroe-Doctrine,"Article, chapter, or dataset overview; relevant text is reproduced in source_excerpt","Monroe Doctrine | History, Summary, & Significance | Britannica Monroe Doctrine The text of U.S. Pres. James Monroe's 1823 annual message to Congress, which outlined the Monroe Doctrine. (more) # Monroe Doctrine ### Why was the Monroe Doctrine important? Although initially disregarded by the great powers of Europe, the Monroe Doctrine became a mainstay of U.S. foreign policy. In 1823 U.S. President James Monroe proclaimed the U.S. protector of the Western Hemisphere by forbidding European powers from colonizing additional territories in the Americas. In return, Monroe committed to not interfere in the affairs, conflicts, and extant colonial enterprises of European states. Although initially a hands-off approach to foreign policy, the Monroe Doctrine—and the 1904 Roosevelt Corollary, which supplemented it—laid the groundwork for U.S. expansionist and interventionist practices in the decades to come. ### What were the basic tenets of the Monroe Doctrine? As",2026-07-15T02:33:47Z,The source documents the polity history or terminal event. The three-category outcome is an AI-assisted project classification rather than a source variable.,Seshat Cliopatria; Maddison Project Database 2023; Clio-Infra; HYDE; V-Dem v16; Correlates of War Formal Alliances v4.1; Polity5
34,米国（モンロー主義期）,AD1823-AD1898,has_external_patron,0,legacy_zero_not_independently_verified,"Monroe Doctrine | History, Summary, & Significance | Britannica",Encyclopaedia Britannica,https://www.britannica.com/event/Monroe-Doctrine,"Article, chapter, or dataset overview; relevant text is reproduced in source_excerpt","Monroe Doctrine | History, Summary, & Significance | Britannica Monroe Doctrine The text of U.S. Pres. James Monroe's 1823 annual message to Congress, which outlined the Monroe Doctrine. (more) # Monroe Doctrine ### Why was the Monroe Doctrine important? Although initially disregarded by the great powers of Europe, the Monroe Doctrine became a mainstay of U.S. foreign policy. In 1823 U.S. President James Monroe proclaimed the U.S. protector of the Western Hemisphere by forbidding European powers from colonizing additional territories in the Americas. In return, Monroe committed to not interfere in the affairs, conflicts, and extant colonial enterprises of European states. Although initially a hands-off approach to foreign policy, the Monroe Doctrine—and the 1904 Roosevelt Corollary, which supplemented it—laid the groundwork for U.S. expansionist and interventionist practices in the decades to come. ### What were the basic tenets of the Monroe Doctrine? As",2026-07-15T02:33:47Z,A zero is the legacy absence coding; no source proves absence of every possible patron relationship.,Seshat Cliopatria; Maddison Project Database 2023; Clio-Infra; HYDE; V-Dem v16; Correlates of War Formal Alliances v4.1; Polity5
35,明治〜大正日本,AD1868-AD1930,entity,明治〜大正日本,supported_by_reference_overview,"Empire of Japan | Facts, Map, & Emperors | Britannica",Encyclopaedia Britannica,https://www.britannica.com/place/Empire-of-Japan,"Article, chapter, or dataset overview; relevant text is reproduced in source_excerpt","Empire of Japan | Facts, Map, & Emperors | Britannica Empire of Japan Empire of Japan The Empire of Japan, 1870–1942. (more) # Empire of Japan What was the Empire of Japan? The Empire of Japan was founded on January 3, 1868, when supporters of Emperor Meiji overthrew Yoshinobu, the last Tokugawa shogun. The Meiji Constitution invested the emperor with supreme authority, but in practice, he generally assented to policies formulated by his ministers and advisers. With internal reforms completed, the Japanese government set itself to achieving equality with the Western powers. After the Russo-Japanese War, Japanese leaders had a free hand in Korea, and resistance to their agenda was met with force. Itō Hirobumi was sent to Korea as resident general, and he forced through treaties that made Korea a Japanese protectorate. Japan's defeat in World War II led to the enactment of Japan’s postwar constitution on May 3, 1947. When did the Empire of Japan",2026-07-15T02:33:47Z,The cited reference identifies the polity or political unit.,Seshat Cliopatria; Maddison Project Database 2023; Clio-Infra; HYDE; V-Dem v16; Correlates of War Formal Alliances v4.1; Polity5
35,明治〜大正日本,AD1868-AD1930,period,AD1868-AD1930,polity_chronology_supported_project_window_interpretive,"Empire of Japan | Facts, Map, & Emperors | Britannica",Encyclopaedia Britannica,https://www.britannica.com/place/Empire-of-Japan,"Article, chapter, or dataset overview; relevant text is reproduced in source_excerpt","Empire of Japan | Facts, Map, & Emperors | Britannica Empire of Japan Empire of Japan The Empire of Japan, 1870–1942. (more) # Empire of Japan What was the Empire of Japan? The Empire of Japan was founded on January 3, 1868, when supporters of Emperor Meiji overthrew Yoshinobu, the last Tokugawa shogun. The Meiji Constitution invested the emperor with supreme authority, but in practice, he generally assented to policies formulated by his ministers and advisers. With internal reforms completed, the Japanese government set itself to achieving equality with the Western powers. After the Russo-Japanese War, Japanese leaders had a free hand in Korea, and resistance to their agenda was met with force. Itō Hirobumi was sent to Korea as resident general, and he forced through treaties that made Korea a Japanese protectorate. Japan's defeat in World War II led to the enactment of Japan’s postwar constitution on May 3, 1947. When did the Empire of Japan",2026-07-15T02:33:47Z,The source supports the polity chronology; split periods and policy windows are project-defined analytical intervals.,Seshat Cliopatria; Maddison Project Database 2023; Clio-Infra; HYDE; V-Dem v16; Correlates of War Formal Alliances v4.1; Polity5
35,明治〜大正日本,AD1868-AD1930,closure_type,none,legacy_none_not_independently_verified,"Empire of Japan | Facts, Map, & Emperors | Britannica",Encyclopaedia Britannica,https://www.britannica.com/place/Empire-of-Japan,"Article, chapter, or dataset overview; relevant text is reproduced in source_excerpt","Empire of Japan | Facts, Map, & Emperors | Britannica Empire of Japan Empire of Japan The Empire of Japan, 1870–1942. (more) # Empire of Japan What was the Empire of Japan? The Empire of Japan was founded on January 3, 1868, when supporters of Emperor Meiji overthrew Yoshinobu, the last Tokugawa shogun. The Meiji Constitution invested the emperor with supreme authority, but in practice, he generally assented to policies formulated by his ministers and advisers. With internal reforms completed, the Japanese government set itself to achieving equality with the Western powers. After the Russo-Japanese War, Japanese leaders had a free hand in Korea, and resistance to their agenda was met with force. Itō Hirobumi was sent to Korea as resident general, and he forced through treaties that made Korea a Japanese protectorate. Japan's defeat in World War II led to the enactment of Japan’s postwar constitution on May 3, 1947. When did the Empire of Japan",2026-07-15T02:33:47Z,No formal closure is asserted; absence of every relevant restriction was not proven.,Seshat Cliopatria; Maddison Project Database 2023; Clio-Infra; HYDE; V-Dem v16; Correlates of War Formal Alliances v4.1; Polity5
35,明治〜大正日本,AD1868-AD1930,outcome,survived,historical_event_supported_category_is_project_interpretation,"Empire of Japan | Facts, Map, & Emperors | Britannica",Encyclopaedia Britannica,https://www.britannica.com/place/Empire-of-Japan,"Article, chapter, or dataset overview; relevant text is reproduced in source_excerpt","Empire of Japan | Facts, Map, & Emperors | Britannica Empire of Japan Empire of Japan The Empire of Japan, 1870–1942. (more) # Empire of Japan What was the Empire of Japan? The Empire of Japan was founded on January 3, 1868, when supporters of Emperor Meiji overthrew Yoshinobu, the last Tokugawa shogun. The Meiji Constitution invested the emperor with supreme authority, but in practice, he generally assented to policies formulated by his ministers and advisers. With internal reforms completed, the Japanese government set itself to achieving equality with the Western powers. After the Russo-Japanese War, Japanese leaders had a free hand in Korea, and resistance to their agenda was met with force. Itō Hirobumi was sent to Korea as resident general, and he forced through treaties that made Korea a Japanese protectorate. Japan's defeat in World War II led to the enactment of Japan’s postwar constitution on May 3, 1947. When did the Empire of Japan",2026-07-15T02:33:47Z,The source documents the polity history or terminal event. The three-category outcome is an AI-assisted project classification rather than a source variable.,Seshat Cliopatria; Maddison Project Database 2023; Clio-Infra; HYDE; V-Dem v16; Correlates of War Formal Alliances v4.1; Polity5
35,明治〜大正日本,AD1868-AD1930,has_external_patron,0,legacy_zero_not_independently_verified,"Empire of Japan | Facts, Map, & Emperors | Britannica",Encyclopaedia Britannica,https://www.britannica.com/place/Empire-of-Japan,"Article, chapter, or dataset overview; relevant text is reproduced in source_excerpt","Empire of Japan | Facts, Map, & Emperors | Britannica Empire of Japan Empire of Japan The Empire of Japan, 1870–1942. (more) # Empire of Japan What was the Empire of Japan? The Empire of Japan was founded on January 3, 1868, when supporters of Emperor Meiji overthrew Yoshinobu, the last Tokugawa shogun. The Meiji Constitution invested the emperor with supreme authority, but in practice, he generally assented to policies formulated by his ministers and advisers. With internal reforms completed, the Japanese government set itself to achieving equality with the Western powers. After the Russo-Japanese War, Japanese leaders had a free hand in Korea, and resistance to their agenda was met with force. Itō Hirobumi was sent to Korea as resident general, and he forced through treaties that made Korea a Japanese protectorate. Japan's defeat in World War II led to the enactment of Japan’s postwar constitution on May 3, 1947. When did the Empire of Japan",2026-07-15T02:33:47Z,A zero is the legacy absence coding; no source proves absence of every possible patron relationship.,Seshat Cliopatria; Maddison Project Database 2023; Clio-Infra; HYDE; V-Dem v16; Correlates of War Formal Alliances v4.1; Polity5
36,エチオピア帝国,AD1855-AD1936,entity,エチオピア帝国,supported_by_reference_overview,"History of Ethiopia | Events, People, Dates, Maps, & Facts | Britannica",Encyclopaedia Britannica,https://www.britannica.com/topic/history-of-Ethiopia,"Article, chapter, or dataset overview; relevant text is reproduced in source_excerpt","history of Ethiopia, a survey of notable events and people in the history of Ethiopia, from the prehistoric era to the present day. Ethiopia is the largest and most populated country in the Horn of Africa. It is also one of the world’s oldest countries (sometimes referred to as Abyssinia in previous historical periods), its territorial extent having varied over the millennia of its existence. In ancient times it remained centerd on Aksum, an imperial capital whose remains are located in the northern part of the modern state, about 100 miles (160 km) from the Red Sea coast. The present territory was consolidated during the 19th and 20th centuries. After 300 bce, Dʾmt deteriorated as trade routes were diverted eastward for easier access to coastal ports, and a number of smaller city-states arose in its place. Subsequent wars of aggrandizement led to unification under the inland state of Aksum, which, from its base on the Tigray Plateau, controlled the ivory trade into the Sudan,",2026-07-15T02:33:47Z,The cited reference identifies the polity or political unit.,Seshat Cliopatria; Maddison Project Database 2023; Clio-Infra; HYDE; V-Dem v16; Correlates of War Formal Alliances v4.1; Polity5
36,エチオピア帝国,AD1855-AD1936,period,AD1855-AD1936,polity_chronology_supported_project_window_interpretive,"History of Ethiopia | Events, People, Dates, Maps, & Facts | Britannica",Encyclopaedia Britannica,https://www.britannica.com/topic/history-of-Ethiopia,"Article, chapter, or dataset overview; relevant text is reproduced in source_excerpt","history of Ethiopia, a survey of notable events and people in the history of Ethiopia, from the prehistoric era to the present day. Ethiopia is the largest and most populated country in the Horn of Africa. It is also one of the world’s oldest countries (sometimes referred to as Abyssinia in previous historical periods), its territorial extent having varied over the millennia of its existence. In ancient times it remained centerd on Aksum, an imperial capital whose remains are located in the northern part of the modern state, about 100 miles (160 km) from the Red Sea coast. The present territory was consolidated during the 19th and 20th centuries. After 300 bce, Dʾmt deteriorated as trade routes were diverted eastward for easier access to coastal ports, and a number of smaller city-states arose in its place. Subsequent wars of aggrandizement led to unification under the inland state of Aksum, which, from its base on the Tigray Plateau, controlled the ivory trade into the Sudan,",2026-07-15T02:33:47Z,The source supports the polity chronology; split periods and policy windows are project-defined analytical intervals.,Seshat Cliopatria; Maddison Project Database 2023; Clio-Infra; HYDE; V-Dem v16; Correlates of War Formal Alliances v4.1; Polity5
36,エチオピア帝国,AD1855-AD1936,closure_type,maritime_ban,contradicted_by_source,"Indian Trade with Ethiopia, the Gulf of Aden and the Horn of Africa in the Nineteenth and Early Twentieth Centuries",Persée,https://www.persee.fr/doc/cea_0008-0055_1974_num_14_55_2633,"Article, chapter, or dataset overview; relevant text is reproduced in source_excerpt",Article documents extensive nineteenth-century commerce.,2026-07-15T02:33:47Z,Case-specific scholarship documents trade or engagement inconsistent with a blanket closure label.,Seshat Cliopatria; Maddison Project Database 2023; Clio-Infra; HYDE; V-Dem v16; Correlates of War Formal Alliances v4.1; Polity5
36,エチオピア帝国,AD1855-AD1936,outcome,survived,classification_contested_occupation_and_restoration,"History of Ethiopia | Events, People, Dates, Maps, & Facts | Britannica",Encyclopaedia Britannica,https://www.britannica.com/topic/history-of-Ethiopia,"Article, chapter, or dataset overview; relevant text is reproduced in source_excerpt","history of Ethiopia, a survey of notable events and people in the history of Ethiopia, from the prehistoric era to the present day. Ethiopia is the largest and most populated country in the Horn of Africa. It is also one of the world’s oldest countries (sometimes referred to as Abyssinia in previous historical periods), its territorial extent having varied over the millennia of its existence. In ancient times it remained centerd on Aksum, an imperial capital whose remains are located in the northern part of the modern state, about 100 miles (160 km) from the Red Sea coast. The present territory was consolidated during the 19th and 20th centuries. After 300 bce, Dʾmt deteriorated as trade routes were diverted eastward for easier access to coastal ports, and a number of smaller city-states arose in its place. Subsequent wars of aggrandizement led to unification under the inland state of Aksum, which, from its base on the Tigray Plateau, controlled the ivory trade into the Sudan,",2026-07-15T02:33:47Z,Italian occupation began in 1936 and Ethiopian sovereignty was restored in 1941; survived depends on whether temporary occupation counts as disruption.,Seshat Cliopatria; Maddison Project Database 2023; Clio-Infra; HYDE; V-Dem v16; Correlates of War Formal Alliances v4.1; Polity5
36,エチオピア帝国,AD1855-AD1936,has_external_patron,0,legacy_zero_not_independently_verified,"History of Ethiopia | Events, People, Dates, Maps, & Facts | Britannica",Encyclopaedia Britannica,https://www.britannica.com/topic/history-of-Ethiopia,"Article, chapter, or dataset overview; relevant text is reproduced in source_excerpt","history of Ethiopia, a survey of notable events and people in the history of Ethiopia, from the prehistoric era to the present day. Ethiopia is the largest and most populated country in the Horn of Africa. It is also one of the world’s oldest countries (sometimes referred to as Abyssinia in previous historical periods), its territorial extent having varied over the millennia of its existence. In ancient times it remained centerd on Aksum, an imperial capital whose remains are located in the northern part of the modern state, about 100 miles (160 km) from the Red Sea coast. The present territory was consolidated during the 19th and 20th centuries. After 300 bce, Dʾmt deteriorated as trade routes were diverted eastward for easier access to coastal ports, and a number of smaller city-states arose in its place. Subsequent wars of aggrandizement led to unification under the inland state of Aksum, which, from its base on the Tigray Plateau, controlled the ivory trade into the Sudan,",2026-07-15T02:33:47Z,A zero is the legacy absence coding; no source proves absence of every possible patron relationship.,Seshat Cliopatria; Maddison Project Database 2023; Clio-Infra; HYDE; V-Dem v16; Correlates of War Formal Alliances v4.1; Polity5
37,シャム（タイ）,AD1782-AD1932,entity,シャム（タイ）,supported_by_reference_overview,"History of Thailand | People, Culture, Coups, & Facts | Britannica",Encyclopaedia Britannica,https://www.britannica.com/topic/history-of-Thailand,"Article, chapter, or dataset overview; relevant text is reproduced in source_excerpt","The overview states that Siam, Thailand’s official name until 1939, was never brought under European colonial domination.",2026-07-15T02:33:47Z,The cited reference identifies the polity or political unit.,Seshat Cliopatria; Maddison Project Database 2023; Clio-Infra; HYDE; V-Dem v16; Correlates of War Formal Alliances v4.1; Polity5
37,シャム（タイ）,AD1782-AD1932,period,AD1782-AD1932,polity_chronology_supported_project_window_interpretive,"History of Thailand | People, Culture, Coups, & Facts | Britannica",Encyclopaedia Britannica,https://www.britannica.com/topic/history-of-Thailand,"Article, chapter, or dataset overview; relevant text is reproduced in source_excerpt","The overview states that Siam, Thailand’s official name until 1939, was never brought under European colonial domination.",2026-07-15T02:33:47Z,The source supports the polity chronology; split periods and policy windows are project-defined analytical intervals.,Seshat Cliopatria; Maddison Project Database 2023; Clio-Infra; HYDE; V-Dem v16; Correlates of War Formal Alliances v4.1; Polity5
37,シャム（タイ）,AD1782-AD1932,closure_type,none,legacy_none_not_independently_verified,"History of Thailand | People, Culture, Coups, & Facts | Britannica",Encyclopaedia Britannica,https://www.britannica.com/topic/history-of-Thailand,"Article, chapter, or dataset overview; relevant text is reproduced in source_excerpt","The overview states that Siam, Thailand’s official name until 1939, was never brought under European colonial domination.",2026-07-15T02:33:47Z,No formal closure is asserted; absence of every relevant restriction was not proven.,Seshat Cliopatria; Maddison Project Database 2023; Clio-Infra; HYDE; V-Dem v16; Correlates of War Formal Alliances v4.1; Polity5
37,シャム（タイ）,AD1782-AD1932,outcome,survived,historical_event_supported_category_is_project_interpretation,"History of Thailand | People, Culture, Coups, & Facts | Britannica",Encyclopaedia Britannica,https://www.britannica.com/topic/history-of-Thailand,"Article, chapter, or dataset overview; relevant text is reproduced in source_excerpt","The overview states that Siam, Thailand’s official name until 1939, was never brought under European colonial domination.",2026-07-15T02:33:47Z,The source documents the polity history or terminal event. The three-category outcome is an AI-assisted project classification rather than a source variable.,Seshat Cliopatria; Maddison Project Database 2023; Clio-Infra; HYDE; V-Dem v16; Correlates of War Formal Alliances v4.1; Polity5
37,シャム（タイ）,AD1782-AD1932,has_external_patron,0,legacy_zero_not_independently_verified,"History of Thailand | People, Culture, Coups, & Facts | Britannica",Encyclopaedia Britannica,https://www.britannica.com/topic/history-of-Thailand,"Article, chapter, or dataset overview; relevant text is reproduced in source_excerpt","The overview states that Siam, Thailand’s official name until 1939, was never brought under European colonial domination.",2026-07-15T02:33:47Z,A zero is the legacy absence coding; no source proves absence of every possible patron relationship.,Seshat Cliopatria; Maddison Project Database 2023; Clio-Infra; HYDE; V-Dem v16; Correlates of War Formal Alliances v4.1; Polity5
38,スイス,AD1815-AD現在,entity,スイス,supported_by_reference_overview,"Switzerland | History, Flag, Map, Capital, Population, & Facts | Britannica",Encyclopaedia Britannica,https://www.britannica.com/place/Switzerland,"Article, chapter, or dataset overview; relevant text is reproduced in source_excerpt","Switzerland | History, Flag, Map, Capital, Population, & Facts | Britannica Also known as: Confédération Suisse, Confederazione Elvetica, Confederazione Svizzera, Confederaziun Helvetica, Helvetia, Helvetic Confederation, Schweiz, Schweizerische Eidgenossenschaft, Suisse, Svizzera, Svizzra, Swiss Confederation(Show More) Where is Switzerland located? Switzerland is a landlocked country in central Europe. It is bordered by France to the west, Germany to the north, Austria and Liechtenstein to the east, and Italy to the south. It stretches about 135 miles (220 km) from north to south and 220 miles (350 km) from west to east at its widest point. Switzerland's landscape is among the world's most unusual, divided into three distinct regions: the Jura Mountains in the northwest, the Alps to the south and east, and the Mittelland, or central plateau, between the two mountain ranges. The population density of Switzerland in 2025 was 572.5 people per square mile. Switzerland",2026-07-15T02:33:47Z,The cited reference identifies the polity or political unit.,Seshat Cliopatria; Maddison Project Database 2023; Clio-Infra; HYDE; V-Dem v16; Correlates of War Formal Alliances v4.1; Polity5
38,スイス,AD1815-AD現在,period,AD1815-AD現在,polity_chronology_supported_project_window_interpretive,"Switzerland | History, Flag, Map, Capital, Population, & Facts | Britannica",Encyclopaedia Britannica,https://www.britannica.com/place/Switzerland,"Article, chapter, or dataset overview; relevant text is reproduced in source_excerpt","Switzerland | History, Flag, Map, Capital, Population, & Facts | Britannica Also known as: Confédération Suisse, Confederazione Elvetica, Confederazione Svizzera, Confederaziun Helvetica, Helvetia, Helvetic Confederation, Schweiz, Schweizerische Eidgenossenschaft, Suisse, Svizzera, Svizzra, Swiss Confederation(Show More) Where is Switzerland located? Switzerland is a landlocked country in central Europe. It is bordered by France to the west, Germany to the north, Austria and Liechtenstein to the east, and Italy to the south. It stretches about 135 miles (220 km) from north to south and 220 miles (350 km) from west to east at its widest point. Switzerland's landscape is among the world's most unusual, divided into three distinct regions: the Jura Mountains in the northwest, the Alps to the south and east, and the Mittelland, or central plateau, between the two mountain ranges. The population density of Switzerland in 2025 was 572.5 people per square mile. Switzerland",2026-07-15T02:33:47Z,The source supports the polity chronology; split periods and policy windows are project-defined analytical intervals.,Seshat Cliopatria; Maddison Project Database 2023; Clio-Infra; HYDE; V-Dem v16; Correlates of War Formal Alliances v4.1; Polity5
38,スイス,AD1815-AD現在,closure_type,bloc,not_an_economic_bloc,Neutrality,Cambridge University Press,https://doi.org/10.1017/CBO9780511790676.003,"Article, chapter, or dataset overview; relevant text is reproduced in source_excerpt",Chapter overview describes permanent and armed neutrality.,2026-07-15T02:33:47Z,"The source supports neutrality or a political/security doctrine, not an economic bloc.",Seshat Cliopatria; Maddison Project Database 2023; Clio-Infra; HYDE; V-Dem v16; Correlates of War Formal Alliances v4.1; Polity5
38,スイス,AD1815-AD現在,outcome,survived,historical_event_supported_category_is_project_interpretation,"Switzerland | History, Flag, Map, Capital, Population, & Facts | Britannica",Encyclopaedia Britannica,https://www.britannica.com/place/Switzerland,"Article, chapter, or dataset overview; relevant text is reproduced in source_excerpt","Switzerland | History, Flag, Map, Capital, Population, & Facts | Britannica Also known as: Confédération Suisse, Confederazione Elvetica, Confederazione Svizzera, Confederaziun Helvetica, Helvetia, Helvetic Confederation, Schweiz, Schweizerische Eidgenossenschaft, Suisse, Svizzera, Svizzra, Swiss Confederation(Show More) Where is Switzerland located? Switzerland is a landlocked country in central Europe. It is bordered by France to the west, Germany to the north, Austria and Liechtenstein to the east, and Italy to the south. It stretches about 135 miles (220 km) from north to south and 220 miles (350 km) from west to east at its widest point. Switzerland's landscape is among the world's most unusual, divided into three distinct regions: the Jura Mountains in the northwest, the Alps to the south and east, and the Mittelland, or central plateau, between the two mountain ranges. The population density of Switzerland in 2025 was 572.5 people per square mile. Switzerland",2026-07-15T02:33:47Z,The source documents the polity history or terminal event. The three-category outcome is an AI-assisted project classification rather than a source variable.,Seshat Cliopatria; Maddison Project Database 2023; Clio-Infra; HYDE; V-Dem v16; Correlates of War Formal Alliances v4.1; Polity5
38,スイス,AD1815-AD現在,has_external_patron,0,legacy_zero_not_independently_verified,"Switzerland | History, Flag, Map, Capital, Population, & Facts | Britannica",Encyclopaedia Britannica,https://www.britannica.com/place/Switzerland,"Article, chapter, or dataset overview; relevant text is reproduced in source_excerpt","Switzerland | History, Flag, Map, Capital, Population, & Facts | Britannica Also known as: Confédération Suisse, Confederazione Elvetica, Confederazione Svizzera, Confederaziun Helvetica, Helvetia, Helvetic Confederation, Schweiz, Schweizerische Eidgenossenschaft, Suisse, Svizzera, Svizzra, Swiss Confederation(Show More) Where is Switzerland located? Switzerland is a landlocked country in central Europe. It is bordered by France to the west, Germany to the north, Austria and Liechtenstein to the east, and Italy to the south. It stretches about 135 miles (220 km) from north to south and 220 miles (350 km) from west to east at its widest point. Switzerland's landscape is among the world's most unusual, divided into three distinct regions: the Jura Mountains in the northwest, the Alps to the south and east, and the Mittelland, or central plateau, between the two mountain ranges. The population density of Switzerland in 2025 was 572.5 people per square mile. Switzerland",2026-07-15T02:33:47Z,A zero is the legacy absence coding; no source proves absence of every possible patron relationship.,Seshat Cliopatria; Maddison Project Database 2023; Clio-Infra; HYDE; V-Dem v16; Correlates of War Formal Alliances v4.1; Polity5
39,1930s日本（大東亜共栄圏）,AD1930-AD1945,entity,1930s日本（大東亜共栄圏）,supported_by_reference_overview,"Empire of Japan | Facts, Map, & Emperors | Britannica",Encyclopaedia Britannica,https://www.britannica.com/place/Empire-of-Japan,"Article, chapter, or dataset overview; relevant text is reproduced in source_excerpt","Empire of Japan | Facts, Map, & Emperors | Britannica Empire of Japan The Empire of Japan, 1870–1942. (more) # Empire of Japan What was the Empire of Japan? The Empire of Japan was founded on January 3, 1868, when supporters of Emperor Meiji overthrew Yoshinobu, the last Tokugawa shogun. The Meiji Constitution invested the emperor with supreme authority, but in practice, he generally assented to policies formulated by his ministers and advisers. With internal reforms completed, the Japanese government set itself to achieving equality with the Western powers. After the Russo-Japanese War, Japanese leaders had a free hand in Korea, and resistance to their agenda was met with force. Itō Hirobumi was sent to Korea as resident general, and he forced through treaties that made Korea a Japanese protectorate. Japan's defeat in World War II led to the enactment of Japan’s postwar constitution on May 3, 1947. When did the Empire of Japan exist? The Empire of",2026-07-15T02:33:47Z,The cited reference identifies the polity or political unit.,Seshat Cliopatria; Maddison Project Database 2023; Clio-Infra; HYDE; V-Dem v16; Correlates of War Formal Alliances v4.1; Polity5
39,1930s日本（大東亜共栄圏）,AD1930-AD1945,period,AD1930-AD1945,polity_chronology_supported_project_window_interpretive,"Empire of Japan | Facts, Map, & Emperors | Britannica",Encyclopaedia Britannica,https://www.britannica.com/place/Empire-of-Japan,"Article, chapter, or dataset overview; relevant text is reproduced in source_excerpt","Empire of Japan | Facts, Map, & Emperors | Britannica Empire of Japan The Empire of Japan, 1870–1942. (more) # Empire of Japan What was the Empire of Japan? The Empire of Japan was founded on January 3, 1868, when supporters of Emperor Meiji overthrew Yoshinobu, the last Tokugawa shogun. The Meiji Constitution invested the emperor with supreme authority, but in practice, he generally assented to policies formulated by his ministers and advisers. With internal reforms completed, the Japanese government set itself to achieving equality with the Western powers. After the Russo-Japanese War, Japanese leaders had a free hand in Korea, and resistance to their agenda was met with force. Itō Hirobumi was sent to Korea as resident general, and he forced through treaties that made Korea a Japanese protectorate. Japan's defeat in World War II led to the enactment of Japan’s postwar constitution on May 3, 1947. When did the Empire of Japan exist? The Empire of",2026-07-15T02:33:47Z,The source supports the polity chronology; split periods and policy windows are project-defined analytical intervals.,Seshat Cliopatria; Maddison Project Database 2023; Clio-Infra; HYDE; V-Dem v16; Correlates of War Formal Alliances v4.1; Polity5
39,1930s日本（大東亜共栄圏）,AD1930-AD1945,closure_type,bloc,supported,"Interwar Trading Blocs Japan, Britain, and Germany, 1919–39",University of Michigan Press,https://www.press.umich.edu/pdf/047209906X-ch3.pdf,"Article, chapter, or dataset overview; relevant text is reproduced in source_excerpt","with other groups (usually farmers) whose policy interests could be reconciled with their own. Finally, control over dual-use technologies critical to military procurement elevated the political standing of heavy industry in Japan and Germany, where governments made rearmament a high priority. Understanding why these three countries embraced imperial trading blocs helps to illuminate important factors in the multilateral system’s collapse in this era. The causal sequence in the book’s argument—from preferences to pol itics to policy—demonstrates how trade protection and imperial blocs re sponded to politically powerful domestic interests. Of the interwar trading blocs, Japan’s was the first and the most exclusive, as tariffs increased steadily after 1923 and efforts to expand the empire through conquest followed in 1931. Britain maintained an open economy until 1931 but then abandoned nearly a century of free trade with the General Tariff and Imperial Preference. The Nazi regime in Ger",2026-07-15T02:33:47Z,"The source directly supports the policy or bloc classification, subject to the project definition.",Seshat Cliopatria; Maddison Project Database 2023; Clio-Infra; HYDE; V-Dem v16; Correlates of War Formal Alliances v4.1; Polity5
39,1930s日本（大東亜共栄圏）,AD1930-AD1945,outcome,disrupted,historical_event_supported_category_is_project_interpretation,"Empire of Japan | Facts, Map, & Emperors | Britannica",Encyclopaedia Britannica,https://www.britannica.com/place/Empire-of-Japan,"Article, chapter, or dataset overview; relevant text is reproduced in source_excerpt","Empire of Japan | Facts, Map, & Emperors | Britannica Empire of Japan The Empire of Japan, 1870–1942. (more) # Empire of Japan What was the Empire of Japan? The Empire of Japan was founded on January 3, 1868, when supporters of Emperor Meiji overthrew Yoshinobu, the last Tokugawa shogun. The Meiji Constitution invested the emperor with supreme authority, but in practice, he generally assented to policies formulated by his ministers and advisers. With internal reforms completed, the Japanese government set itself to achieving equality with the Western powers. After the Russo-Japanese War, Japanese leaders had a free hand in Korea, and resistance to their agenda was met with force. Itō Hirobumi was sent to Korea as resident general, and he forced through treaties that made Korea a Japanese protectorate. Japan's defeat in World War II led to the enactment of Japan’s postwar constitution on May 3, 1947. When did the Empire of Japan exist? The Empire of",2026-07-15T02:33:47Z,The source documents the polity history or terminal event. The three-category outcome is an AI-assisted project classification rather than a source variable.,Seshat Cliopatria; Maddison Project Database 2023; Clio-Infra; HYDE; V-Dem v16; Correlates of War Formal Alliances v4.1; Polity5
39,1930s日本（大東亜共栄圏）,AD1930-AD1945,has_external_patron,0,legacy_zero_not_independently_verified,"Empire of Japan | Facts, Map, & Emperors | Britannica",Encyclopaedia Britannica,https://www.britannica.com/place/Empire-of-Japan,"Article, chapter, or dataset overview; relevant text is reproduced in source_excerpt","Empire of Japan | Facts, Map, & Emperors | Britannica Empire of Japan The Empire of Japan, 1870–1942. (more) # Empire of Japan What was the Empire of Japan? The Empire of Japan was founded on January 3, 1868, when supporters of Emperor Meiji overthrew Yoshinobu, the last Tokugawa shogun. The Meiji Constitution invested the emperor with supreme authority, but in practice, he generally assented to policies formulated by his ministers and advisers. With internal reforms completed, the Japanese government set itself to achieving equality with the Western powers. After the Russo-Japanese War, Japanese leaders had a free hand in Korea, and resistance to their agenda was met with force. Itō Hirobumi was sent to Korea as resident general, and he forced through treaties that made Korea a Japanese protectorate. Japan's defeat in World War II led to the enactment of Japan’s postwar constitution on May 3, 1947. When did the Empire of Japan exist? The Empire of",2026-07-15T02:33:47Z,A zero is the legacy absence coding; no source proves absence of every possible patron relationship.,Seshat Cliopatria; Maddison Project Database 2023; Clio-Infra; HYDE; V-Dem v16; Correlates of War Formal Alliances v4.1; Polity5
40,ナチスドイツ,AD1933-AD1945,entity,ナチスドイツ,supported_by_reference_overview,"Germany - Nazi, Holocaust, WW2 | Britannica",Encyclopaedia Britannica,https://www.britannica.com/place/Germany/The-Third-Reich-1933-45,"Article, chapter, or dataset overview; relevant text is reproduced in source_excerpt","Germany - Nazi, Holocaust, WW2 | Britannica ## The Third Reich, 1933–45 ## The Nazi revolution When Hitler finally became chancellor, on January 30, 1933, it was not on the crest of a wave of popular support but as the result of backroom political intrigue by Schleicher, Papen, and the president’s son, Oskar von Hindenburg. Only Hitler, they believed, could bring together a coalition with Hugenberg’s DNVP and possibly the Centre Party that could command a majority in the Reichstag. They assured the reluctant president that Hitler’s radical tendencies would be checked by the fact that Papen would hold the vice-chancellorship and that other conservatives would control the crucial ministries, such as those of war, foreign affairs, and economics. The Nazis themselves were restricted to holding the chancellorship and the insignificant federal ministry of the interior. As a sop to the Nazis, Hermann Göring was granted ministerial status but given no portfolio; yet,",2026-07-15T02:33:47Z,The cited reference identifies the polity or political unit.,Seshat Cliopatria; Maddison Project Database 2023; Clio-Infra; HYDE; V-Dem v16; Correlates of War Formal Alliances v4.1; Polity5
40,ナチスドイツ,AD1933-AD1945,period,AD1933-AD1945,polity_chronology_supported_project_window_interpretive,"Germany - Nazi, Holocaust, WW2 | Britannica",Encyclopaedia Britannica,https://www.britannica.com/place/Germany/The-Third-Reich-1933-45,"Article, chapter, or dataset overview; relevant text is reproduced in source_excerpt","Germany - Nazi, Holocaust, WW2 | Britannica ## The Third Reich, 1933–45 ## The Nazi revolution When Hitler finally became chancellor, on January 30, 1933, it was not on the crest of a wave of popular support but as the result of backroom political intrigue by Schleicher, Papen, and the president’s son, Oskar von Hindenburg. Only Hitler, they believed, could bring together a coalition with Hugenberg’s DNVP and possibly the Centre Party that could command a majority in the Reichstag. They assured the reluctant president that Hitler’s radical tendencies would be checked by the fact that Papen would hold the vice-chancellorship and that other conservatives would control the crucial ministries, such as those of war, foreign affairs, and economics. The Nazis themselves were restricted to holding the chancellorship and the insignificant federal ministry of the interior. As a sop to the Nazis, Hermann Göring was granted ministerial status but given no portfolio; yet,",2026-07-15T02:33:47Z,The source supports the polity chronology; split periods and policy windows are project-defined analytical intervals.,Seshat Cliopatria; Maddison Project Database 2023; Clio-Infra; HYDE; V-Dem v16; Correlates of War Formal Alliances v4.1; Polity5
40,ナチスドイツ,AD1933-AD1945,closure_type,bloc,supported,“Economy of the Extended Space” as a form of autarky in 1930s Germany and German-Yugoslav relations in 1933–1941,DOI-registered scholarly publication,https://doi.org/10.7868/s3034600225010143,"Article, chapter, or dataset overview; relevant text is reproduced in source_excerpt","# “Economy of the Extended Space” as a form of autarky in 1930s Germany and German-Yugoslav relations in 1933–1941 The economic policy of autarky has consistently been regarded as an appealing alternative to a policy of free trade for developing or isolated states. The autarkic policy pursued by Nazi Germany prior to World War II represents a significant topic of academic interest, particularly in the context of historical analysis. The subject of this study is the concept of “economy of the extended space” as a form of autarky in Germany during the 1930s. Concurrently, the primary focus is on the application of this model to one of the most understudied areas of the Third Reich’s foreign economic interactions, namely German-Yugoslav relations. The relevance of this topic is determined by two key considerations: firstly, the importance of the phenomenon of the existence of a state with limited resources in conditions of isolation; and secondly, the significance of the “Yugoslav factor”",2026-07-15T02:33:47Z,"The source directly supports the policy or bloc classification, subject to the project definition.",Seshat Cliopatria; Maddison Project Database 2023; Clio-Infra; HYDE; V-Dem v16; Correlates of War Formal Alliances v4.1; Polity5
40,ナチスドイツ,AD1933-AD1945,outcome,disrupted,historical_event_supported_category_is_project_interpretation,"Germany - Nazi, Holocaust, WW2 | Britannica",Encyclopaedia Britannica,https://www.britannica.com/place/Germany/The-Third-Reich-1933-45,"Article, chapter, or dataset overview; relevant text is reproduced in source_excerpt","Germany - Nazi, Holocaust, WW2 | Britannica ## The Third Reich, 1933–45 ## The Nazi revolution When Hitler finally became chancellor, on January 30, 1933, it was not on the crest of a wave of popular support but as the result of backroom political intrigue by Schleicher, Papen, and the president’s son, Oskar von Hindenburg. Only Hitler, they believed, could bring together a coalition with Hugenberg’s DNVP and possibly the Centre Party that could command a majority in the Reichstag. They assured the reluctant president that Hitler’s radical tendencies would be checked by the fact that Papen would hold the vice-chancellorship and that other conservatives would control the crucial ministries, such as those of war, foreign affairs, and economics. The Nazis themselves were restricted to holding the chancellorship and the insignificant federal ministry of the interior. As a sop to the Nazis, Hermann Göring was granted ministerial status but given no portfolio; yet,",2026-07-15T02:33:47Z,The source documents the polity history or terminal event. The three-category outcome is an AI-assisted project classification rather than a source variable.,Seshat Cliopatria; Maddison Project Database 2023; Clio-Infra; HYDE; V-Dem v16; Correlates of War Formal Alliances v4.1; Polity5
40,ナチスドイツ,AD1933-AD1945,has_external_patron,0,legacy_zero_not_independently_verified,"Germany - Nazi, Holocaust, WW2 | Britannica",Encyclopaedia Britannica,https://www.britannica.com/place/Germany/The-Third-Reich-1933-45,"Article, chapter, or dataset overview; relevant text is reproduced in source_excerpt","Germany - Nazi, Holocaust, WW2 | Britannica ## The Third Reich, 1933–45 ## The Nazi revolution When Hitler finally became chancellor, on January 30, 1933, it was not on the crest of a wave of popular support but as the result of backroom political intrigue by Schleicher, Papen, and the president’s son, Oskar von Hindenburg. Only Hitler, they believed, could bring together a coalition with Hugenberg’s DNVP and possibly the Centre Party that could command a majority in the Reichstag. They assured the reluctant president that Hitler’s radical tendencies would be checked by the fact that Papen would hold the vice-chancellorship and that other conservatives would control the crucial ministries, such as those of war, foreign affairs, and economics. The Nazis themselves were restricted to holding the chancellorship and the insignificant federal ministry of the interior. As a sop to the Nazis, Hermann Göring was granted ministerial status but given no portfolio; yet,",2026-07-15T02:33:47Z,A zero is the legacy absence coding; no source proves absence of every possible patron relationship.,Seshat Cliopatria; Maddison Project Database 2023; Clio-Infra; HYDE; V-Dem v16; Correlates of War Formal Alliances v4.1; Polity5
41,ファシストイタリア,AD1922-AD1943,entity,ファシストイタリア,supported_by_reference_overview,Italian kingdom | Italian history | Britannica,Encyclopaedia Britannica,https://www.britannica.com/topic/Italian-kingdom,"Article, chapter, or dataset overview; relevant text is reproduced in source_excerpt","Italian kingdom | Italian history | Britannica # Italian kingdom Also known as: regnum Italiae The Italian kingdom was established in 1861, marking the culmination of the Risorgimento, a 19th-century movement for Italian unification. This period involved freeing the Italian states from foreign control and uniting them politically. Key figures and events include: * Victor Emmanuel II: The king of Sardinia-Piedmont who became the first king of a united Italy.1 * Count Cavour: Piedmont's prime minister, whose skillful maneuvers were instrumental in unification.12 * Giuseppe Mazzini: A key figure in the democratic aspect of the Risorgimento, advocating for national consciousness.3 * House of Savoy: The dynasty that ruled Italy from 1861 until the establishment of the Italian Republic in 1946.2 The unification process involved military campaigns, such as Piedmont's victories against Austria with French assistance in 1859, leading to the annexation of most of Italy by",2026-07-15T02:33:47Z,The cited reference identifies the polity or political unit.,Seshat Cliopatria; Maddison Project Database 2023; Clio-Infra; HYDE; V-Dem v16; Correlates of War Formal Alliances v4.1; Polity5
41,ファシストイタリア,AD1922-AD1943,period,AD1922-AD1943,polity_chronology_supported_project_window_interpretive,Italian kingdom | Italian history | Britannica,Encyclopaedia Britannica,https://www.britannica.com/topic/Italian-kingdom,"Article, chapter, or dataset overview; relevant text is reproduced in source_excerpt","Italian kingdom | Italian history | Britannica # Italian kingdom Also known as: regnum Italiae The Italian kingdom was established in 1861, marking the culmination of the Risorgimento, a 19th-century movement for Italian unification. This period involved freeing the Italian states from foreign control and uniting them politically. Key figures and events include: * Victor Emmanuel II: The king of Sardinia-Piedmont who became the first king of a united Italy.1 * Count Cavour: Piedmont's prime minister, whose skillful maneuvers were instrumental in unification.12 * Giuseppe Mazzini: A key figure in the democratic aspect of the Risorgimento, advocating for national consciousness.3 * House of Savoy: The dynasty that ruled Italy from 1861 until the establishment of the Italian Republic in 1946.2 The unification process involved military campaigns, such as Piedmont's victories against Austria with French assistance in 1859, leading to the annexation of most of Italy by",2026-07-15T02:33:47Z,The source supports the polity chronology; split periods and policy windows are project-defined analytical intervals.,Seshat Cliopatria; Maddison Project Database 2023; Clio-Infra; HYDE; V-Dem v16; Correlates of War Formal Alliances v4.1; Polity5
41,ファシストイタリア,AD1922-AD1943,closure_type,bloc,supported,"Between Constraints and Opportunities: Big Italian Business and Autarky, 1934-1943",research.unipd.it,https://www.research.unipd.it/handle/11577/3412606,"Article, chapter, or dataset overview; relevant text is reproduced in source_excerpt","# Between Constraints and Opportunities: Big Italian Business and Autarky, 1934-1943 The review of the evolution in the 1930s of some of the country’s most prominent industrial sectors, namely the nitrogen, the aluminium and the man-made fibres industry, serves here the purpose of assessing the impact of autarky on technology and long-term industrial development. One suggestion of this article is that the received narrative has overestimated military and ideological considerations in economic self-sufficiency, downplaying, first, the weight of persistent balance of payments problems in its development and, second, the pragmatic nature of autarky. One important conclusion here is also that, as with importsubstitution policies in emerging economies in the post-World War II era, autarky offered a shelter behind which big Italian enterprises could fast develop a large domestic market, per se the sine qua non for massive new investment, technological innovation and greater productivity. Whe",2026-07-15T02:33:47Z,"The source directly supports the policy or bloc classification, subject to the project definition.",Seshat Cliopatria; Maddison Project Database 2023; Clio-Infra; HYDE; V-Dem v16; Correlates of War Formal Alliances v4.1; Polity5
41,ファシストイタリア,AD1922-AD1943,outcome,disrupted,historical_event_supported_category_is_project_interpretation,Italian kingdom | Italian history | Britannica,Encyclopaedia Britannica,https://www.britannica.com/topic/Italian-kingdom,"Article, chapter, or dataset overview; relevant text is reproduced in source_excerpt","Italian kingdom | Italian history | Britannica # Italian kingdom Also known as: regnum Italiae The Italian kingdom was established in 1861, marking the culmination of the Risorgimento, a 19th-century movement for Italian unification. This period involved freeing the Italian states from foreign control and uniting them politically. Key figures and events include: * Victor Emmanuel II: The king of Sardinia-Piedmont who became the first king of a united Italy.1 * Count Cavour: Piedmont's prime minister, whose skillful maneuvers were instrumental in unification.12 * Giuseppe Mazzini: A key figure in the democratic aspect of the Risorgimento, advocating for national consciousness.3 * House of Savoy: The dynasty that ruled Italy from 1861 until the establishment of the Italian Republic in 1946.2 The unification process involved military campaigns, such as Piedmont's victories against Austria with French assistance in 1859, leading to the annexation of most of Italy by",2026-07-15T02:33:47Z,The source documents the polity history or terminal event. The three-category outcome is an AI-assisted project classification rather than a source variable.,Seshat Cliopatria; Maddison Project Database 2023; Clio-Infra; HYDE; V-Dem v16; Correlates of War Formal Alliances v4.1; Polity5
41,ファシストイタリア,AD1922-AD1943,has_external_patron,0,legacy_zero_not_independently_verified,Italian kingdom | Italian history | Britannica,Encyclopaedia Britannica,https://www.britannica.com/topic/Italian-kingdom,"Article, chapter, or dataset overview; relevant text is reproduced in source_excerpt","Italian kingdom | Italian history | Britannica # Italian kingdom Also known as: regnum Italiae The Italian kingdom was established in 1861, marking the culmination of the Risorgimento, a 19th-century movement for Italian unification. This period involved freeing the Italian states from foreign control and uniting them politically. Key figures and events include: * Victor Emmanuel II: The king of Sardinia-Piedmont who became the first king of a united Italy.1 * Count Cavour: Piedmont's prime minister, whose skillful maneuvers were instrumental in unification.12 * Giuseppe Mazzini: A key figure in the democratic aspect of the Risorgimento, advocating for national consciousness.3 * House of Savoy: The dynasty that ruled Italy from 1861 until the establishment of the Italian Republic in 1946.2 The unification process involved military campaigns, such as Piedmont's victories against Austria with French assistance in 1859, leading to the annexation of most of Italy by",2026-07-15T02:33:47Z,A zero is the legacy absence coding; no source proves absence of every possible patron relationship.,Seshat Cliopatria; Maddison Project Database 2023; Clio-Infra; HYDE; V-Dem v16; Correlates of War Formal Alliances v4.1; Polity5
42,ソ連,AD1922-AD1991,entity,ソ連,supported_by_reference_overview,"Soviet Union | History, Leaders, Flag, Map, & Anthem | Britannica",Encyclopaedia Britannica,https://www.britannica.com/place/Soviet-Union,"Article, chapter, or dataset overview; relevant text is reproduced in source_excerpt","Soviet Union | History, Leaders, Flag, Map, & Anthem | Britannica # Soviet Union The Soviet Union, officially the Union of Soviet Socialist Republics (U.S.S.R.), was a Eurasian state that existed from 1922 to 1991. It was the largest country in the world by area, encompassing 15 Soviet Socialist Republics, with Moscow as its capital. The majority of its population was composed of East Slavs, though over 100 distinct nationalities resided within its borders. The Soviet Union was the successor to the Russian Empire and was established following the 1917 Revolution. Its political system was characterized by a highly centralized, authoritarian structure dominated by the Communist Party of the Soviet Union (CPSU). Economically, it operated under a command economy controlled by five-year plans. Significant reforms of glasnost (openness) and perestroika (restructuring) in the late 1980s led to increased political and economic liberalization. However, these reforms, coupled",2026-07-15T02:33:47Z,The cited reference identifies the polity or political unit.,Seshat Cliopatria; Maddison Project Database 2023; Clio-Infra; HYDE; V-Dem v16; Correlates of War Formal Alliances v4.1; Polity5
42,ソ連,AD1922-AD1991,period,AD1922-AD1991,polity_chronology_supported_project_window_interpretive,"Soviet Union | History, Leaders, Flag, Map, & Anthem | Britannica",Encyclopaedia Britannica,https://www.britannica.com/place/Soviet-Union,"Article, chapter, or dataset overview; relevant text is reproduced in source_excerpt","Soviet Union | History, Leaders, Flag, Map, & Anthem | Britannica # Soviet Union The Soviet Union, officially the Union of Soviet Socialist Republics (U.S.S.R.), was a Eurasian state that existed from 1922 to 1991. It was the largest country in the world by area, encompassing 15 Soviet Socialist Republics, with Moscow as its capital. The majority of its population was composed of East Slavs, though over 100 distinct nationalities resided within its borders. The Soviet Union was the successor to the Russian Empire and was established following the 1917 Revolution. Its political system was characterized by a highly centralized, authoritarian structure dominated by the Communist Party of the Soviet Union (CPSU). Economically, it operated under a command economy controlled by five-year plans. Significant reforms of glasnost (openness) and perestroika (restructuring) in the late 1980s led to increased political and economic liberalization. However, these reforms, coupled",2026-07-15T02:33:47Z,The source supports the polity chronology; split periods and policy windows are project-defined analytical intervals.,Seshat Cliopatria; Maddison Project Database 2023; Clio-Infra; HYDE; V-Dem v16; Correlates of War Formal Alliances v4.1; Polity5
42,ソ連,AD1922-AD1991,closure_type,bloc,supported,Autarkic tendencies in the Council for Mutual Economic Assistance,DOI-registered scholarly publication,https://doi.org/10.5771/9783845254227_134,"Article, chapter, or dataset overview; relevant text is reproduced in source_excerpt","Autarky was an important part of the Soviet economic model which emerged in the early 1930s. After this model had been forced onto other Eastern European countries during the Szklarska Poręba Conference in 1947, the economy of the entire Eastern Bloc started showing strong autarkic tendencies. Surprisingly, they did not imply autarky within the Bloc as a whole, but within each communist country on its own. From a geopolitical point of view this was an irrational move. USSR would have profited more from satellite countries with economies complementary to its own, rather than just copies of its regime. Autarkic tendencies proved to be a constant feature of the Eastern Bloc, despite attempts at reforms. The pursuit of self-sufficiency in each country soon moved down all the way to the microeconomic level. While rational there, it proved disastrous macroeconomically and paved the way for the system's subsequent demise. Many public issues in the Eastern bloc became the subject of jokes. The",2026-07-15T02:33:47Z,"The source directly supports the policy or bloc classification, subject to the project definition.",Seshat Cliopatria; Maddison Project Database 2023; Clio-Infra; HYDE; V-Dem v16; Correlates of War Formal Alliances v4.1; Polity5
42,ソ連,AD1922-AD1991,outcome,disrupted,historical_event_supported_category_is_project_interpretation,"Soviet Union | History, Leaders, Flag, Map, & Anthem | Britannica",Encyclopaedia Britannica,https://www.britannica.com/place/Soviet-Union,"Article, chapter, or dataset overview; relevant text is reproduced in source_excerpt","Soviet Union | History, Leaders, Flag, Map, & Anthem | Britannica # Soviet Union The Soviet Union, officially the Union of Soviet Socialist Republics (U.S.S.R.), was a Eurasian state that existed from 1922 to 1991. It was the largest country in the world by area, encompassing 15 Soviet Socialist Republics, with Moscow as its capital. The majority of its population was composed of East Slavs, though over 100 distinct nationalities resided within its borders. The Soviet Union was the successor to the Russian Empire and was established following the 1917 Revolution. Its political system was characterized by a highly centralized, authoritarian structure dominated by the Communist Party of the Soviet Union (CPSU). Economically, it operated under a command economy controlled by five-year plans. Significant reforms of glasnost (openness) and perestroika (restructuring) in the late 1980s led to increased political and economic liberalization. However, these reforms, coupled",2026-07-15T02:33:47Z,The source documents the polity history or terminal event. The three-category outcome is an AI-assisted project classification rather than a source variable.,Seshat Cliopatria; Maddison Project Database 2023; Clio-Infra; HYDE; V-Dem v16; Correlates of War Formal Alliances v4.1; Polity5
42,ソ連,AD1922-AD1991,has_external_patron,0,legacy_zero_not_independently_verified,"Soviet Union | History, Leaders, Flag, Map, & Anthem | Britannica",Encyclopaedia Britannica,https://www.britannica.com/place/Soviet-Union,"Article, chapter, or dataset overview; relevant text is reproduced in source_excerpt","Soviet Union | History, Leaders, Flag, Map, & Anthem | Britannica # Soviet Union The Soviet Union, officially the Union of Soviet Socialist Republics (U.S.S.R.), was a Eurasian state that existed from 1922 to 1991. It was the largest country in the world by area, encompassing 15 Soviet Socialist Republics, with Moscow as its capital. The majority of its population was composed of East Slavs, though over 100 distinct nationalities resided within its borders. The Soviet Union was the successor to the Russian Empire and was established following the 1917 Revolution. Its political system was characterized by a highly centralized, authoritarian structure dominated by the Communist Party of the Soviet Union (CPSU). Economically, it operated under a command economy controlled by five-year plans. Significant reforms of glasnost (openness) and perestroika (restructuring) in the late 1980s led to increased political and economic liberalization. However, these reforms, coupled",2026-07-15T02:33:47Z,A zero is the legacy absence coding; no source proves absence of every possible patron relationship.,Seshat Cliopatria; Maddison Project Database 2023; Clio-Infra; HYDE; V-Dem v16; Correlates of War Formal Alliances v4.1; Polity5
43,東ドイツ,AD1949-AD1990,entity,東ドイツ,supported_by_reference_overview,"East Germany | historical nation, Germany | Britannica",Encyclopaedia Britannica,https://www.britannica.com/place/East-Germany,"Article, chapter, or dataset overview; relevant text is reproduced in source_excerpt","East Germany | historical nation, Germany | Britannica # East Germany historical nation, Germany Also known as: DDR, Deutsche Demokratische Republik, German Democratic Republic, Ostdeutschland(Show More) East Germany, former country(1949–90) that constitutes the northeastern section of present-day Germany. Throughout the Cold War the United States and the Soviet Union avoided direct military confrontation in Europe and engaged in actual combat operations only to keep allies from defecting to the other side or to overthrow them after they had done so. Thus, the Soviet Union sent troops to preserve communist rule in East Germany(1953), Hungary (1956), Czechoslovakia (1968), and Afghanistan (1979). For its part, the United States helped overthrow a left-wing government in Guatemala (1954), supported an unsuccessful invasion of Cuba(1961), invaded the Dominican Republic (1965) and Grenada (1983), and undertook a long (1954–75) and unsuccessful effort to prevent",2026-07-15T02:33:47Z,The cited reference identifies the polity or political unit.,Seshat Cliopatria; Maddison Project Database 2023; Clio-Infra; HYDE; V-Dem v16; Correlates of War Formal Alliances v4.1; Polity5
43,東ドイツ,AD1949-AD1990,period,AD1949-AD1990,polity_chronology_supported_project_window_interpretive,"East Germany | historical nation, Germany | Britannica",Encyclopaedia Britannica,https://www.britannica.com/place/East-Germany,"Article, chapter, or dataset overview; relevant text is reproduced in source_excerpt","East Germany | historical nation, Germany | Britannica # East Germany historical nation, Germany Also known as: DDR, Deutsche Demokratische Republik, German Democratic Republic, Ostdeutschland(Show More) East Germany, former country(1949–90) that constitutes the northeastern section of present-day Germany. Throughout the Cold War the United States and the Soviet Union avoided direct military confrontation in Europe and engaged in actual combat operations only to keep allies from defecting to the other side or to overthrow them after they had done so. Thus, the Soviet Union sent troops to preserve communist rule in East Germany(1953), Hungary (1956), Czechoslovakia (1968), and Afghanistan (1979). For its part, the United States helped overthrow a left-wing government in Guatemala (1954), supported an unsuccessful invasion of Cuba(1961), invaded the Dominican Republic (1965) and Grenada (1983), and undertook a long (1954–75) and unsuccessful effort to prevent",2026-07-15T02:33:47Z,The source supports the polity chronology; split periods and policy windows are project-defined analytical intervals.,Seshat Cliopatria; Maddison Project Database 2023; Clio-Infra; HYDE; V-Dem v16; Correlates of War Formal Alliances v4.1; Polity5
43,東ドイツ,AD1949-AD1990,closure_type,bloc,supported,"Autarky, Ideology, and Technological Lag: The Case of the East German Chemical Industry, 1945–1964",Cambridge University Press,https://doi.org/10.1017/s0008938900011237,"Article, chapter, or dataset overview; relevant text is reproduced in source_excerpt","# Autarky, Ideology, and Technological Lag: The Case of the East German Chemical Industry, 1945–1964 The ignominious and total collapse of the German Democratic Republic (GDR) in 1989/90 revealed all too clearly the disastrous state of the country's economy, especially in comparison to the Federal Republic of Germany (FRG). This fact must not, however, be seen in isolation from another, apparently contradictory one: From the beginning to the end of its existence, the GDR was the shining economic and technological star in the communist firmament in Eastern Europe. GDR electronics and optics were crucial to the Soviet space program and to East-bloc military production, which counted among communism's few technological successes. Its chemical and automobile industries were also well regarded in the Eastern bloc and in many developing countries. The GDR's technological prowess—especially when combined with its favored and very lucrative relationship with the FRG—made for a reasonably high ",2026-07-15T02:33:47Z,"The source directly supports the policy or bloc classification, subject to the project definition.",Seshat Cliopatria; Maddison Project Database 2023; Clio-Infra; HYDE; V-Dem v16; Correlates of War Formal Alliances v4.1; Polity5
43,東ドイツ,AD1949-AD1990,outcome,disrupted,historical_event_supported_category_is_project_interpretation,"East Germany | historical nation, Germany | Britannica",Encyclopaedia Britannica,https://www.britannica.com/place/East-Germany,"Article, chapter, or dataset overview; relevant text is reproduced in source_excerpt","East Germany | historical nation, Germany | Britannica # East Germany historical nation, Germany Also known as: DDR, Deutsche Demokratische Republik, German Democratic Republic, Ostdeutschland(Show More) East Germany, former country(1949–90) that constitutes the northeastern section of present-day Germany. Throughout the Cold War the United States and the Soviet Union avoided direct military confrontation in Europe and engaged in actual combat operations only to keep allies from defecting to the other side or to overthrow them after they had done so. Thus, the Soviet Union sent troops to preserve communist rule in East Germany(1953), Hungary (1956), Czechoslovakia (1968), and Afghanistan (1979). For its part, the United States helped overthrow a left-wing government in Guatemala (1954), supported an unsuccessful invasion of Cuba(1961), invaded the Dominican Republic (1965) and Grenada (1983), and undertook a long (1954–75) and unsuccessful effort to prevent",2026-07-15T02:33:47Z,The source documents the polity history or terminal event. The three-category outcome is an AI-assisted project classification rather than a source variable.,Seshat Cliopatria; Maddison Project Database 2023; Clio-Infra; HYDE; V-Dem v16; Correlates of War Formal Alliances v4.1; Polity5
43,東ドイツ,AD1949-AD1990,has_external_patron,1,supported_relationship_binary_interpretation,The Military Factor in East German Soviet Policy,Cambridge University Press,https://www.cambridge.org/core/journals/slavic-review/article/abs/military-factor-in-east-german-soviet-policy/2BE61BA3E73252130DEA7D3EB264CE42,"Article, chapter, or dataset overview; relevant text is reproduced in source_excerpt",Abstract discusses GDR military participation in the Warsaw Pact.,2026-07-15T02:33:47Z,"The source documents an alliance, support, dependency, or patron-client relationship; the binary remains interpretive.",Seshat Cliopatria; Maddison Project Database 2023; Clio-Infra; HYDE; V-Dem v16; Correlates of War Formal Alliances v4.1; Polity5
44,ユーゴスラビア,AD1945-AD1992,entity,ユーゴスラビア,supported_by_reference_overview,"Yugoslavia | historical nation, Europe [1929–1992] | Britannica",Encyclopaedia Britannica,https://www.britannica.com/place/Yugoslavia-historical-nation-Europe-1929-1992,"Article, chapter, or dataset overview; relevant text is reproduced in source_excerpt","Yugoslavia | historical nation, Europe [1929–1992] | Britannica historical nation, Europe [1929–1992]",2026-07-15T02:33:47Z,The cited reference identifies the polity or political unit.,Seshat Cliopatria; Maddison Project Database 2023; Clio-Infra; HYDE; V-Dem v16; Correlates of War Formal Alliances v4.1; Polity5
44,ユーゴスラビア,AD1945-AD1992,period,AD1945-AD1992,polity_chronology_supported_project_window_interpretive,"Yugoslavia | historical nation, Europe [1929–1992] | Britannica",Encyclopaedia Britannica,https://www.britannica.com/place/Yugoslavia-historical-nation-Europe-1929-1992,"Article, chapter, or dataset overview; relevant text is reproduced in source_excerpt","Yugoslavia | historical nation, Europe [1929–1992] | Britannica historical nation, Europe [1929–1992]",2026-07-15T02:33:47Z,The source supports the polity chronology; split periods and policy windows are project-defined analytical intervals.,Seshat Cliopatria; Maddison Project Database 2023; Clio-Infra; HYDE; V-Dem v16; Correlates of War Formal Alliances v4.1; Polity5
44,ユーゴスラビア,AD1945-AD1992,closure_type,bloc,contradicted_non_aligned,"No Bargaining Chips, No Spheres of Interest: The Yugoslav Origins of Cold War Non-Alignment",MIT Press,https://doi.org/10.1162/jcws_a_00434,"Article, chapter, or dataset overview; relevant text is reproduced in source_excerpt",Abstract documents Yugoslav non-commitment to blocs.,2026-07-15T02:33:47Z,The source documents explicit non-commitment to blocs.,Seshat Cliopatria; Maddison Project Database 2023; Clio-Infra; HYDE; V-Dem v16; Correlates of War Formal Alliances v4.1; Polity5
44,ユーゴスラビア,AD1945-AD1992,outcome,disrupted,historical_event_supported_category_is_project_interpretation,"Yugoslavia | historical nation, Europe [1929–1992] | Britannica",Encyclopaedia Britannica,https://www.britannica.com/place/Yugoslavia-historical-nation-Europe-1929-1992,"Article, chapter, or dataset overview; relevant text is reproduced in source_excerpt","Yugoslavia | historical nation, Europe [1929–1992] | Britannica historical nation, Europe [1929–1992]",2026-07-15T02:33:47Z,The source documents the polity history or terminal event. The three-category outcome is an AI-assisted project classification rather than a source variable.,Seshat Cliopatria; Maddison Project Database 2023; Clio-Infra; HYDE; V-Dem v16; Correlates of War Formal Alliances v4.1; Polity5
44,ユーゴスラビア,AD1945-AD1992,has_external_patron,0,legacy_zero_not_independently_verified,"Yugoslavia | historical nation, Europe [1929–1992] | Britannica",Encyclopaedia Britannica,https://www.britannica.com/place/Yugoslavia-historical-nation-Europe-1929-1992,"Article, chapter, or dataset overview; relevant text is reproduced in source_excerpt","Yugoslavia | historical nation, Europe [1929–1992] | Britannica historical nation, Europe [1929–1992]",2026-07-15T02:33:47Z,A zero is the legacy absence coding; no source proves absence of every possible patron relationship.,Seshat Cliopatria; Maddison Project Database 2023; Clio-Infra; HYDE; V-Dem v16; Correlates of War Formal Alliances v4.1; Polity5
45,英国帝国特恵制度,AD1932-AD1960,entity,英国帝国特恵制度,supported_by_reference_overview,Imperial Economic Conference | Canada [1932] | Britannica,Encyclopaedia Britannica,https://www.britannica.com/topic/Imperial-Economic-Conference,"Article, chapter, or dataset overview; relevant text is reproduced in source_excerpt","Imperial Economic Conference | Canada [1932] | Britannica # Imperial Economic Conference Canada [1 - imperial preference…producers last”—was negotiated at the Imperial Economic Conference in Ottawa in 1932 and took the form of a series of bilateral agreements intended to extend for five years (lacking a formal renewal, they expired after 1937). Read More…producers last”—was negotiated at the Imperial Economic Conference in Ottawa in 1932 and took the form of a series of bilateral agreements intended to extend for five years (lacking a formal renewal, they expired after 1937). Read More - CanadaThe Great Depression…the Commonwealth, securing at the Imperial Economic Conference of 1932, held in Ottawa, a series of preferential tariffs, known as the Ottawa Agreements, among the Commonwealth countries (see imperial preference). When the Ottawa Agreements failed to produce the desired results, he approached the Read More…the Commonwealth, securing at the Imperial Economic",2026-07-15T02:33:47Z,The cited reference identifies the polity or political unit.,Seshat Cliopatria; Maddison Project Database 2023; Clio-Infra; HYDE; V-Dem v16; Correlates of War Formal Alliances v4.1; Polity5
45,英国帝国特恵制度,AD1932-AD1960,period,AD1932-AD1960,polity_chronology_supported_project_window_interpretive,Imperial Economic Conference | Canada [1932] | Britannica,Encyclopaedia Britannica,https://www.britannica.com/topic/Imperial-Economic-Conference,"Article, chapter, or dataset overview; relevant text is reproduced in source_excerpt","Imperial Economic Conference | Canada [1932] | Britannica # Imperial Economic Conference Canada [1 - imperial preference…producers last”—was negotiated at the Imperial Economic Conference in Ottawa in 1932 and took the form of a series of bilateral agreements intended to extend for five years (lacking a formal renewal, they expired after 1937). Read More…producers last”—was negotiated at the Imperial Economic Conference in Ottawa in 1932 and took the form of a series of bilateral agreements intended to extend for five years (lacking a formal renewal, they expired after 1937). Read More - CanadaThe Great Depression…the Commonwealth, securing at the Imperial Economic Conference of 1932, held in Ottawa, a series of preferential tariffs, known as the Ottawa Agreements, among the Commonwealth countries (see imperial preference). When the Ottawa Agreements failed to produce the desired results, he approached the Read More…the Commonwealth, securing at the Imperial Economic",2026-07-15T02:33:47Z,The source supports the polity chronology; split periods and policy windows are project-defined analytical intervals.,Seshat Cliopatria; Maddison Project Database 2023; Clio-Infra; HYDE; V-Dem v16; Correlates of War Formal Alliances v4.1; Polity5
45,英国帝国特恵制度,AD1932-AD1960,closure_type,bloc,supported,"The World in Blocs: Leo Amery, the British Empire and Regionalist Anti-internationalism, 1903–1947",Cambridge University Press,https://doi.org/10.1017/s1740022822000262,"Article, chapter, or dataset overview; relevant text is reproduced in source_excerpt","Tariff reform and the neo-mercantilist revolt against free trade, 1870s-1930s On the eve of the Ottawa Conference in July 1932, Amery recollected the jubilant elation he had felt when Sir Joseph Chamberlain launched the campaign for Tariff Reform three decades earlier, on 15 May, 1903. 28 Amery saw tariff reform and Imperial Preference as the 'master-key' to the problem of the Empire's decline. He had become one of Chamberlain's first followers: after the speech, Amery had set to work immediately, telephoning friends to assemble a core group of supporters who went on to form the Tariff Reform League a couple of weeks later. 29 He also spearheaded a pamphlet war in the columns of The Times against the most faithful defenders of free trade organized by the 'Cobden Club'. Through to the end of his life, Amery's opposition to free trade remained the most constant cause of his career. Amery's prediction that the future would belong to the great powers that embraced protectionism and economi",2026-07-15T02:33:47Z,"The source directly supports the policy or bloc classification, subject to the project definition.",Seshat Cliopatria; Maddison Project Database 2023; Clio-Infra; HYDE; V-Dem v16; Correlates of War Formal Alliances v4.1; Polity5
45,英国帝国特恵制度,AD1932-AD1960,outcome,survived,historical_event_supported_category_is_project_interpretation,Imperial Economic Conference | Canada [1932] | Britannica,Encyclopaedia Britannica,https://www.britannica.com/topic/Imperial-Economic-Conference,"Article, chapter, or dataset overview; relevant text is reproduced in source_excerpt","Imperial Economic Conference | Canada [1932] | Britannica # Imperial Economic Conference Canada [1 - imperial preference…producers last”—was negotiated at the Imperial Economic Conference in Ottawa in 1932 and took the form of a series of bilateral agreements intended to extend for five years (lacking a formal renewal, they expired after 1937). Read More…producers last”—was negotiated at the Imperial Economic Conference in Ottawa in 1932 and took the form of a series of bilateral agreements intended to extend for five years (lacking a formal renewal, they expired after 1937). Read More - CanadaThe Great Depression…the Commonwealth, securing at the Imperial Economic Conference of 1932, held in Ottawa, a series of preferential tariffs, known as the Ottawa Agreements, among the Commonwealth countries (see imperial preference). When the Ottawa Agreements failed to produce the desired results, he approached the Read More…the Commonwealth, securing at the Imperial Economic",2026-07-15T02:33:47Z,The source documents the polity history or terminal event. The three-category outcome is an AI-assisted project classification rather than a source variable.,Seshat Cliopatria; Maddison Project Database 2023; Clio-Infra; HYDE; V-Dem v16; Correlates of War Formal Alliances v4.1; Polity5
45,英国帝国特恵制度,AD1932-AD1960,has_external_patron,0,legacy_zero_not_independently_verified,Imperial Economic Conference | Canada [1932] | Britannica,Encyclopaedia Britannica,https://www.britannica.com/topic/Imperial-Economic-Conference,"Article, chapter, or dataset overview; relevant text is reproduced in source_excerpt","Imperial Economic Conference | Canada [1932] | Britannica # Imperial Economic Conference Canada [1 - imperial preference…producers last”—was negotiated at the Imperial Economic Conference in Ottawa in 1932 and took the form of a series of bilateral agreements intended to extend for five years (lacking a formal renewal, they expired after 1937). Read More…producers last”—was negotiated at the Imperial Economic Conference in Ottawa in 1932 and took the form of a series of bilateral agreements intended to extend for five years (lacking a formal renewal, they expired after 1937). Read More - CanadaThe Great Depression…the Commonwealth, securing at the Imperial Economic Conference of 1932, held in Ottawa, a series of preferential tariffs, known as the Ottawa Agreements, among the Commonwealth countries (see imperial preference). When the Ottawa Agreements failed to produce the desired results, he approached the Read More…the Commonwealth, securing at the Imperial Economic",2026-07-15T02:33:47Z,A zero is the legacy absence coding; no source proves absence of every possible patron relationship.,Seshat Cliopatria; Maddison Project Database 2023; Clio-Infra; HYDE; V-Dem v16; Correlates of War Formal Alliances v4.1; Polity5
46,米国（戦後〜冷戦期）,AD1945-AD1991,entity,米国（戦後〜冷戦期）,supported_by_reference_overview,Cold War causes and impact | Britannica,Encyclopaedia Britannica,https://www.britannica.com/summary/Cold-War,"Article, chapter, or dataset overview; relevant text is reproduced in source_excerpt","The summary describes the post-1945 rivalry between the United States, the Soviet Union, and their respective allies.",2026-07-15T02:33:47Z,The cited reference identifies the polity or political unit.,Seshat Cliopatria; Maddison Project Database 2023; Clio-Infra; HYDE; V-Dem v16; Correlates of War Formal Alliances v4.1; Polity5
46,米国（戦後〜冷戦期）,AD1945-AD1991,period,AD1945-AD1991,polity_chronology_supported_project_window_interpretive,Cold War causes and impact | Britannica,Encyclopaedia Britannica,https://www.britannica.com/summary/Cold-War,"Article, chapter, or dataset overview; relevant text is reproduced in source_excerpt","The summary describes the post-1945 rivalry between the United States, the Soviet Union, and their respective allies.",2026-07-15T02:33:47Z,The source supports the polity chronology; split periods and policy windows are project-defined analytical intervals.,Seshat Cliopatria; Maddison Project Database 2023; Clio-Infra; HYDE; V-Dem v16; Correlates of War Formal Alliances v4.1; Polity5
46,米国（戦後〜冷戦期）,AD1945-AD1991,closure_type,none,legacy_none_not_independently_verified,Cold War causes and impact | Britannica,Encyclopaedia Britannica,https://www.britannica.com/summary/Cold-War,"Article, chapter, or dataset overview; relevant text is reproduced in source_excerpt","The summary describes the post-1945 rivalry between the United States, the Soviet Union, and their respective allies.",2026-07-15T02:33:47Z,No formal closure is asserted; absence of every relevant restriction was not proven.,Seshat Cliopatria; Maddison Project Database 2023; Clio-Infra; HYDE; V-Dem v16; Correlates of War Formal Alliances v4.1; Polity5
46,米国（戦後〜冷戦期）,AD1945-AD1991,outcome,survived,historical_event_supported_category_is_project_interpretation,Cold War causes and impact | Britannica,Encyclopaedia Britannica,https://www.britannica.com/summary/Cold-War,"Article, chapter, or dataset overview; relevant text is reproduced in source_excerpt","The summary describes the post-1945 rivalry between the United States, the Soviet Union, and their respective allies.",2026-07-15T02:33:47Z,The source documents the polity history or terminal event. The three-category outcome is an AI-assisted project classification rather than a source variable.,Seshat Cliopatria; Maddison Project Database 2023; Clio-Infra; HYDE; V-Dem v16; Correlates of War Formal Alliances v4.1; Polity5
46,米国（戦後〜冷戦期）,AD1945-AD1991,has_external_patron,0,legacy_zero_not_independently_verified,Cold War causes and impact | Britannica,Encyclopaedia Britannica,https://www.britannica.com/summary/Cold-War,"Article, chapter, or dataset overview; relevant text is reproduced in source_excerpt","The summary describes the post-1945 rivalry between the United States, the Soviet Union, and their respective allies.",2026-07-15T02:33:47Z,A zero is the legacy absence coding; no source proves absence of every possible patron relationship.,Seshat Cliopatria; Maddison Project Database 2023; Clio-Infra; HYDE; V-Dem v16; Correlates of War Formal Alliances v4.1; Polity5
47,戦後日本（高度成長期）,AD1945-AD1990,entity,戦後日本（高度成長期）,supported_by_reference_overview,Japan since 1945 | Britannica,Encyclopaedia Britannica,https://www.britannica.com/place/Japan/Japan-since-1945,"Article, chapter, or dataset overview; relevant text is reproduced in source_excerpt","The article covers occupation reforms, postwar recovery, and Japan’s economic and social transformation after 1945.",2026-07-15T02:33:47Z,The cited reference identifies the polity or political unit.,Seshat Cliopatria; Maddison Project Database 2023; Clio-Infra; HYDE; V-Dem v16; Correlates of War Formal Alliances v4.1; Polity5
47,戦後日本（高度成長期）,AD1945-AD1990,period,AD1945-AD1990,polity_chronology_supported_project_window_interpretive,Japan since 1945 | Britannica,Encyclopaedia Britannica,https://www.britannica.com/place/Japan/Japan-since-1945,"Article, chapter, or dataset overview; relevant text is reproduced in source_excerpt","The article covers occupation reforms, postwar recovery, and Japan’s economic and social transformation after 1945.",2026-07-15T02:33:47Z,The source supports the polity chronology; split periods and policy windows are project-defined analytical intervals.,Seshat Cliopatria; Maddison Project Database 2023; Clio-Infra; HYDE; V-Dem v16; Correlates of War Formal Alliances v4.1; Polity5
47,戦後日本（高度成長期）,AD1945-AD1990,closure_type,none,legacy_none_not_independently_verified,Japan since 1945 | Britannica,Encyclopaedia Britannica,https://www.britannica.com/place/Japan/Japan-since-1945,"Article, chapter, or dataset overview; relevant text is reproduced in source_excerpt","The article covers occupation reforms, postwar recovery, and Japan’s economic and social transformation after 1945.",2026-07-15T02:33:47Z,No formal closure is asserted; absence of every relevant restriction was not proven.,Seshat Cliopatria; Maddison Project Database 2023; Clio-Infra; HYDE; V-Dem v16; Correlates of War Formal Alliances v4.1; Polity5
47,戦後日本（高度成長期）,AD1945-AD1990,outcome,survived,historical_event_supported_category_is_project_interpretation,Japan since 1945 | Britannica,Encyclopaedia Britannica,https://www.britannica.com/place/Japan/Japan-since-1945,"Article, chapter, or dataset overview; relevant text is reproduced in source_excerpt","The article covers occupation reforms, postwar recovery, and Japan’s economic and social transformation after 1945.",2026-07-15T02:33:47Z,The source documents the polity history or terminal event. The three-category outcome is an AI-assisted project classification rather than a source variable.,Seshat Cliopatria; Maddison Project Database 2023; Clio-Infra; HYDE; V-Dem v16; Correlates of War Formal Alliances v4.1; Polity5
47,戦後日本（高度成長期）,AD1945-AD1990,has_external_patron,1,supported_relationship_binary_interpretation,Formation of Japan-U.S. Security Arrangements,"National Institute for Defense Studies, Japan",https://www.nids.mod.go.jp/english/event/forum/pdf/2016/06.pdf,"Article, chapter, or dataset overview; relevant text is reproduced in source_excerpt",Introduction describes the 1951 security treaty and U.S. protection.,2026-07-15T02:33:47Z,"The source documents an alliance, support, dependency, or patron-client relationship; the binary remains interpretive.",Seshat Cliopatria; Maddison Project Database 2023; Clio-Infra; HYDE; V-Dem v16; Correlates of War Formal Alliances v4.1; Polity5
48,シンガポール,AD1965-AD現在,entity,シンガポール,supported_by_reference_overview,"Singapore | Facts, Geography, History, & Points of Interest | Britannica",Encyclopaedia Britannica,https://www.britannica.com/place/Singapore,"Article, chapter, or dataset overview; relevant text is reproduced in source_excerpt","Singapore | Facts, Geography, History, & Points of Interest | Britannica What is Singapore? Singapore is a vibrant city-state located at the southern tip of the Malay Peninsula, renowned as a major global trading hub and one of the busiest ports in the world. Historically, it was an outpost for the Sumatran empire of Srivijaya and known as Temasek, meaning ""sea"". Its strategic location on the Strait of Malacca has been key to its prosperity. Singapore has experienced significant economic growth, developing strong financial and industrial sectors, particularly in high-technology manufacturing and oil refining. Culturally, it's a melting pot, offering a glimpse into various Asian traditions due to its diverse population of Chinese, Malays, and Indians. The country officially became an independent state on August 9, 1965, after seceding from Malaysia. Where is Singapore located? Singapore is a city-state located at the southern tip of the Malay Peninsula,",2026-07-15T02:33:47Z,The cited reference identifies the polity or political unit.,Seshat Cliopatria; Maddison Project Database 2023; Clio-Infra; HYDE; V-Dem v16; Correlates of War Formal Alliances v4.1; Polity5
48,シンガポール,AD1965-AD現在,period,AD1965-AD現在,polity_chronology_supported_project_window_interpretive,"Singapore | Facts, Geography, History, & Points of Interest | Britannica",Encyclopaedia Britannica,https://www.britannica.com/place/Singapore,"Article, chapter, or dataset overview; relevant text is reproduced in source_excerpt","Singapore | Facts, Geography, History, & Points of Interest | Britannica What is Singapore? Singapore is a vibrant city-state located at the southern tip of the Malay Peninsula, renowned as a major global trading hub and one of the busiest ports in the world. Historically, it was an outpost for the Sumatran empire of Srivijaya and known as Temasek, meaning ""sea"". Its strategic location on the Strait of Malacca has been key to its prosperity. Singapore has experienced significant economic growth, developing strong financial and industrial sectors, particularly in high-technology manufacturing and oil refining. Culturally, it's a melting pot, offering a glimpse into various Asian traditions due to its diverse population of Chinese, Malays, and Indians. The country officially became an independent state on August 9, 1965, after seceding from Malaysia. Where is Singapore located? Singapore is a city-state located at the southern tip of the Malay Peninsula,",2026-07-15T02:33:47Z,The source supports the polity chronology; split periods and policy windows are project-defined analytical intervals.,Seshat Cliopatria; Maddison Project Database 2023; Clio-Infra; HYDE; V-Dem v16; Correlates of War Formal Alliances v4.1; Polity5
48,シンガポール,AD1965-AD現在,closure_type,none,legacy_none_not_independently_verified,"Singapore | Facts, Geography, History, & Points of Interest | Britannica",Encyclopaedia Britannica,https://www.britannica.com/place/Singapore,"Article, chapter, or dataset overview; relevant text is reproduced in source_excerpt","Singapore | Facts, Geography, History, & Points of Interest | Britannica What is Singapore? Singapore is a vibrant city-state located at the southern tip of the Malay Peninsula, renowned as a major global trading hub and one of the busiest ports in the world. Historically, it was an outpost for the Sumatran empire of Srivijaya and known as Temasek, meaning ""sea"". Its strategic location on the Strait of Malacca has been key to its prosperity. Singapore has experienced significant economic growth, developing strong financial and industrial sectors, particularly in high-technology manufacturing and oil refining. Culturally, it's a melting pot, offering a glimpse into various Asian traditions due to its diverse population of Chinese, Malays, and Indians. The country officially became an independent state on August 9, 1965, after seceding from Malaysia. Where is Singapore located? Singapore is a city-state located at the southern tip of the Malay Peninsula,",2026-07-15T02:33:47Z,No formal closure is asserted; absence of every relevant restriction was not proven.,Seshat Cliopatria; Maddison Project Database 2023; Clio-Infra; HYDE; V-Dem v16; Correlates of War Formal Alliances v4.1; Polity5
48,シンガポール,AD1965-AD現在,outcome,survived,historical_event_supported_category_is_project_interpretation,"Singapore | Facts, Geography, History, & Points of Interest | Britannica",Encyclopaedia Britannica,https://www.britannica.com/place/Singapore,"Article, chapter, or dataset overview; relevant text is reproduced in source_excerpt","Singapore | Facts, Geography, History, & Points of Interest | Britannica What is Singapore? Singapore is a vibrant city-state located at the southern tip of the Malay Peninsula, renowned as a major global trading hub and one of the busiest ports in the world. Historically, it was an outpost for the Sumatran empire of Srivijaya and known as Temasek, meaning ""sea"". Its strategic location on the Strait of Malacca has been key to its prosperity. Singapore has experienced significant economic growth, developing strong financial and industrial sectors, particularly in high-technology manufacturing and oil refining. Culturally, it's a melting pot, offering a glimpse into various Asian traditions due to its diverse population of Chinese, Malays, and Indians. The country officially became an independent state on August 9, 1965, after seceding from Malaysia. Where is Singapore located? Singapore is a city-state located at the southern tip of the Malay Peninsula,",2026-07-15T02:33:47Z,The source documents the polity history or terminal event. The three-category outcome is an AI-assisted project classification rather than a source variable.,Seshat Cliopatria; Maddison Project Database 2023; Clio-Infra; HYDE; V-Dem v16; Correlates of War Formal Alliances v4.1; Polity5
48,シンガポール,AD1965-AD現在,has_external_patron,0,legacy_zero_not_independently_verified,"Singapore | Facts, Geography, History, & Points of Interest | Britannica",Encyclopaedia Britannica,https://www.britannica.com/place/Singapore,"Article, chapter, or dataset overview; relevant text is reproduced in source_excerpt","Singapore | Facts, Geography, History, & Points of Interest | Britannica What is Singapore? Singapore is a vibrant city-state located at the southern tip of the Malay Peninsula, renowned as a major global trading hub and one of the busiest ports in the world. Historically, it was an outpost for the Sumatran empire of Srivijaya and known as Temasek, meaning ""sea"". Its strategic location on the Strait of Malacca has been key to its prosperity. Singapore has experienced significant economic growth, developing strong financial and industrial sectors, particularly in high-technology manufacturing and oil refining. Culturally, it's a melting pot, offering a glimpse into various Asian traditions due to its diverse population of Chinese, Malays, and Indians. The country officially became an independent state on August 9, 1965, after seceding from Malaysia. Where is Singapore located? Singapore is a city-state located at the southern tip of the Malay Peninsula,",2026-07-15T02:33:47Z,A zero is the legacy absence coding; no source proves absence of every possible patron relationship.,Seshat Cliopatria; Maddison Project Database 2023; Clio-Infra; HYDE; V-Dem v16; Correlates of War Formal Alliances v4.1; Polity5
49,韓国,AD1961-AD現在,entity,韓国,supported_by_reference_overview,"South Korea | History, Map, Flag, Capital, Population, President, & Facts | Britannica",Encyclopaedia Britannica,https://www.britannica.com/place/South-Korea,"Article, chapter, or dataset overview; relevant text is reproduced in source_excerpt","South Korea | History, Map, Flag, Capital, Population, President, & Facts | Britannica What is South Korea? South Korea is a country in East Asia occupying the southern part of the Korean peninsula. It is bordered to the north by North Korea, to the east by the East Sea, to the south by the East China Sea, and to the west by the Yellow Sea. Seoul is South Korea's capital. Since the 1960s, South Korea has transformed into a highly industrialized nation with an export-oriented economy. The 1987 constitutional referendum established the Sixth Republic, which patterns its structure mainly on the presidential system of the United States. Modern Korean culture has roots in Shamanism, Buddhism, and Confucianism. South Korea is a country in East Asia, located on the southern portion of the Korean Peninsula. It is bordered to the north by North Korea, to the east by the East Sea (Sea of Japan), to the south by the East China Sea, and to the west by the Yellow Sea. The Korea",2026-07-15T02:33:47Z,The cited reference identifies the polity or political unit.,Seshat Cliopatria; Maddison Project Database 2023; Clio-Infra; HYDE; V-Dem v16; Correlates of War Formal Alliances v4.1; Polity5
49,韓国,AD1961-AD現在,period,AD1961-AD現在,polity_chronology_supported_project_window_interpretive,"South Korea | History, Map, Flag, Capital, Population, President, & Facts | Britannica",Encyclopaedia Britannica,https://www.britannica.com/place/South-Korea,"Article, chapter, or dataset overview; relevant text is reproduced in source_excerpt","South Korea | History, Map, Flag, Capital, Population, President, & Facts | Britannica What is South Korea? South Korea is a country in East Asia occupying the southern part of the Korean peninsula. It is bordered to the north by North Korea, to the east by the East Sea, to the south by the East China Sea, and to the west by the Yellow Sea. Seoul is South Korea's capital. Since the 1960s, South Korea has transformed into a highly industrialized nation with an export-oriented economy. The 1987 constitutional referendum established the Sixth Republic, which patterns its structure mainly on the presidential system of the United States. Modern Korean culture has roots in Shamanism, Buddhism, and Confucianism. South Korea is a country in East Asia, located on the southern portion of the Korean Peninsula. It is bordered to the north by North Korea, to the east by the East Sea (Sea of Japan), to the south by the East China Sea, and to the west by the Yellow Sea. The Korea",2026-07-15T02:33:47Z,The source supports the polity chronology; split periods and policy windows are project-defined analytical intervals.,Seshat Cliopatria; Maddison Project Database 2023; Clio-Infra; HYDE; V-Dem v16; Correlates of War Formal Alliances v4.1; Polity5
49,韓国,AD1961-AD現在,closure_type,none,legacy_none_not_independently_verified,"South Korea | History, Map, Flag, Capital, Population, President, & Facts | Britannica",Encyclopaedia Britannica,https://www.britannica.com/place/South-Korea,"Article, chapter, or dataset overview; relevant text is reproduced in source_excerpt","South Korea | History, Map, Flag, Capital, Population, President, & Facts | Britannica What is South Korea? South Korea is a country in East Asia occupying the southern part of the Korean peninsula. It is bordered to the north by North Korea, to the east by the East Sea, to the south by the East China Sea, and to the west by the Yellow Sea. Seoul is South Korea's capital. Since the 1960s, South Korea has transformed into a highly industrialized nation with an export-oriented economy. The 1987 constitutional referendum established the Sixth Republic, which patterns its structure mainly on the presidential system of the United States. Modern Korean culture has roots in Shamanism, Buddhism, and Confucianism. South Korea is a country in East Asia, located on the southern portion of the Korean Peninsula. It is bordered to the north by North Korea, to the east by the East Sea (Sea of Japan), to the south by the East China Sea, and to the west by the Yellow Sea. The Korea",2026-07-15T02:33:47Z,No formal closure is asserted; absence of every relevant restriction was not proven.,Seshat Cliopatria; Maddison Project Database 2023; Clio-Infra; HYDE; V-Dem v16; Correlates of War Formal Alliances v4.1; Polity5
49,韓国,AD1961-AD現在,outcome,survived,historical_event_supported_category_is_project_interpretation,"South Korea | History, Map, Flag, Capital, Population, President, & Facts | Britannica",Encyclopaedia Britannica,https://www.britannica.com/place/South-Korea,"Article, chapter, or dataset overview; relevant text is reproduced in source_excerpt","South Korea | History, Map, Flag, Capital, Population, President, & Facts | Britannica What is South Korea? South Korea is a country in East Asia occupying the southern part of the Korean peninsula. It is bordered to the north by North Korea, to the east by the East Sea, to the south by the East China Sea, and to the west by the Yellow Sea. Seoul is South Korea's capital. Since the 1960s, South Korea has transformed into a highly industrialized nation with an export-oriented economy. The 1987 constitutional referendum established the Sixth Republic, which patterns its structure mainly on the presidential system of the United States. Modern Korean culture has roots in Shamanism, Buddhism, and Confucianism. South Korea is a country in East Asia, located on the southern portion of the Korean Peninsula. It is bordered to the north by North Korea, to the east by the East Sea (Sea of Japan), to the south by the East China Sea, and to the west by the Yellow Sea. The Korea",2026-07-15T02:33:47Z,The source documents the polity history or terminal event. The three-category outcome is an AI-assisted project classification rather than a source variable.,Seshat Cliopatria; Maddison Project Database 2023; Clio-Infra; HYDE; V-Dem v16; Correlates of War Formal Alliances v4.1; Polity5
49,韓国,AD1961-AD現在,has_external_patron,1,supported_relationship_binary_interpretation,The Evolution of the South Korea–United States Alliance,Cambridge University Press,https://www.cambridge.org/core/books/evolution-of-the-south-koreaunited-states-alliance/D17534CD0983140F3BDE9D129543EB5F,"Article, chapter, or dataset overview; relevant text is reproduced in source_excerpt","of the South Korea–United In contrast to previous studies of the South Korea-United States alliance, Uk Heo and Terence Roehrig analyze the bigger picture, including the history, economics, security, alliance structure, politics, and the future of the alliance. Taking alliance theory as a starting point, the authors argue that the alliance provides an ideal case study to examine how the political development and economic growth of junior partners impact an alliance. As South Korea's capabilities and ambitions have grown, the alliance has evolved from an asymmetric regional security relationship to an economic partnership with global interests, while China's rise and North Korea's nuclear development mean that South Korea remains of strategic importance for American interests in East Asia. This book will be read both as a major contribution to Korean studies and the study of alliance politics and theory. ‘This comprehensive and up-to-date assessment of the 65-year-old US-ROK security al",2026-07-15T02:33:47Z,"The source documents an alliance, support, dependency, or patron-client relationship; the binary remains interpretive.",Seshat Cliopatria; Maddison Project Database 2023; Clio-Infra; HYDE; V-Dem v16; Correlates of War Formal Alliances v4.1; Polity5
50,北朝鮮,AD1948-AD現在,entity,北朝鮮,supported_by_reference_overview,"North Korea | Facts, Map, & History | Britannica",Encyclopaedia Britannica,https://www.britannica.com/place/North-Korea,"Article, chapter, or dataset overview; relevant text is reproduced in source_excerpt","North Korea | Facts, Map, & History | Britannica # North Korea n Minjujuŭi In’min Konghwaguk, Democratic People’s Republic of Korea(Show More) ### What is the climate in North Korea? North Korea has a generally cool continental climate. The winter season is from December to March; mean temperatures range between 20 °F (−7 °C) in the south and −10 °F (−23 °C) in the north. The summer is warm from June to September, with mean July temperatures in the upper 60s F (about 20 °C). North Korea has a command economy. The state controls all means of production, and the government sets priorities and goals in economic development. North Korean population North Korea, country in East Asia. It occupies the northern portion of the Korean peninsula, which juts out from the Asian mainland between the East Sea (Sea of Japan) and the Yellow Sea; North Korea covers about 55 percent of the peninsula’s land area. The country is bordered by China and Russia to the north and by the",2026-07-15T02:33:47Z,The cited reference identifies the polity or political unit.,Seshat Cliopatria; Maddison Project Database 2023; Clio-Infra; HYDE; V-Dem v16; Correlates of War Formal Alliances v4.1; Polity5
50,北朝鮮,AD1948-AD現在,period,AD1948-AD現在,polity_chronology_supported_project_window_interpretive,"North Korea | Facts, Map, & History | Britannica",Encyclopaedia Britannica,https://www.britannica.com/place/North-Korea,"Article, chapter, or dataset overview; relevant text is reproduced in source_excerpt","North Korea | Facts, Map, & History | Britannica # North Korea n Minjujuŭi In’min Konghwaguk, Democratic People’s Republic of Korea(Show More) ### What is the climate in North Korea? North Korea has a generally cool continental climate. The winter season is from December to March; mean temperatures range between 20 °F (−7 °C) in the south and −10 °F (−23 °C) in the north. The summer is warm from June to September, with mean July temperatures in the upper 60s F (about 20 °C). North Korea has a command economy. The state controls all means of production, and the government sets priorities and goals in economic development. North Korean population North Korea, country in East Asia. It occupies the northern portion of the Korean peninsula, which juts out from the Asian mainland between the East Sea (Sea of Japan) and the Yellow Sea; North Korea covers about 55 percent of the peninsula’s land area. The country is bordered by China and Russia to the north and by the",2026-07-15T02:33:47Z,The source supports the polity chronology; split periods and policy windows are project-defined analytical intervals.,Seshat Cliopatria; Maddison Project Database 2023; Clio-Infra; HYDE; V-Dem v16; Correlates of War Formal Alliances v4.1; Polity5
50,北朝鮮,AD1948-AD現在,closure_type,bloc,supported,“The East Asian Frontier of the Socialist World: North Korea in the 1950s”,Brill,https://brill.com/view/journals/jaer/24/2-3/article-p160_160.xml,"Article, chapter, or dataset overview; relevant text is reproduced in source_excerpt","The decade of the 1950s was a formative period for the Democratic People’s Republic of Korea (dprk), one that shaped its integration into the international socialist system. This article examines the interaction between North Korea’s internal (institutional) and external (international) integration into the socialist system that, at this time, the Soviet Union and its East European bloc allies dominated. It argues that North Korea was more integrated into the socialist world than its nationalist ideology implied. The 1950s marked the culmination of thedprk’s connectivity to the international socialist world. The narrative begins in the second half of the 1940s with the building of North Korea’s socialist system. It then focuses on East European bloc aid to North Korea during and after the Korean War, as well as thedprk’s reactions to this fraternal assistance. By the second half of the 1950s, North Korea came to associate integration with dependency, generating nationalist impulses ind",2026-07-15T02:33:47Z,"The source directly supports the policy or bloc classification, subject to the project definition.",Seshat Cliopatria; Maddison Project Database 2023; Clio-Infra; HYDE; V-Dem v16; Correlates of War Formal Alliances v4.1; Polity5
50,北朝鮮,AD1948-AD現在,outcome,survived,historical_event_supported_category_is_project_interpretation,"North Korea | Facts, Map, & History | Britannica",Encyclopaedia Britannica,https://www.britannica.com/place/North-Korea,"Article, chapter, or dataset overview; relevant text is reproduced in source_excerpt","North Korea | Facts, Map, & History | Britannica # North Korea n Minjujuŭi In’min Konghwaguk, Democratic People’s Republic of Korea(Show More) ### What is the climate in North Korea? North Korea has a generally cool continental climate. The winter season is from December to March; mean temperatures range between 20 °F (−7 °C) in the south and −10 °F (−23 °C) in the north. The summer is warm from June to September, with mean July temperatures in the upper 60s F (about 20 °C). North Korea has a command economy. The state controls all means of production, and the government sets priorities and goals in economic development. North Korean population North Korea, country in East Asia. It occupies the northern portion of the Korean peninsula, which juts out from the Asian mainland between the East Sea (Sea of Japan) and the Yellow Sea; North Korea covers about 55 percent of the peninsula’s land area. The country is bordered by China and Russia to the north and by the",2026-07-15T02:33:47Z,The source documents the polity history or terminal event. The three-category outcome is an AI-assisted project classification rather than a source variable.,Seshat Cliopatria; Maddison Project Database 2023; Clio-Infra; HYDE; V-Dem v16; Correlates of War Formal Alliances v4.1; Polity5
50,北朝鮮,AD1948-AD現在,has_external_patron,1,supported_relationship_binary_interpretation,"Alliance Treaty as Wedge Strategy: The Origin of the China-North Korea 1961 Treaty of Friendship, Cooperation and Mutual Assistance | Journal of East Asian Studies | Cambridge Core",Cambridge University Press,https://www.cambridge.org/core/journals/journal-of-east-asian-studies/article/alliance-treaty-as-wedge-strategy-the-origin-of-the-chinanorth-korea-1961-treaty-of-friendship-cooperation-and-mutual-assistance/AFC5EDE1FEBD8EF5C3BB4EEC0C391E11,"Article, chapter, or dataset overview; relevant text is reproduced in source_excerpt","On July 11, 1961, China and the Democratic People’s Republic of Korea (North Korea) signed the Treaty of Friendship, Cooperation, and Mutual Assistance, formally establishing the relationship as a military alliance more than a decade after China became involved in the Korean War in October 1950 (Marxist 1961b). The timing of the treaty, however, begs a big question. Looking back to 1961, the China–North Korea treaty was redundant to deter the United States and South Korea. First, China had firmly established its credibility and resolve with respect to North Korea during the Korean War in the absence of such a treaty. There has always been little doubt about China’s intervention on North Korea’s side if a second Korean War breaks out because China shares a long land border with North Korea and it has repeatedly voiced its security assurance. Second, the Soviet Union was already a security guarantor of both China and North Korea before 1961. Throughout the 1950s the Kremlin affirmed that",2026-07-15T02:33:47Z,"The source documents an alliance, support, dependency, or patron-client relationship; the binary remains interpretive.",Seshat Cliopatria; Maddison Project Database 2023; Clio-Infra; HYDE; V-Dem v16; Correlates of War Formal Alliances v4.1; Polity5
51,キューバ,AD1959-AD現在,entity,キューバ,supported_by_reference_overview,"Cuba | Government, Flag, Capital, Population, & Language | Britannica",Encyclopaedia Britannica,https://www.britannica.com/place/Cuba,"Article, chapter, or dataset overview; relevant text is reproduced in source_excerpt","Cuba | Government, Flag, Capital, Population, & Language | Britannica Also known as: República de Cuba, Republic of Cuba , the Communist Party of Cuba leading force of Cuba, country of the West Indies, the largest single island of the archipelago, and one of the more-influential states of the Caribbean region. The domain of the Arawakan-speaking Taino, who had displaced even earlier inhabitants, Cuba was claimed by Christopher Columbus for Spain in 1492. It became the Spanish empire’s most-important source of raw sugar in the 18th century and later earned the sobriquet“Pearl of the Antilles.” Though Spain had to fight several difficult and costly campaigns against independence movements, it retained rule of Cuba until 1898, when it was defeated by the United States and Cuban forces in the Spanish-American War. Cuba soon gained formal independence, though it remained overshadowed by the nearby United States. On New Year’s Day, 1959, revolutionary forces led by",2026-07-15T02:33:47Z,The cited reference identifies the polity or political unit.,Seshat Cliopatria; Maddison Project Database 2023; Clio-Infra; HYDE; V-Dem v16; Correlates of War Formal Alliances v4.1; Polity5
51,キューバ,AD1959-AD現在,period,AD1959-AD現在,polity_chronology_supported_project_window_interpretive,"Cuba | Government, Flag, Capital, Population, & Language | Britannica",Encyclopaedia Britannica,https://www.britannica.com/place/Cuba,"Article, chapter, or dataset overview; relevant text is reproduced in source_excerpt","Cuba | Government, Flag, Capital, Population, & Language | Britannica Also known as: República de Cuba, Republic of Cuba , the Communist Party of Cuba leading force of Cuba, country of the West Indies, the largest single island of the archipelago, and one of the more-influential states of the Caribbean region. The domain of the Arawakan-speaking Taino, who had displaced even earlier inhabitants, Cuba was claimed by Christopher Columbus for Spain in 1492. It became the Spanish empire’s most-important source of raw sugar in the 18th century and later earned the sobriquet“Pearl of the Antilles.” Though Spain had to fight several difficult and costly campaigns against independence movements, it retained rule of Cuba until 1898, when it was defeated by the United States and Cuban forces in the Spanish-American War. Cuba soon gained formal independence, though it remained overshadowed by the nearby United States. On New Year’s Day, 1959, revolutionary forces led by",2026-07-15T02:33:47Z,The source supports the polity chronology; split periods and policy windows are project-defined analytical intervals.,Seshat Cliopatria; Maddison Project Database 2023; Clio-Infra; HYDE; V-Dem v16; Correlates of War Formal Alliances v4.1; Polity5
51,キューバ,AD1959-AD現在,closure_type,bloc,supported,The Long Misunderstanding: Cuba's Economic Ties with the Soviet Bloc,MIT Press,https://doi.org/10.1162/jcws_a_01169,"Article, chapter, or dataset overview; relevant text is reproduced in source_excerpt","The reasons for Cuba’s turn to the Soviet Union in 1960 have long been a subject of scholarly debate. 1 The voluminous scholarship on the topic con cedes that the Cuban revolution was not imported from or imposed by the Soviet Union, but it also shows that the radical Cuban path to Communism would have been impossible without Soviet moral, economic, and military support. 2 Consequently, throughout the 1970s, the Soviet Union managed to exercise hegemony over Cuba based on consensus rather than the ruth less imposition of power, sharing the burden of the island’s economic devel opment with the European members of the Council for Economic Mutual Cuba’s Economic Ties with the Soviet Bloc article traces the variety of problems encountered by the Soviet Union’s East European allies and Cuba in their economic relations. The analysis here breaks new ground by making use of previously se cret primary documents originating from the East European members of the Soviet-led CMEA (East Germany, Pol",2026-07-15T02:33:47Z,"The source directly supports the policy or bloc classification, subject to the project definition.",Seshat Cliopatria; Maddison Project Database 2023; Clio-Infra; HYDE; V-Dem v16; Correlates of War Formal Alliances v4.1; Polity5
51,キューバ,AD1959-AD現在,outcome,survived,historical_event_supported_category_is_project_interpretation,"Cuba | Government, Flag, Capital, Population, & Language | Britannica",Encyclopaedia Britannica,https://www.britannica.com/place/Cuba,"Article, chapter, or dataset overview; relevant text is reproduced in source_excerpt","Cuba | Government, Flag, Capital, Population, & Language | Britannica Also known as: República de Cuba, Republic of Cuba , the Communist Party of Cuba leading force of Cuba, country of the West Indies, the largest single island of the archipelago, and one of the more-influential states of the Caribbean region. The domain of the Arawakan-speaking Taino, who had displaced even earlier inhabitants, Cuba was claimed by Christopher Columbus for Spain in 1492. It became the Spanish empire’s most-important source of raw sugar in the 18th century and later earned the sobriquet“Pearl of the Antilles.” Though Spain had to fight several difficult and costly campaigns against independence movements, it retained rule of Cuba until 1898, when it was defeated by the United States and Cuban forces in the Spanish-American War. Cuba soon gained formal independence, though it remained overshadowed by the nearby United States. On New Year’s Day, 1959, revolutionary forces led by",2026-07-15T02:33:47Z,The source documents the polity history or terminal event. The three-category outcome is an AI-assisted project classification rather than a source variable.,Seshat Cliopatria; Maddison Project Database 2023; Clio-Infra; HYDE; V-Dem v16; Correlates of War Formal Alliances v4.1; Polity5
51,キューバ,AD1959-AD現在,has_external_patron,1,supported_relationship_binary_interpretation,The Long Misunderstanding: Cuba’s Economic Ties with the Soviet Bloc,MIT Press,https://doi.org/10.1162/jcws_a_01169,"Article, chapter, or dataset overview; relevant text is reproduced in source_excerpt","Abstract documents Soviet moral, economic, and military support.",2026-07-15T02:33:47Z,"The source documents an alliance, support, dependency, or patron-client relationship; the binary remains interpretive.",Seshat Cliopatria; Maddison Project Database 2023; Clio-Infra; HYDE; V-Dem v16; Correlates of War Formal Alliances v4.1; Polity5
52,現代日本,AD1990-AD現在,entity,現代日本,supported_by_reference_overview,"Japan | History, Flag, Map, Population, & Facts | Britannica",Encyclopaedia Britannica,https://www.britannica.com/place/Japan,"Article, chapter, or dataset overview; relevant text is reproduced in source_excerpt","Japan | History, Flag, Map, Population, & Facts | Britannica as: Nihon, Nippon ### What is the capital of Japan? The capital of Japan is Tokyo, one of the largest metropolitan areas in the world. It serves as the country’s political, economic, and cultural center. Formerly known as Edo, the city became the imperial capital in 1868, replacing Kyōto, and today it is home to major government institutions, businesses, and many of Japan’s leading cultural and educational organizations. ### Where is Japan located? Japan is an island country in East Asia, located in the Pacific Ocean off the eastern coast of the Asian continent. It lies east of China, the Korean Peninsula, and Russia, and consists of an archipelago of more than 6,000 islands. The four main islands— Honshu, Hokkaido, Kyushu, and Shikoku—account for most of the country’s land area and population, forming a long chain that stretches from north to south. spoken in Japan The official language of Japan",2026-07-15T02:33:47Z,The cited reference identifies the polity or political unit.,Seshat Cliopatria; Maddison Project Database 2023; Clio-Infra; HYDE; V-Dem v16; Correlates of War Formal Alliances v4.1; Polity5
52,現代日本,AD1990-AD現在,period,AD1990-AD現在,polity_chronology_supported_project_window_interpretive,"Japan | History, Flag, Map, Population, & Facts | Britannica",Encyclopaedia Britannica,https://www.britannica.com/place/Japan,"Article, chapter, or dataset overview; relevant text is reproduced in source_excerpt","Japan | History, Flag, Map, Population, & Facts | Britannica as: Nihon, Nippon ### What is the capital of Japan? The capital of Japan is Tokyo, one of the largest metropolitan areas in the world. It serves as the country’s political, economic, and cultural center. Formerly known as Edo, the city became the imperial capital in 1868, replacing Kyōto, and today it is home to major government institutions, businesses, and many of Japan’s leading cultural and educational organizations. ### Where is Japan located? Japan is an island country in East Asia, located in the Pacific Ocean off the eastern coast of the Asian continent. It lies east of China, the Korean Peninsula, and Russia, and consists of an archipelago of more than 6,000 islands. The four main islands— Honshu, Hokkaido, Kyushu, and Shikoku—account for most of the country’s land area and population, forming a long chain that stretches from north to south. spoken in Japan The official language of Japan",2026-07-15T02:33:47Z,The source supports the polity chronology; split periods and policy windows are project-defined analytical intervals.,Seshat Cliopatria; Maddison Project Database 2023; Clio-Infra; HYDE; V-Dem v16; Correlates of War Formal Alliances v4.1; Polity5
52,現代日本,AD1990-AD現在,closure_type,none,legacy_none_not_independently_verified,"Japan | History, Flag, Map, Population, & Facts | Britannica",Encyclopaedia Britannica,https://www.britannica.com/place/Japan,"Article, chapter, or dataset overview; relevant text is reproduced in source_excerpt","Japan | History, Flag, Map, Population, & Facts | Britannica as: Nihon, Nippon ### What is the capital of Japan? The capital of Japan is Tokyo, one of the largest metropolitan areas in the world. It serves as the country’s political, economic, and cultural center. Formerly known as Edo, the city became the imperial capital in 1868, replacing Kyōto, and today it is home to major government institutions, businesses, and many of Japan’s leading cultural and educational organizations. ### Where is Japan located? Japan is an island country in East Asia, located in the Pacific Ocean off the eastern coast of the Asian continent. It lies east of China, the Korean Peninsula, and Russia, and consists of an archipelago of more than 6,000 islands. The four main islands— Honshu, Hokkaido, Kyushu, and Shikoku—account for most of the country’s land area and population, forming a long chain that stretches from north to south. spoken in Japan The official language of Japan",2026-07-15T02:33:47Z,No formal closure is asserted; absence of every relevant restriction was not proven.,Seshat Cliopatria; Maddison Project Database 2023; Clio-Infra; HYDE; V-Dem v16; Correlates of War Formal Alliances v4.1; Polity5
52,現代日本,AD1990-AD現在,outcome,survived,historical_event_supported_category_is_project_interpretation,"Japan | History, Flag, Map, Population, & Facts | Britannica",Encyclopaedia Britannica,https://www.britannica.com/place/Japan,"Article, chapter, or dataset overview; relevant text is reproduced in source_excerpt","Japan | History, Flag, Map, Population, & Facts | Britannica as: Nihon, Nippon ### What is the capital of Japan? The capital of Japan is Tokyo, one of the largest metropolitan areas in the world. It serves as the country’s political, economic, and cultural center. Formerly known as Edo, the city became the imperial capital in 1868, replacing Kyōto, and today it is home to major government institutions, businesses, and many of Japan’s leading cultural and educational organizations. ### Where is Japan located? Japan is an island country in East Asia, located in the Pacific Ocean off the eastern coast of the Asian continent. It lies east of China, the Korean Peninsula, and Russia, and consists of an archipelago of more than 6,000 islands. The four main islands— Honshu, Hokkaido, Kyushu, and Shikoku—account for most of the country’s land area and population, forming a long chain that stretches from north to south. spoken in Japan The official language of Japan",2026-07-15T02:33:47Z,The source documents the polity history or terminal event. The three-category outcome is an AI-assisted project classification rather than a source variable.,Seshat Cliopatria; Maddison Project Database 2023; Clio-Infra; HYDE; V-Dem v16; Correlates of War Formal Alliances v4.1; Polity5
52,現代日本,AD1990-AD現在,has_external_patron,1,supported_relationship_binary_interpretation,"Foreign Relations of the United States, 1958–1960, Japan; Korea, Volume XVIII, Document 130","Office of the Historian, U.S. Department of State",https://history.state.gov/historicaldocuments/frus1958-60v18/d130,"Article, chapter, or dataset overview; relevant text is reproduced in source_excerpt","The Treaty of Mutual Cooperation and Security was signed at the White House on January 19, 1960.",2026-07-15T02:33:47Z,"The source documents an alliance, support, dependency, or patron-client relationship; the binary remains interpretive.",Seshat Cliopatria; Maddison Project Database 2023; Clio-Infra; HYDE; V-Dem v16; Correlates of War Formal Alliances v4.1; Polity5
53,現代中国,AD1978-AD現在,entity,現代中国,supported_by_reference_overview,"China - Dynasties, Revolution, Communism | Britannica",Encyclopaedia Britannica,https://www.britannica.com/place/China/History,"Article, chapter, or dataset overview; relevant text is reproduced in source_excerpt","China - Dynasties, Revolution, Communism | Britannica # History of China , Chung-hua Jen-min Kung-ho Chung-ku Zhonghua, Zhonghua Renmin Gonghe (Show More) ## Prehistory in China ## Archaeology in China The practice of archaeology in China has been rooted in modern Chinese history. The intellectual and political reformers of the 1920s challenged the historicity of the legendary inventors of Chinese culture, such as Shennong, the Divine Farmer, and Huangdi, the Yellow Emperor. At the same time, scientific study of the prehistoric period was being sponsored by Western archaeologists and paleoanthropologists. The establishment of the Academia Sinica (Chinese Academy of Sciences) in 1928 enabled Chinese scholars to study Chinese archaeology for themselves, and preparations were made for large-scale excavations. Notable work was done under the direction of archaeologist Li Ch i (Li Ji) at Anyang, in Henan province, but this was suspended with the outbreak of",2026-07-15T02:33:47Z,The cited reference identifies the polity or political unit.,Seshat Cliopatria; Maddison Project Database 2023; Clio-Infra; HYDE; V-Dem v16; Correlates of War Formal Alliances v4.1; Polity5
53,現代中国,AD1978-AD現在,period,AD1978-AD現在,polity_chronology_supported_project_window_interpretive,"China - Dynasties, Revolution, Communism | Britannica",Encyclopaedia Britannica,https://www.britannica.com/place/China/History,"Article, chapter, or dataset overview; relevant text is reproduced in source_excerpt","China - Dynasties, Revolution, Communism | Britannica # History of China , Chung-hua Jen-min Kung-ho Chung-ku Zhonghua, Zhonghua Renmin Gonghe (Show More) ## Prehistory in China ## Archaeology in China The practice of archaeology in China has been rooted in modern Chinese history. The intellectual and political reformers of the 1920s challenged the historicity of the legendary inventors of Chinese culture, such as Shennong, the Divine Farmer, and Huangdi, the Yellow Emperor. At the same time, scientific study of the prehistoric period was being sponsored by Western archaeologists and paleoanthropologists. The establishment of the Academia Sinica (Chinese Academy of Sciences) in 1928 enabled Chinese scholars to study Chinese archaeology for themselves, and preparations were made for large-scale excavations. Notable work was done under the direction of archaeologist Li Ch i (Li Ji) at Anyang, in Henan province, but this was suspended with the outbreak of",2026-07-15T02:33:47Z,The source supports the polity chronology; split periods and policy windows are project-defined analytical intervals.,Seshat Cliopatria; Maddison Project Database 2023; Clio-Infra; HYDE; V-Dem v16; Correlates of War Formal Alliances v4.1; Polity5
53,現代中国,AD1978-AD現在,closure_type,none,legacy_none_not_independently_verified,"China - Dynasties, Revolution, Communism | Britannica",Encyclopaedia Britannica,https://www.britannica.com/place/China/History,"Article, chapter, or dataset overview; relevant text is reproduced in source_excerpt","China - Dynasties, Revolution, Communism | Britannica # History of China , Chung-hua Jen-min Kung-ho Chung-ku Zhonghua, Zhonghua Renmin Gonghe (Show More) ## Prehistory in China ## Archaeology in China The practice of archaeology in China has been rooted in modern Chinese history. The intellectual and political reformers of the 1920s challenged the historicity of the legendary inventors of Chinese culture, such as Shennong, the Divine Farmer, and Huangdi, the Yellow Emperor. At the same time, scientific study of the prehistoric period was being sponsored by Western archaeologists and paleoanthropologists. The establishment of the Academia Sinica (Chinese Academy of Sciences) in 1928 enabled Chinese scholars to study Chinese archaeology for themselves, and preparations were made for large-scale excavations. Notable work was done under the direction of archaeologist Li Ch i (Li Ji) at Anyang, in Henan province, but this was suspended with the outbreak of",2026-07-15T02:33:47Z,No formal closure is asserted; absence of every relevant restriction was not proven.,Seshat Cliopatria; Maddison Project Database 2023; Clio-Infra; HYDE; V-Dem v16; Correlates of War Formal Alliances v4.1; Polity5
53,現代中国,AD1978-AD現在,outcome,survived,historical_event_supported_category_is_project_interpretation,"China - Dynasties, Revolution, Communism | Britannica",Encyclopaedia Britannica,https://www.britannica.com/place/China/History,"Article, chapter, or dataset overview; relevant text is reproduced in source_excerpt","China - Dynasties, Revolution, Communism | Britannica # History of China , Chung-hua Jen-min Kung-ho Chung-ku Zhonghua, Zhonghua Renmin Gonghe (Show More) ## Prehistory in China ## Archaeology in China The practice of archaeology in China has been rooted in modern Chinese history. The intellectual and political reformers of the 1920s challenged the historicity of the legendary inventors of Chinese culture, such as Shennong, the Divine Farmer, and Huangdi, the Yellow Emperor. At the same time, scientific study of the prehistoric period was being sponsored by Western archaeologists and paleoanthropologists. The establishment of the Academia Sinica (Chinese Academy of Sciences) in 1928 enabled Chinese scholars to study Chinese archaeology for themselves, and preparations were made for large-scale excavations. Notable work was done under the direction of archaeologist Li Ch i (Li Ji) at Anyang, in Henan province, but this was suspended with the outbreak of",2026-07-15T02:33:47Z,The source documents the polity history or terminal event. The three-category outcome is an AI-assisted project classification rather than a source variable.,Seshat Cliopatria; Maddison Project Database 2023; Clio-Infra; HYDE; V-Dem v16; Correlates of War Formal Alliances v4.1; Polity5
53,現代中国,AD1978-AD現在,has_external_patron,0,legacy_zero_not_independently_verified,"China - Dynasties, Revolution, Communism | Britannica",Encyclopaedia Britannica,https://www.britannica.com/place/China/History,"Article, chapter, or dataset overview; relevant text is reproduced in source_excerpt","China - Dynasties, Revolution, Communism | Britannica # History of China , Chung-hua Jen-min Kung-ho Chung-ku Zhonghua, Zhonghua Renmin Gonghe (Show More) ## Prehistory in China ## Archaeology in China The practice of archaeology in China has been rooted in modern Chinese history. The intellectual and political reformers of the 1920s challenged the historicity of the legendary inventors of Chinese culture, such as Shennong, the Divine Farmer, and Huangdi, the Yellow Emperor. At the same time, scientific study of the prehistoric period was being sponsored by Western archaeologists and paleoanthropologists. The establishment of the Academia Sinica (Chinese Academy of Sciences) in 1928 enabled Chinese scholars to study Chinese archaeology for themselves, and preparations were made for large-scale excavations. Notable work was done under the direction of archaeologist Li Ch i (Li Ji) at Anyang, in Henan province, but this was suspended with the outbreak of",2026-07-15T02:33:47Z,A zero is the legacy absence coding; no source proves absence of every possible patron relationship.,Seshat Cliopatria; Maddison Project Database 2023; Clio-Infra; HYDE; V-Dem v16; Correlates of War Formal Alliances v4.1; Polity5
54,現代ロシア,AD1991-AD現在,entity,現代ロシア,supported_by_reference_overview,"Russia | History, Flag, Population, Map, President, & Facts | Britannica",Encyclopaedia Britannica,https://www.britannica.com/place/Russia,"Article, chapter, or dataset overview; relevant text is reproduced in source_excerpt","Russia | History, Flag, Population, Map, President, & Facts | Britannica Also known as: Rossija, Rossiya, Rossiyskaya Federatsiya, Russian Federation, Russian S.F.S.R., Russian Soviet Federated Socialist Republic(Show More) ### When did Russia become an independent country? Russia became an independent country after the dissolution of the Soviet Union in December 1991. After the Soviet Union dissolved, Russia joined with several former Soviet republics to form the Commonwealth of Independent States (CIS). Russia in the 21st century was largely a reflection of Vladimir Putin’s ambitions; he shaped his country’s political landscape with a mix of strategic maneuvers, military aggression against Russia’s neighbors, and autocratic domestic policies. Russia contains Europe’s longest river, the Volga, and its largest lake, Ladoga. It is also home to the world’s deepest lake, Baikal, and recorded the world’s lowest temperature outside the North and South poles. Russia,",2026-07-15T02:33:47Z,The cited reference identifies the polity or political unit.,Seshat Cliopatria; Maddison Project Database 2023; Clio-Infra; HYDE; V-Dem v16; Correlates of War Formal Alliances v4.1; Polity5
54,現代ロシア,AD1991-AD現在,period,AD1991-AD現在,polity_chronology_supported_project_window_interpretive,"Russia | History, Flag, Population, Map, President, & Facts | Britannica",Encyclopaedia Britannica,https://www.britannica.com/place/Russia,"Article, chapter, or dataset overview; relevant text is reproduced in source_excerpt","Russia | History, Flag, Population, Map, President, & Facts | Britannica Also known as: Rossija, Rossiya, Rossiyskaya Federatsiya, Russian Federation, Russian S.F.S.R., Russian Soviet Federated Socialist Republic(Show More) ### When did Russia become an independent country? Russia became an independent country after the dissolution of the Soviet Union in December 1991. After the Soviet Union dissolved, Russia joined with several former Soviet republics to form the Commonwealth of Independent States (CIS). Russia in the 21st century was largely a reflection of Vladimir Putin’s ambitions; he shaped his country’s political landscape with a mix of strategic maneuvers, military aggression against Russia’s neighbors, and autocratic domestic policies. Russia contains Europe’s longest river, the Volga, and its largest lake, Ladoga. It is also home to the world’s deepest lake, Baikal, and recorded the world’s lowest temperature outside the North and South poles. Russia,",2026-07-15T02:33:47Z,The source supports the polity chronology; split periods and policy windows are project-defined analytical intervals.,Seshat Cliopatria; Maddison Project Database 2023; Clio-Infra; HYDE; V-Dem v16; Correlates of War Formal Alliances v4.1; Polity5
54,現代ロシア,AD1991-AD現在,closure_type,bloc,partial_varies_by_subperiod,"Assessment of Import Substitution Due to the Trade Embargo in Russia, 2014–2016",Research Papers in Economics,https://ideas.repec.org/a/rnp/ecopol/ep1901.html,"Article, chapter, or dataset overview; relevant text is reproduced in source_excerpt",Abstract evaluates import substitution and embargo effects in 2014–2016.,2026-07-15T02:33:47Z,Isolation or self-sufficiency applies only to part of the window; the whole-period coding is too broad.,Seshat Cliopatria; Maddison Project Database 2023; Clio-Infra; HYDE; V-Dem v16; Correlates of War Formal Alliances v4.1; Polity5
54,現代ロシア,AD1991-AD現在,outcome,survived,historical_event_supported_category_is_project_interpretation,"Russia | History, Flag, Population, Map, President, & Facts | Britannica",Encyclopaedia Britannica,https://www.britannica.com/place/Russia,"Article, chapter, or dataset overview; relevant text is reproduced in source_excerpt","Russia | History, Flag, Population, Map, President, & Facts | Britannica Also known as: Rossija, Rossiya, Rossiyskaya Federatsiya, Russian Federation, Russian S.F.S.R., Russian Soviet Federated Socialist Republic(Show More) ### When did Russia become an independent country? Russia became an independent country after the dissolution of the Soviet Union in December 1991. After the Soviet Union dissolved, Russia joined with several former Soviet republics to form the Commonwealth of Independent States (CIS). Russia in the 21st century was largely a reflection of Vladimir Putin’s ambitions; he shaped his country’s political landscape with a mix of strategic maneuvers, military aggression against Russia’s neighbors, and autocratic domestic policies. Russia contains Europe’s longest river, the Volga, and its largest lake, Ladoga. It is also home to the world’s deepest lake, Baikal, and recorded the world’s lowest temperature outside the North and South poles. Russia,",2026-07-15T02:33:47Z,The source documents the polity history or terminal event. The three-category outcome is an AI-assisted project classification rather than a source variable.,Seshat Cliopatria; Maddison Project Database 2023; Clio-Infra; HYDE; V-Dem v16; Correlates of War Formal Alliances v4.1; Polity5
54,現代ロシア,AD1991-AD現在,has_external_patron,0,legacy_zero_not_independently_verified,"Russia | History, Flag, Population, Map, President, & Facts | Britannica",Encyclopaedia Britannica,https://www.britannica.com/place/Russia,"Article, chapter, or dataset overview; relevant text is reproduced in source_excerpt","Russia | History, Flag, Population, Map, President, & Facts | Britannica Also known as: Rossija, Rossiya, Rossiyskaya Federatsiya, Russian Federation, Russian S.F.S.R., Russian Soviet Federated Socialist Republic(Show More) ### When did Russia become an independent country? Russia became an independent country after the dissolution of the Soviet Union in December 1991. After the Soviet Union dissolved, Russia joined with several former Soviet republics to form the Commonwealth of Independent States (CIS). Russia in the 21st century was largely a reflection of Vladimir Putin’s ambitions; he shaped his country’s political landscape with a mix of strategic maneuvers, military aggression against Russia’s neighbors, and autocratic domestic policies. Russia contains Europe’s longest river, the Volga, and its largest lake, Ladoga. It is also home to the world’s deepest lake, Baikal, and recorded the world’s lowest temperature outside the North and South poles. Russia,",2026-07-15T02:33:47Z,A zero is the legacy absence coding; no source proves absence of every possible patron relationship.,Seshat Cliopatria; Maddison Project Database 2023; Clio-Infra; HYDE; V-Dem v16; Correlates of War Formal Alliances v4.1; Polity5
55,マケドニア王国（アレクサンドロス後）,BC323-BC168,entity,マケドニア王国（アレクサンドロス後）,supported_by_reference_overview,"Antigonid dynasty | Rulers, History, & Facts | Britannica",Encyclopaedia Britannica,https://www.britannica.com/topic/Antigonid-dynasty,"Article, chapter, or dataset overview; relevant text is reproduced in source_excerpt","Antigonid dynasty | Rulers, History, & Facts | Britannica # Antigonid dynasty Antigonid dynasty, ruling house of ancient Macedonia from 306 to 168 bce. The Antigonid dynasty was established when Demetrius I Poliorcetes, the son of Antigonus I Monophthalmus, ousted Cassander’s governor of Athens, Demetrius of Phaleron, and conquered the island of Cyprus, thereby giving his father control of the Aegean, the eastern Mediterranean, and all of the Middle East except Babylonia. Antigonus I was proclaimed king in 306 by the assembled army of these areas. Demetrius succeeded Antigonus I to the throne, and his son, Antigonus II Gonatas, strengthened the Macedonian kingdom by routing a band of Galatian invaders from Macedonia. In 239 Gonatas died, his resilience and solid work having given Macedonia a sound and durable government. Gonatas’s son Demetrius II(reigned 239–229 bce) at once became involved in a war with the Greek Achaean and Aetolian leagues that lasted until his death.",2026-07-15T02:33:47Z,The cited reference identifies the polity or political unit.,Seshat Cliopatria; HYDE
55,マケドニア王国（アレクサンドロス後）,BC323-BC168,period,BC323-BC168,polity_chronology_supported_project_window_interpretive,"Antigonid dynasty | Rulers, History, & Facts | Britannica",Encyclopaedia Britannica,https://www.britannica.com/topic/Antigonid-dynasty,"Article, chapter, or dataset overview; relevant text is reproduced in source_excerpt","Antigonid dynasty | Rulers, History, & Facts | Britannica # Antigonid dynasty Antigonid dynasty, ruling house of ancient Macedonia from 306 to 168 bce. The Antigonid dynasty was established when Demetrius I Poliorcetes, the son of Antigonus I Monophthalmus, ousted Cassander’s governor of Athens, Demetrius of Phaleron, and conquered the island of Cyprus, thereby giving his father control of the Aegean, the eastern Mediterranean, and all of the Middle East except Babylonia. Antigonus I was proclaimed king in 306 by the assembled army of these areas. Demetrius succeeded Antigonus I to the throne, and his son, Antigonus II Gonatas, strengthened the Macedonian kingdom by routing a band of Galatian invaders from Macedonia. In 239 Gonatas died, his resilience and solid work having given Macedonia a sound and durable government. Gonatas’s son Demetrius II(reigned 239–229 bce) at once became involved in a war with the Greek Achaean and Aetolian leagues that lasted until his death.",2026-07-15T02:33:47Z,The source supports the polity chronology; split periods and policy windows are project-defined analytical intervals.,Seshat Cliopatria; HYDE
55,マケドニア王国（アレクサンドロス後）,BC323-BC168,closure_type,none,legacy_none_not_independently_verified,"Antigonid dynasty | Rulers, History, & Facts | Britannica",Encyclopaedia Britannica,https://www.britannica.com/topic/Antigonid-dynasty,"Article, chapter, or dataset overview; relevant text is reproduced in source_excerpt","Antigonid dynasty | Rulers, History, & Facts | Britannica # Antigonid dynasty Antigonid dynasty, ruling house of ancient Macedonia from 306 to 168 bce. The Antigonid dynasty was established when Demetrius I Poliorcetes, the son of Antigonus I Monophthalmus, ousted Cassander’s governor of Athens, Demetrius of Phaleron, and conquered the island of Cyprus, thereby giving his father control of the Aegean, the eastern Mediterranean, and all of the Middle East except Babylonia. Antigonus I was proclaimed king in 306 by the assembled army of these areas. Demetrius succeeded Antigonus I to the throne, and his son, Antigonus II Gonatas, strengthened the Macedonian kingdom by routing a band of Galatian invaders from Macedonia. In 239 Gonatas died, his resilience and solid work having given Macedonia a sound and durable government. Gonatas’s son Demetrius II(reigned 239–229 bce) at once became involved in a war with the Greek Achaean and Aetolian leagues that lasted until his death.",2026-07-15T02:33:47Z,No formal closure is asserted; absence of every relevant restriction was not proven.,Seshat Cliopatria; HYDE
55,マケドニア王国（アレクサンドロス後）,BC323-BC168,outcome,overtaken,historical_event_supported_category_is_project_interpretation,"Antigonid dynasty | Rulers, History, & Facts | Britannica",Encyclopaedia Britannica,https://www.britannica.com/topic/Antigonid-dynasty,"Article, chapter, or dataset overview; relevant text is reproduced in source_excerpt","Antigonid dynasty | Rulers, History, & Facts | Britannica # Antigonid dynasty Antigonid dynasty, ruling house of ancient Macedonia from 306 to 168 bce. The Antigonid dynasty was established when Demetrius I Poliorcetes, the son of Antigonus I Monophthalmus, ousted Cassander’s governor of Athens, Demetrius of Phaleron, and conquered the island of Cyprus, thereby giving his father control of the Aegean, the eastern Mediterranean, and all of the Middle East except Babylonia. Antigonus I was proclaimed king in 306 by the assembled army of these areas. Demetrius succeeded Antigonus I to the throne, and his son, Antigonus II Gonatas, strengthened the Macedonian kingdom by routing a band of Galatian invaders from Macedonia. In 239 Gonatas died, his resilience and solid work having given Macedonia a sound and durable government. Gonatas’s son Demetrius II(reigned 239–229 bce) at once became involved in a war with the Greek Achaean and Aetolian leagues that lasted until his death.",2026-07-15T02:33:47Z,The source documents the polity history or terminal event. The three-category outcome is an AI-assisted project classification rather than a source variable.,Seshat Cliopatria; HYDE
55,マケドニア王国（アレクサンドロス後）,BC323-BC168,has_external_patron,0,legacy_zero_not_independently_verified,"Antigonid dynasty | Rulers, History, & Facts | Britannica",Encyclopaedia Britannica,https://www.britannica.com/topic/Antigonid-dynasty,"Article, chapter, or dataset overview; relevant text is reproduced in source_excerpt","Antigonid dynasty | Rulers, History, & Facts | Britannica # Antigonid dynasty Antigonid dynasty, ruling house of ancient Macedonia from 306 to 168 bce. The Antigonid dynasty was established when Demetrius I Poliorcetes, the son of Antigonus I Monophthalmus, ousted Cassander’s governor of Athens, Demetrius of Phaleron, and conquered the island of Cyprus, thereby giving his father control of the Aegean, the eastern Mediterranean, and all of the Middle East except Babylonia. Antigonus I was proclaimed king in 306 by the assembled army of these areas. Demetrius succeeded Antigonus I to the throne, and his son, Antigonus II Gonatas, strengthened the Macedonian kingdom by routing a band of Galatian invaders from Macedonia. In 239 Gonatas died, his resilience and solid work having given Macedonia a sound and durable government. Gonatas’s son Demetrius II(reigned 239–229 bce) at once became involved in a war with the Greek Achaean and Aetolian leagues that lasted until his death.",2026-07-15T02:33:47Z,A zero is the legacy absence coding; no source proves absence of every possible patron relationship.,Seshat Cliopatria; HYDE
56,セレウコス朝シリア,BC312-BC63,entity,セレウコス朝シリア,supported_by_reference_overview,"Seleucid empire | Map, Rulers, Location, & Facts | Britannica",Encyclopaedia Britannica,https://www.britannica.com/place/Seleucid-Empire,"Article, chapter, or dataset overview; relevant text is reproduced in source_excerpt","Seleucid empire | Map, Rulers, Location, & Facts | Britannica # Seleucid empire ancient empire, Eurasia Seleucid empire, (312–64 bce), an ancient empire that at its greatest extent stretched from Thrace in Europe to the border of India. It was carved out of the remains of Alexander the Great’s Macedonian empire by its founder, Seleucus I Nicator. (See also Hellenistic Age.) Seleucus, one of Alexander’s leading generals, became satrap (governor) of Babylonia in 321, two years after the death of Alexander. In the prolonged power struggle between the former generals of Alexander for control of the disintegrating empire, Seleucus sided with Ptolemy I of Egypt against Antigonus I, Alexander’s successor on the Macedonian throne, who had forced Seleucus out of Babylonia. In 312 Seleucus defeated Demetrius at Gaza using troops supplied by Ptolemy, and with a smaller force he seized Babylonia that same year, thereby founding the Seleucid kingdom, or empire. By 305, having",2026-07-15T02:33:47Z,The cited reference identifies the polity or political unit.,Seshat Cliopatria; HYDE
56,セレウコス朝シリア,BC312-BC63,period,BC312-BC63,polity_chronology_supported_project_window_interpretive,"Seleucid empire | Map, Rulers, Location, & Facts | Britannica",Encyclopaedia Britannica,https://www.britannica.com/place/Seleucid-Empire,"Article, chapter, or dataset overview; relevant text is reproduced in source_excerpt","Seleucid empire | Map, Rulers, Location, & Facts | Britannica # Seleucid empire ancient empire, Eurasia Seleucid empire, (312–64 bce), an ancient empire that at its greatest extent stretched from Thrace in Europe to the border of India. It was carved out of the remains of Alexander the Great’s Macedonian empire by its founder, Seleucus I Nicator. (See also Hellenistic Age.) Seleucus, one of Alexander’s leading generals, became satrap (governor) of Babylonia in 321, two years after the death of Alexander. In the prolonged power struggle between the former generals of Alexander for control of the disintegrating empire, Seleucus sided with Ptolemy I of Egypt against Antigonus I, Alexander’s successor on the Macedonian throne, who had forced Seleucus out of Babylonia. In 312 Seleucus defeated Demetrius at Gaza using troops supplied by Ptolemy, and with a smaller force he seized Babylonia that same year, thereby founding the Seleucid kingdom, or empire. By 305, having",2026-07-15T02:33:47Z,The source supports the polity chronology; split periods and policy windows are project-defined analytical intervals.,Seshat Cliopatria; HYDE
56,セレウコス朝シリア,BC312-BC63,closure_type,none,legacy_none_not_independently_verified,"Seleucid empire | Map, Rulers, Location, & Facts | Britannica",Encyclopaedia Britannica,https://www.britannica.com/place/Seleucid-Empire,"Article, chapter, or dataset overview; relevant text is reproduced in source_excerpt","Seleucid empire | Map, Rulers, Location, & Facts | Britannica # Seleucid empire ancient empire, Eurasia Seleucid empire, (312–64 bce), an ancient empire that at its greatest extent stretched from Thrace in Europe to the border of India. It was carved out of the remains of Alexander the Great’s Macedonian empire by its founder, Seleucus I Nicator. (See also Hellenistic Age.) Seleucus, one of Alexander’s leading generals, became satrap (governor) of Babylonia in 321, two years after the death of Alexander. In the prolonged power struggle between the former generals of Alexander for control of the disintegrating empire, Seleucus sided with Ptolemy I of Egypt against Antigonus I, Alexander’s successor on the Macedonian throne, who had forced Seleucus out of Babylonia. In 312 Seleucus defeated Demetrius at Gaza using troops supplied by Ptolemy, and with a smaller force he seized Babylonia that same year, thereby founding the Seleucid kingdom, or empire. By 305, having",2026-07-15T02:33:47Z,No formal closure is asserted; absence of every relevant restriction was not proven.,Seshat Cliopatria; HYDE
56,セレウコス朝シリア,BC312-BC63,outcome,overtaken,historical_event_supported_category_is_project_interpretation,"Seleucid empire | Map, Rulers, Location, & Facts | Britannica",Encyclopaedia Britannica,https://www.britannica.com/place/Seleucid-Empire,"Article, chapter, or dataset overview; relevant text is reproduced in source_excerpt","Seleucid empire | Map, Rulers, Location, & Facts | Britannica # Seleucid empire ancient empire, Eurasia Seleucid empire, (312–64 bce), an ancient empire that at its greatest extent stretched from Thrace in Europe to the border of India. It was carved out of the remains of Alexander the Great’s Macedonian empire by its founder, Seleucus I Nicator. (See also Hellenistic Age.) Seleucus, one of Alexander’s leading generals, became satrap (governor) of Babylonia in 321, two years after the death of Alexander. In the prolonged power struggle between the former generals of Alexander for control of the disintegrating empire, Seleucus sided with Ptolemy I of Egypt against Antigonus I, Alexander’s successor on the Macedonian throne, who had forced Seleucus out of Babylonia. In 312 Seleucus defeated Demetrius at Gaza using troops supplied by Ptolemy, and with a smaller force he seized Babylonia that same year, thereby founding the Seleucid kingdom, or empire. By 305, having",2026-07-15T02:33:47Z,The source documents the polity history or terminal event. The three-category outcome is an AI-assisted project classification rather than a source variable.,Seshat Cliopatria; HYDE
56,セレウコス朝シリア,BC312-BC63,has_external_patron,0,legacy_zero_not_independently_verified,"Seleucid empire | Map, Rulers, Location, & Facts | Britannica",Encyclopaedia Britannica,https://www.britannica.com/place/Seleucid-Empire,"Article, chapter, or dataset overview; relevant text is reproduced in source_excerpt","Seleucid empire | Map, Rulers, Location, & Facts | Britannica # Seleucid empire ancient empire, Eurasia Seleucid empire, (312–64 bce), an ancient empire that at its greatest extent stretched from Thrace in Europe to the border of India. It was carved out of the remains of Alexander the Great’s Macedonian empire by its founder, Seleucus I Nicator. (See also Hellenistic Age.) Seleucus, one of Alexander’s leading generals, became satrap (governor) of Babylonia in 321, two years after the death of Alexander. In the prolonged power struggle between the former generals of Alexander for control of the disintegrating empire, Seleucus sided with Ptolemy I of Egypt against Antigonus I, Alexander’s successor on the Macedonian throne, who had forced Seleucus out of Babylonia. In 312 Seleucus defeated Demetrius at Gaza using troops supplied by Ptolemy, and with a smaller force he seized Babylonia that same year, thereby founding the Seleucid kingdom, or empire. By 305, having",2026-07-15T02:33:47Z,A zero is the legacy absence coding; no source proves absence of every possible patron relationship.,Seshat Cliopatria; HYDE
57,パルティア,BC247-AD224,entity,パルティア,supported_by_reference_overview,"Parthia | Definition, Empire, Kings, & Wars | Britannica",Encyclopaedia Britannica,https://www.britannica.com/place/Parthia,"Article, chapter, or dataset overview; relevant text is reproduced in source_excerpt","Parthia | Definition, Empire, Kings, & Wars | Britannica Parthia, corresponding to the modern Khorasan region in Iran, was an ancient land and empire (247 BCE–224 CE). In approximately 250 BCE, the dynasty of Parthian kings was established, displacing the Seleucid rulers of western Asia. By 100 years later, Parthian conquests stretched into Mesopotamia, with the frontier of Europe receding to the Euphrates. The Parthians, originating as nomads, skillfully adopted Seleucid social structures and fostered vassal kingdoms. Controlling trade routes between Asia and the Greco-Roman world, they amassed wealth, evident in their construction projects. The feudal nature of the Parthian empire meant that it remained mostly defensive, despite external threats. In 224 CE, the Sasanian dynasty defeated the Parthian princes, ending Parthian rule. Parthia was an ancient land located in what is now northeastern Iran. It corresponds roughly to the modern region of Khorāsān. Around",2026-07-15T02:33:47Z,The cited reference identifies the polity or political unit.,Seshat Cliopatria; Maddison Project Database 2023; HYDE
57,パルティア,BC247-AD224,period,BC247-AD224,polity_chronology_supported_project_window_interpretive,"Parthia | Definition, Empire, Kings, & Wars | Britannica",Encyclopaedia Britannica,https://www.britannica.com/place/Parthia,"Article, chapter, or dataset overview; relevant text is reproduced in source_excerpt","Parthia | Definition, Empire, Kings, & Wars | Britannica Parthia, corresponding to the modern Khorasan region in Iran, was an ancient land and empire (247 BCE–224 CE). In approximately 250 BCE, the dynasty of Parthian kings was established, displacing the Seleucid rulers of western Asia. By 100 years later, Parthian conquests stretched into Mesopotamia, with the frontier of Europe receding to the Euphrates. The Parthians, originating as nomads, skillfully adopted Seleucid social structures and fostered vassal kingdoms. Controlling trade routes between Asia and the Greco-Roman world, they amassed wealth, evident in their construction projects. The feudal nature of the Parthian empire meant that it remained mostly defensive, despite external threats. In 224 CE, the Sasanian dynasty defeated the Parthian princes, ending Parthian rule. Parthia was an ancient land located in what is now northeastern Iran. It corresponds roughly to the modern region of Khorāsān. Around",2026-07-15T02:33:47Z,The source supports the polity chronology; split periods and policy windows are project-defined analytical intervals.,Seshat Cliopatria; Maddison Project Database 2023; HYDE
57,パルティア,BC247-AD224,closure_type,none,legacy_none_not_independently_verified,"Parthia | Definition, Empire, Kings, & Wars | Britannica",Encyclopaedia Britannica,https://www.britannica.com/place/Parthia,"Article, chapter, or dataset overview; relevant text is reproduced in source_excerpt","Parthia | Definition, Empire, Kings, & Wars | Britannica Parthia, corresponding to the modern Khorasan region in Iran, was an ancient land and empire (247 BCE–224 CE). In approximately 250 BCE, the dynasty of Parthian kings was established, displacing the Seleucid rulers of western Asia. By 100 years later, Parthian conquests stretched into Mesopotamia, with the frontier of Europe receding to the Euphrates. The Parthians, originating as nomads, skillfully adopted Seleucid social structures and fostered vassal kingdoms. Controlling trade routes between Asia and the Greco-Roman world, they amassed wealth, evident in their construction projects. The feudal nature of the Parthian empire meant that it remained mostly defensive, despite external threats. In 224 CE, the Sasanian dynasty defeated the Parthian princes, ending Parthian rule. Parthia was an ancient land located in what is now northeastern Iran. It corresponds roughly to the modern region of Khorāsān. Around",2026-07-15T02:33:47Z,No formal closure is asserted; absence of every relevant restriction was not proven.,Seshat Cliopatria; Maddison Project Database 2023; HYDE
57,パルティア,BC247-AD224,outcome,overtaken,historical_event_supported_category_is_project_interpretation,"Parthia | Definition, Empire, Kings, & Wars | Britannica",Encyclopaedia Britannica,https://www.britannica.com/place/Parthia,"Article, chapter, or dataset overview; relevant text is reproduced in source_excerpt","Parthia | Definition, Empire, Kings, & Wars | Britannica Parthia, corresponding to the modern Khorasan region in Iran, was an ancient land and empire (247 BCE–224 CE). In approximately 250 BCE, the dynasty of Parthian kings was established, displacing the Seleucid rulers of western Asia. By 100 years later, Parthian conquests stretched into Mesopotamia, with the frontier of Europe receding to the Euphrates. The Parthians, originating as nomads, skillfully adopted Seleucid social structures and fostered vassal kingdoms. Controlling trade routes between Asia and the Greco-Roman world, they amassed wealth, evident in their construction projects. The feudal nature of the Parthian empire meant that it remained mostly defensive, despite external threats. In 224 CE, the Sasanian dynasty defeated the Parthian princes, ending Parthian rule. Parthia was an ancient land located in what is now northeastern Iran. It corresponds roughly to the modern region of Khorāsān. Around",2026-07-15T02:33:47Z,The source documents the polity history or terminal event. The three-category outcome is an AI-assisted project classification rather than a source variable.,Seshat Cliopatria; Maddison Project Database 2023; HYDE
57,パルティア,BC247-AD224,has_external_patron,0,legacy_zero_not_independently_verified,"Parthia | Definition, Empire, Kings, & Wars | Britannica",Encyclopaedia Britannica,https://www.britannica.com/place/Parthia,"Article, chapter, or dataset overview; relevant text is reproduced in source_excerpt","Parthia | Definition, Empire, Kings, & Wars | Britannica Parthia, corresponding to the modern Khorasan region in Iran, was an ancient land and empire (247 BCE–224 CE). In approximately 250 BCE, the dynasty of Parthian kings was established, displacing the Seleucid rulers of western Asia. By 100 years later, Parthian conquests stretched into Mesopotamia, with the frontier of Europe receding to the Euphrates. The Parthians, originating as nomads, skillfully adopted Seleucid social structures and fostered vassal kingdoms. Controlling trade routes between Asia and the Greco-Roman world, they amassed wealth, evident in their construction projects. The feudal nature of the Parthian empire meant that it remained mostly defensive, despite external threats. In 224 CE, the Sasanian dynasty defeated the Parthian princes, ending Parthian rule. Parthia was an ancient land located in what is now northeastern Iran. It corresponds roughly to the modern region of Khorāsān. Around",2026-07-15T02:33:47Z,A zero is the legacy absence coding; no source proves absence of every possible patron relationship.,Seshat Cliopatria; Maddison Project Database 2023; HYDE
58,ササン朝ペルシア,AD224-AD651,entity,ササン朝ペルシア,supported_by_reference_overview,"Sasanian dynasty | Significance, History, & Religion | Britannica",Encyclopaedia Britannica,https://www.britannica.com/topic/Sasanian-dynasty,"Article, chapter, or dataset overview; relevant text is reproduced in source_excerpt","Sasanian dynasty | Significance, History, & Religion | Britannica # Sasanian dynasty Sasanid, Sassanian dynasty Sasanian dynasty, ancient Iranian dynasty that ruled an empire(224–651 ce), rising through Ardashīr I’s conquests in 208–224 ce and destroyed by the Arabs during the years 637–651. The dynasty was named after Sāsān, an ancestor of Ardashīr. Under the leadership of Ardashīr (reigned as “king of kings” 224–241), the Sasanians overthrew the Parthians and created an empire that was constantly changing in size as it reacted to Rome and Byzantium to the west and to the Kushans and Hephthalites to the east. At the time of Shāpūr I(reigned 241–272), the empire stretched from Sogdiana and Iberia (Georgia) in the north to the Mazun region of Arabia in the south and extended to the Indus River in the east and to the upper Tigris and Euphrates river valleys in the west. A revival of Iranian nationalism took place under Sasanian rule. Zoroastrianism became the state",2026-07-15T02:33:47Z,The cited reference identifies the polity or political unit.,Seshat Cliopatria; Maddison Project Database 2023; HYDE
58,ササン朝ペルシア,AD224-AD651,period,AD224-AD651,polity_chronology_supported_project_window_interpretive,"Sasanian dynasty | Significance, History, & Religion | Britannica",Encyclopaedia Britannica,https://www.britannica.com/topic/Sasanian-dynasty,"Article, chapter, or dataset overview; relevant text is reproduced in source_excerpt","Sasanian dynasty | Significance, History, & Religion | Britannica # Sasanian dynasty Sasanid, Sassanian dynasty Sasanian dynasty, ancient Iranian dynasty that ruled an empire(224–651 ce), rising through Ardashīr I’s conquests in 208–224 ce and destroyed by the Arabs during the years 637–651. The dynasty was named after Sāsān, an ancestor of Ardashīr. Under the leadership of Ardashīr (reigned as “king of kings” 224–241), the Sasanians overthrew the Parthians and created an empire that was constantly changing in size as it reacted to Rome and Byzantium to the west and to the Kushans and Hephthalites to the east. At the time of Shāpūr I(reigned 241–272), the empire stretched from Sogdiana and Iberia (Georgia) in the north to the Mazun region of Arabia in the south and extended to the Indus River in the east and to the upper Tigris and Euphrates river valleys in the west. A revival of Iranian nationalism took place under Sasanian rule. Zoroastrianism became the state",2026-07-15T02:33:47Z,The source supports the polity chronology; split periods and policy windows are project-defined analytical intervals.,Seshat Cliopatria; Maddison Project Database 2023; HYDE
58,ササン朝ペルシア,AD224-AD651,closure_type,none,legacy_none_not_independently_verified,"Sasanian dynasty | Significance, History, & Religion | Britannica",Encyclopaedia Britannica,https://www.britannica.com/topic/Sasanian-dynasty,"Article, chapter, or dataset overview; relevant text is reproduced in source_excerpt","Sasanian dynasty | Significance, History, & Religion | Britannica # Sasanian dynasty Sasanid, Sassanian dynasty Sasanian dynasty, ancient Iranian dynasty that ruled an empire(224–651 ce), rising through Ardashīr I’s conquests in 208–224 ce and destroyed by the Arabs during the years 637–651. The dynasty was named after Sāsān, an ancestor of Ardashīr. Under the leadership of Ardashīr (reigned as “king of kings” 224–241), the Sasanians overthrew the Parthians and created an empire that was constantly changing in size as it reacted to Rome and Byzantium to the west and to the Kushans and Hephthalites to the east. At the time of Shāpūr I(reigned 241–272), the empire stretched from Sogdiana and Iberia (Georgia) in the north to the Mazun region of Arabia in the south and extended to the Indus River in the east and to the upper Tigris and Euphrates river valleys in the west. A revival of Iranian nationalism took place under Sasanian rule. Zoroastrianism became the state",2026-07-15T02:33:47Z,No formal closure is asserted; absence of every relevant restriction was not proven.,Seshat Cliopatria; Maddison Project Database 2023; HYDE
58,ササン朝ペルシア,AD224-AD651,outcome,overtaken,historical_event_supported_category_is_project_interpretation,"Sasanian dynasty | Significance, History, & Religion | Britannica",Encyclopaedia Britannica,https://www.britannica.com/topic/Sasanian-dynasty,"Article, chapter, or dataset overview; relevant text is reproduced in source_excerpt","Sasanian dynasty | Significance, History, & Religion | Britannica # Sasanian dynasty Sasanid, Sassanian dynasty Sasanian dynasty, ancient Iranian dynasty that ruled an empire(224–651 ce), rising through Ardashīr I’s conquests in 208–224 ce and destroyed by the Arabs during the years 637–651. The dynasty was named after Sāsān, an ancestor of Ardashīr. Under the leadership of Ardashīr (reigned as “king of kings” 224–241), the Sasanians overthrew the Parthians and created an empire that was constantly changing in size as it reacted to Rome and Byzantium to the west and to the Kushans and Hephthalites to the east. At the time of Shāpūr I(reigned 241–272), the empire stretched from Sogdiana and Iberia (Georgia) in the north to the Mazun region of Arabia in the south and extended to the Indus River in the east and to the upper Tigris and Euphrates river valleys in the west. A revival of Iranian nationalism took place under Sasanian rule. Zoroastrianism became the state",2026-07-15T02:33:47Z,The source documents the polity history or terminal event. The three-category outcome is an AI-assisted project classification rather than a source variable.,Seshat Cliopatria; Maddison Project Database 2023; HYDE
58,ササン朝ペルシア,AD224-AD651,has_external_patron,0,legacy_zero_not_independently_verified,"Sasanian dynasty | Significance, History, & Religion | Britannica",Encyclopaedia Britannica,https://www.britannica.com/topic/Sasanian-dynasty,"Article, chapter, or dataset overview; relevant text is reproduced in source_excerpt","Sasanian dynasty | Significance, History, & Religion | Britannica # Sasanian dynasty Sasanid, Sassanian dynasty Sasanian dynasty, ancient Iranian dynasty that ruled an empire(224–651 ce), rising through Ardashīr I’s conquests in 208–224 ce and destroyed by the Arabs during the years 637–651. The dynasty was named after Sāsān, an ancestor of Ardashīr. Under the leadership of Ardashīr (reigned as “king of kings” 224–241), the Sasanians overthrew the Parthians and created an empire that was constantly changing in size as it reacted to Rome and Byzantium to the west and to the Kushans and Hephthalites to the east. At the time of Shāpūr I(reigned 241–272), the empire stretched from Sogdiana and Iberia (Georgia) in the north to the Mazun region of Arabia in the south and extended to the Indus River in the east and to the upper Tigris and Euphrates river valleys in the west. A revival of Iranian nationalism took place under Sasanian rule. Zoroastrianism became the state",2026-07-15T02:33:47Z,A zero is the legacy absence coding; no source proves absence of every possible patron relationship.,Seshat Cliopatria; Maddison Project Database 2023; HYDE
59,クシャーナ朝,AD30-AD375,entity,クシャーナ朝,supported_by_reference_overview,Kushan,Encyclopaedia Britannica,https://www.britannica.com/topic/Kushan,"Article, chapter, or dataset overview; relevant text is reproduced in source_excerpt","éT‰„•j«} _CRâ@U:µ>HG¥QåY®µQZø€´pÀ;(\P­ÁùÚƒçV åø¤Ù¨a>ç£f£ÃŸkÄgm|lU*øÜn–[˜Ý‚rÈ©xg$¼‰“• ¢Ó®5ªÄém/x®Â@£ ´@Äûzz/ääŒz‡‚rTGb@k .fåŠBÄ$I « N¼6Òr‹WÚe.ÄP 7ô™Ik»Yi“(wÚgÁÈ %ÑÇ‘m%‚#¸* A• ˆ§ÝÕg©H{%´Û_ÐUŒª P†èüH %ËùÙ³§ÍEâ„¬’Ëò@Á,‘áƒzrâälÔFÒWíd{kžÚ’8]µóF@3þˆ§¶ço£äõ>ÀO®øŸ \œÊà'ÖòÐDæjþ©í„çu£–RK; ýìµâ“{u}#õH^üaÒË¿§Âç'€£&„Ÿ€GžÚ'¥ÂLîÑ¡O÷Éùéá¤pÚÌÈm^«""ïì¤?ƒ]Ö |$@cé2Àƒç} +îÂÇtxJ°Â7ELí†ÄcñèÒdgåÉ+yƒ5±5¶0(jóî>÷ä-×D¼É†.ÚvvQ~üµ]¼ÀËL~£îQðË¦þ…ËÄÌ<²Êñmñ{Ø¤Å ´N1â ŒœN¹_WâNT¸aÕ’q˜{; :H`""üõÒ²*¸Ó›_ ’#I‘ê˜6¾°²ùK‘¤Š”å|^M¾ƒƒ_|R°dÜ¿IBÜÌQ®© ÛQ3è""ÀÛë?å–üÈfxõuAJk¶^-Ç“Àd¨WbI5\I4cI`åƒ] K‚LññŠÕz» o±Q®Õ*ñkõF½Y'UšFíAz!eÎÃ‹áÐµ}¨T¤dŸ¿ËêPù$îôVbï8Þ{YŒ†<|è,‹¹ ~ÖÂô%ž­Zb ,þêeÜ+µfQ˜à¥Ôm¡nBŽ•.fRéêƒ-W""ì=ãçÏ”\òÖyÞ|}Ç“/¬§ªÜ¾qoäëiÿëª\)WÒWÔÒõ7t§»¸/Ÿ¿¯ ¢ut‰ºx¤Lì¬j}?Ïý–¾>¿ÓÕ®êj¦¥H¢k¸ÚÝ_ 9i&<ˆG2â†9&Xð˜á~E}üF²V [IùN¤Z!rªÇ¯‘ÉRTY¿â`=UÅéCrÀèÙ8-+“™ ¶ÍZmdœó“ãw=ØCÀrU:T‰RS%YeE¬ÈóCPÅ· üˆ¿S~§»Ã;uº²È´0à!ƒAv‘!¨Óu ¬ùå±µÒ4æ;z•òØtërÜ—•Õ»˜“/»·",2026-07-15T02:33:47Z,The cited reference identifies the polity or political unit.,Seshat Cliopatria; Maddison Project Database 2023; HYDE
59,クシャーナ朝,AD30-AD375,period,AD30-AD375,polity_chronology_supported_project_window_interpretive,Kushan,Encyclopaedia Britannica,https://www.britannica.com/topic/Kushan,"Article, chapter, or dataset overview; relevant text is reproduced in source_excerpt","éT‰„•j«} _CRâ@U:µ>HG¥QåY®µQZø€´pÀ;(\P­ÁùÚƒçV åø¤Ù¨a>ç£f£ÃŸkÄgm|lU*øÜn–[˜Ý‚rÈ©xg$¼‰“• ¢Ó®5ªÄém/x®Â@£ ´@Äûzz/ääŒz‡‚rTGb@k .fåŠBÄ$I « N¼6Òr‹WÚe.ÄP 7ô™Ik»Yi“(wÚgÁÈ %ÑÇ‘m%‚#¸* A• ˆ§ÝÕg©H{%´Û_ÐUŒª P†èüH %ËùÙ³§ÍEâ„¬’Ëò@Á,‘áƒzrâälÔFÒWíd{kžÚ’8]µóF@3þˆ§¶ço£äõ>ÀO®øŸ \œÊà'ÖòÐDæjþ©í„çu£–RK; ýìµâ“{u}#õH^üaÒË¿§Âç'€£&„Ÿ€GžÚ'¥ÂLîÑ¡O÷Éùéá¤pÚÌÈm^«""ïì¤?ƒ]Ö |$@cé2Àƒç} +îÂÇtxJ°Â7ELí†ÄcñèÒdgåÉ+yƒ5±5¶0(jóî>÷ä-×D¼É†.ÚvvQ~üµ]¼ÀËL~£îQðË¦þ…ËÄÌ<²Êñmñ{Ø¤Å ´N1â ŒœN¹_WâNT¸aÕ’q˜{; :H`""üõÒ²*¸Ó›_ ’#I‘ê˜6¾°²ùK‘¤Š”å|^M¾ƒƒ_|R°dÜ¿IBÜÌQ®© ÛQ3è""ÀÛë?å–üÈfxõuAJk¶^-Ç“Àd¨WbI5\I4cI`åƒ] K‚LññŠÕz» o±Q®Õ*ñkõF½Y'UšFíAz!eÎÃ‹áÐµ}¨T¤dŸ¿ËêPù$îôVbï8Þ{YŒ†<|è,‹¹ ~ÖÂô%ž­Zb ,þêeÜ+µfQ˜à¥Ôm¡nBŽ•.fRéêƒ-W""ì=ãçÏ”\òÖyÞ|}Ç“/¬§ªÜ¾qoäëiÿëª\)WÒWÔÒõ7t§»¸/Ÿ¿¯ ¢ut‰ºx¤Lì¬j}?Ïý–¾>¿ÓÕ®êj¦¥H¢k¸ÚÝ_ 9i&<ˆG2â†9&Xð˜á~E}üF²V [IùN¤Z!rªÇ¯‘ÉRTY¿â`=UÅéCrÀèÙ8-+“™ ¶ÍZmdœó“ãw=ØCÀrU:T‰RS%YeE¬ÈóCPÅ· üˆ¿S~§»Ã;uº²È´0à!ƒAv‘!¨Óu ¬ùå±µÒ4æ;z•òØtërÜ—•Õ»˜“/»·",2026-07-15T02:33:47Z,The source supports the polity chronology; split periods and policy windows are project-defined analytical intervals.,Seshat Cliopatria; Maddison Project Database 2023; HYDE
59,クシャーナ朝,AD30-AD375,closure_type,none,legacy_none_not_independently_verified,Kushan,Encyclopaedia Britannica,https://www.britannica.com/topic/Kushan,"Article, chapter, or dataset overview; relevant text is reproduced in source_excerpt","éT‰„•j«} _CRâ@U:µ>HG¥QåY®µQZø€´pÀ;(\P­ÁùÚƒçV åø¤Ù¨a>ç£f£ÃŸkÄgm|lU*øÜn–[˜Ý‚rÈ©xg$¼‰“• ¢Ó®5ªÄém/x®Â@£ ´@Äûzz/ääŒz‡‚rTGb@k .fåŠBÄ$I « N¼6Òr‹WÚe.ÄP 7ô™Ik»Yi“(wÚgÁÈ %ÑÇ‘m%‚#¸* A• ˆ§ÝÕg©H{%´Û_ÐUŒª P†èüH %ËùÙ³§ÍEâ„¬’Ëò@Á,‘áƒzrâälÔFÒWíd{kžÚ’8]µóF@3þˆ§¶ço£äõ>ÀO®øŸ \œÊà'ÖòÐDæjþ©í„çu£–RK; ýìµâ“{u}#õH^üaÒË¿§Âç'€£&„Ÿ€GžÚ'¥ÂLîÑ¡O÷Éùéá¤pÚÌÈm^«""ïì¤?ƒ]Ö |$@cé2Àƒç} +îÂÇtxJ°Â7ELí†ÄcñèÒdgåÉ+yƒ5±5¶0(jóî>÷ä-×D¼É†.ÚvvQ~üµ]¼ÀËL~£îQðË¦þ…ËÄÌ<²Êñmñ{Ø¤Å ´N1â ŒœN¹_WâNT¸aÕ’q˜{; :H`""üõÒ²*¸Ó›_ ’#I‘ê˜6¾°²ùK‘¤Š”å|^M¾ƒƒ_|R°dÜ¿IBÜÌQ®© ÛQ3è""ÀÛë?å–üÈfxõuAJk¶^-Ç“Àd¨WbI5\I4cI`åƒ] K‚LññŠÕz» o±Q®Õ*ñkõF½Y'UšFíAz!eÎÃ‹áÐµ}¨T¤dŸ¿ËêPù$îôVbï8Þ{YŒ†<|è,‹¹ ~ÖÂô%ž­Zb ,þêeÜ+µfQ˜à¥Ôm¡nBŽ•.fRéêƒ-W""ì=ãçÏ”\òÖyÞ|}Ç“/¬§ªÜ¾qoäëiÿëª\)WÒWÔÒõ7t§»¸/Ÿ¿¯ ¢ut‰ºx¤Lì¬j}?Ïý–¾>¿ÓÕ®êj¦¥H¢k¸ÚÝ_ 9i&<ˆG2â†9&Xð˜á~E}üF²V [IùN¤Z!rªÇ¯‘ÉRTY¿â`=UÅéCrÀèÙ8-+“™ ¶ÍZmdœó“ãw=ØCÀrU:T‰RS%YeE¬ÈóCPÅ· üˆ¿S~§»Ã;uº²È´0à!ƒAv‘!¨Óu ¬ùå±µÒ4æ;z•òØtërÜ—•Õ»˜“/»·",2026-07-15T02:33:47Z,No formal closure is asserted; absence of every relevant restriction was not proven.,Seshat Cliopatria; Maddison Project Database 2023; HYDE
59,クシャーナ朝,AD30-AD375,outcome,overtaken,historical_event_supported_category_is_project_interpretation,Kushan,Encyclopaedia Britannica,https://www.britannica.com/topic/Kushan,"Article, chapter, or dataset overview; relevant text is reproduced in source_excerpt","éT‰„•j«} _CRâ@U:µ>HG¥QåY®µQZø€´pÀ;(\P­ÁùÚƒçV åø¤Ù¨a>ç£f£ÃŸkÄgm|lU*øÜn–[˜Ý‚rÈ©xg$¼‰“• ¢Ó®5ªÄém/x®Â@£ ´@Äûzz/ääŒz‡‚rTGb@k .fåŠBÄ$I « N¼6Òr‹WÚe.ÄP 7ô™Ik»Yi“(wÚgÁÈ %ÑÇ‘m%‚#¸* A• ˆ§ÝÕg©H{%´Û_ÐUŒª P†èüH %ËùÙ³§ÍEâ„¬’Ëò@Á,‘áƒzrâälÔFÒWíd{kžÚ’8]µóF@3þˆ§¶ço£äõ>ÀO®øŸ \œÊà'ÖòÐDæjþ©í„çu£–RK; ýìµâ“{u}#õH^üaÒË¿§Âç'€£&„Ÿ€GžÚ'¥ÂLîÑ¡O÷Éùéá¤pÚÌÈm^«""ïì¤?ƒ]Ö |$@cé2Àƒç} +îÂÇtxJ°Â7ELí†ÄcñèÒdgåÉ+yƒ5±5¶0(jóî>÷ä-×D¼É†.ÚvvQ~üµ]¼ÀËL~£îQðË¦þ…ËÄÌ<²Êñmñ{Ø¤Å ´N1â ŒœN¹_WâNT¸aÕ’q˜{; :H`""üõÒ²*¸Ó›_ ’#I‘ê˜6¾°²ùK‘¤Š”å|^M¾ƒƒ_|R°dÜ¿IBÜÌQ®© ÛQ3è""ÀÛë?å–üÈfxõuAJk¶^-Ç“Àd¨WbI5\I4cI`åƒ] K‚LññŠÕz» o±Q®Õ*ñkõF½Y'UšFíAz!eÎÃ‹áÐµ}¨T¤dŸ¿ËêPù$îôVbï8Þ{YŒ†<|è,‹¹ ~ÖÂô%ž­Zb ,þêeÜ+µfQ˜à¥Ôm¡nBŽ•.fRéêƒ-W""ì=ãçÏ”\òÖyÞ|}Ç“/¬§ªÜ¾qoäëiÿëª\)WÒWÔÒõ7t§»¸/Ÿ¿¯ ¢ut‰ºx¤Lì¬j}?Ïý–¾>¿ÓÕ®êj¦¥H¢k¸ÚÝ_ 9i&<ˆG2â†9&Xð˜á~E}üF²V [IùN¤Z!rªÇ¯‘ÉRTY¿â`=UÅéCrÀèÙ8-+“™ ¶ÍZmdœó“ãw=ØCÀrU:T‰RS%YeE¬ÈóCPÅ· üˆ¿S~§»Ã;uº²È´0à!ƒAv‘!¨Óu ¬ùå±µÒ4æ;z•òØtërÜ—•Õ»˜“/»·",2026-07-15T02:33:47Z,The source documents the polity history or terminal event. The three-category outcome is an AI-assisted project classification rather than a source variable.,Seshat Cliopatria; Maddison Project Database 2023; HYDE
59,クシャーナ朝,AD30-AD375,has_external_patron,0,legacy_zero_not_independently_verified,Kushan,Encyclopaedia Britannica,https://www.britannica.com/topic/Kushan,"Article, chapter, or dataset overview; relevant text is reproduced in source_excerpt","éT‰„•j«} _CRâ@U:µ>HG¥QåY®µQZø€´pÀ;(\P­ÁùÚƒçV åø¤Ù¨a>ç£f£ÃŸkÄgm|lU*øÜn–[˜Ý‚rÈ©xg$¼‰“• ¢Ó®5ªÄém/x®Â@£ ´@Äûzz/ääŒz‡‚rTGb@k .fåŠBÄ$I « N¼6Òr‹WÚe.ÄP 7ô™Ik»Yi“(wÚgÁÈ %ÑÇ‘m%‚#¸* A• ˆ§ÝÕg©H{%´Û_ÐUŒª P†èüH %ËùÙ³§ÍEâ„¬’Ëò@Á,‘áƒzrâälÔFÒWíd{kžÚ’8]µóF@3þˆ§¶ço£äõ>ÀO®øŸ \œÊà'ÖòÐDæjþ©í„çu£–RK; ýìµâ“{u}#õH^üaÒË¿§Âç'€£&„Ÿ€GžÚ'¥ÂLîÑ¡O÷Éùéá¤pÚÌÈm^«""ïì¤?ƒ]Ö |$@cé2Àƒç} +îÂÇtxJ°Â7ELí†ÄcñèÒdgåÉ+yƒ5±5¶0(jóî>÷ä-×D¼É†.ÚvvQ~üµ]¼ÀËL~£îQðË¦þ…ËÄÌ<²Êñmñ{Ø¤Å ´N1â ŒœN¹_WâNT¸aÕ’q˜{; :H`""üõÒ²*¸Ó›_ ’#I‘ê˜6¾°²ùK‘¤Š”å|^M¾ƒƒ_|R°dÜ¿IBÜÌQ®© ÛQ3è""ÀÛë?å–üÈfxõuAJk¶^-Ç“Àd¨WbI5\I4cI`åƒ] K‚LññŠÕz» o±Q®Õ*ñkõF½Y'UšFíAz!eÎÃ‹áÐµ}¨T¤dŸ¿ËêPù$îôVbï8Þ{YŒ†<|è,‹¹ ~ÖÂô%ž­Zb ,þêeÜ+µfQ˜à¥Ôm¡nBŽ•.fRéêƒ-W""ì=ãçÏ”\òÖyÞ|}Ç“/¬§ªÜ¾qoäëiÿëª\)WÒWÔÒõ7t§»¸/Ÿ¿¯ ¢ut‰ºx¤Lì¬j}?Ïý–¾>¿ÓÕ®êj¦¥H¢k¸ÚÝ_ 9i&<ˆG2â†9&Xð˜á~E}üF²V [IùN¤Z!rªÇ¯‘ÉRTY¿â`=UÅéCrÀèÙ8-+“™ ¶ÍZmdœó“ãw=ØCÀrU:T‰RS%YeE¬ÈóCPÅ· üˆ¿S~§»Ã;uº²È´0à!ƒAv‘!¨Óu ¬ùå±µÒ4æ;z•òØtërÜ—•Õ»˜“/»·",2026-07-15T02:33:47Z,A zero is the legacy absence coding; no source proves absence of every possible patron relationship.,Seshat Cliopatria; Maddison Project Database 2023; HYDE
60,グプタ朝インド,AD320-AD550,entity,グプタ朝インド,supported_by_reference_overview,"Gupta dynasty | History, Achievements, Founder, & Map | Britannica",Encyclopaedia Britannica,https://www.britannica.com/topic/Gupta-dynasty,"Article, chapter, or dataset overview; relevant text is reproduced in source_excerpt","Gupta dynasty | History, Achievements, Founder, & Map | Britannica Gupta empire in the 4th century The Gupta empire at the end of the 4th century. (more) # Gupta dynasty Gupta dynasty, rulers of the Magadha(now Bihar) state in northeastern India. They maintained an empire over northern and parts of central and western India from the early 4th to the late 6th century ce. Historians once regarded the Gupta period as the classical age of India—during which the norms of Indian literature, art, architecture, and philosophy were established—but many of those assumptions have been challenged by more extensive studies of Indian society and culture between the Mauryan and Gupta periods. Among the products traditionally thought to be from the Gupta era were the decimal system of notation, the great Sanskrit epics, and Hindu art, along with contributions to the sciences of astronomy, mathematics, and metallurgy. Administratively, the Gupta kingdom was divided into provinces, and",2026-07-15T02:33:47Z,The cited reference identifies the polity or political unit.,Seshat Cliopatria; Maddison Project Database 2023; HYDE
60,グプタ朝インド,AD320-AD550,period,AD320-AD550,polity_chronology_supported_project_window_interpretive,"Gupta dynasty | History, Achievements, Founder, & Map | Britannica",Encyclopaedia Britannica,https://www.britannica.com/topic/Gupta-dynasty,"Article, chapter, or dataset overview; relevant text is reproduced in source_excerpt","Gupta dynasty | History, Achievements, Founder, & Map | Britannica Gupta empire in the 4th century The Gupta empire at the end of the 4th century. (more) # Gupta dynasty Gupta dynasty, rulers of the Magadha(now Bihar) state in northeastern India. They maintained an empire over northern and parts of central and western India from the early 4th to the late 6th century ce. Historians once regarded the Gupta period as the classical age of India—during which the norms of Indian literature, art, architecture, and philosophy were established—but many of those assumptions have been challenged by more extensive studies of Indian society and culture between the Mauryan and Gupta periods. Among the products traditionally thought to be from the Gupta era were the decimal system of notation, the great Sanskrit epics, and Hindu art, along with contributions to the sciences of astronomy, mathematics, and metallurgy. Administratively, the Gupta kingdom was divided into provinces, and",2026-07-15T02:33:47Z,The source supports the polity chronology; split periods and policy windows are project-defined analytical intervals.,Seshat Cliopatria; Maddison Project Database 2023; HYDE
60,グプタ朝インド,AD320-AD550,closure_type,none,legacy_none_not_independently_verified,"Gupta dynasty | History, Achievements, Founder, & Map | Britannica",Encyclopaedia Britannica,https://www.britannica.com/topic/Gupta-dynasty,"Article, chapter, or dataset overview; relevant text is reproduced in source_excerpt","Gupta dynasty | History, Achievements, Founder, & Map | Britannica Gupta empire in the 4th century The Gupta empire at the end of the 4th century. (more) # Gupta dynasty Gupta dynasty, rulers of the Magadha(now Bihar) state in northeastern India. They maintained an empire over northern and parts of central and western India from the early 4th to the late 6th century ce. Historians once regarded the Gupta period as the classical age of India—during which the norms of Indian literature, art, architecture, and philosophy were established—but many of those assumptions have been challenged by more extensive studies of Indian society and culture between the Mauryan and Gupta periods. Among the products traditionally thought to be from the Gupta era were the decimal system of notation, the great Sanskrit epics, and Hindu art, along with contributions to the sciences of astronomy, mathematics, and metallurgy. Administratively, the Gupta kingdom was divided into provinces, and",2026-07-15T02:33:47Z,No formal closure is asserted; absence of every relevant restriction was not proven.,Seshat Cliopatria; Maddison Project Database 2023; HYDE
60,グプタ朝インド,AD320-AD550,outcome,overtaken,historical_event_supported_category_is_project_interpretation,"Gupta dynasty | History, Achievements, Founder, & Map | Britannica",Encyclopaedia Britannica,https://www.britannica.com/topic/Gupta-dynasty,"Article, chapter, or dataset overview; relevant text is reproduced in source_excerpt","Gupta dynasty | History, Achievements, Founder, & Map | Britannica Gupta empire in the 4th century The Gupta empire at the end of the 4th century. (more) # Gupta dynasty Gupta dynasty, rulers of the Magadha(now Bihar) state in northeastern India. They maintained an empire over northern and parts of central and western India from the early 4th to the late 6th century ce. Historians once regarded the Gupta period as the classical age of India—during which the norms of Indian literature, art, architecture, and philosophy were established—but many of those assumptions have been challenged by more extensive studies of Indian society and culture between the Mauryan and Gupta periods. Among the products traditionally thought to be from the Gupta era were the decimal system of notation, the great Sanskrit epics, and Hindu art, along with contributions to the sciences of astronomy, mathematics, and metallurgy. Administratively, the Gupta kingdom was divided into provinces, and",2026-07-15T02:33:47Z,The source documents the polity history or terminal event. The three-category outcome is an AI-assisted project classification rather than a source variable.,Seshat Cliopatria; Maddison Project Database 2023; HYDE
60,グプタ朝インド,AD320-AD550,has_external_patron,0,legacy_zero_not_independently_verified,"Gupta dynasty | History, Achievements, Founder, & Map | Britannica",Encyclopaedia Britannica,https://www.britannica.com/topic/Gupta-dynasty,"Article, chapter, or dataset overview; relevant text is reproduced in source_excerpt","Gupta dynasty | History, Achievements, Founder, & Map | Britannica Gupta empire in the 4th century The Gupta empire at the end of the 4th century. (more) # Gupta dynasty Gupta dynasty, rulers of the Magadha(now Bihar) state in northeastern India. They maintained an empire over northern and parts of central and western India from the early 4th to the late 6th century ce. Historians once regarded the Gupta period as the classical age of India—during which the norms of Indian literature, art, architecture, and philosophy were established—but many of those assumptions have been challenged by more extensive studies of Indian society and culture between the Mauryan and Gupta periods. Among the products traditionally thought to be from the Gupta era were the decimal system of notation, the great Sanskrit epics, and Hindu art, along with contributions to the sciences of astronomy, mathematics, and metallurgy. Administratively, the Gupta kingdom was divided into provinces, and",2026-07-15T02:33:47Z,A zero is the legacy absence coding; no source proves absence of every possible patron relationship.,Seshat Cliopatria; Maddison Project Database 2023; HYDE
61,唐朝中国,AD618-AD907,entity,唐朝中国,supported_by_reference_overview,"Tang dynasty | History, Government, Achievements, & Facts | Britannica",Encyclopaedia Britannica,https://www.britannica.com/topic/Tang-dynasty,"Article, chapter, or dataset overview; relevant text is reproduced in source_excerpt","Tang dynasty | History, Government, Achievements, & Facts | Britannica # Tang dynasty Also known as: T’ang Dynasty What was the Tang dynasty? The Tang dynasty(618–907 CE) followed the short-lived Sui dynasty. The Tang developed a successful government and administration and stimulated a cultural and artistic flowering, which amounted to a golden age. Emperor Taizong adjusted the court aristocracy to equalize regional influences. He expanded the use of examinations for hiring civil servants and the system of high-quality schools at the capital. He enshrined the classics and published a standard edition. The dynasty reached its peak in the early 8th century, which was a golden age for the arts. By 907, the dynasty declined into independent kingdoms that withstood unification for more than 50 years. When did the Tang dynasty rule China? The Tang dynasty ruled China from 618 to 907 CE. It followed the short-lived Sui dynasty and developed a successful",2026-07-15T02:33:47Z,The cited reference identifies the polity or political unit.,Seshat Cliopatria; Maddison Project Database 2023; HYDE
61,唐朝中国,AD618-AD907,period,AD618-AD907,polity_chronology_supported_project_window_interpretive,"Tang dynasty | History, Government, Achievements, & Facts | Britannica",Encyclopaedia Britannica,https://www.britannica.com/topic/Tang-dynasty,"Article, chapter, or dataset overview; relevant text is reproduced in source_excerpt","Tang dynasty | History, Government, Achievements, & Facts | Britannica # Tang dynasty Also known as: T’ang Dynasty What was the Tang dynasty? The Tang dynasty(618–907 CE) followed the short-lived Sui dynasty. The Tang developed a successful government and administration and stimulated a cultural and artistic flowering, which amounted to a golden age. Emperor Taizong adjusted the court aristocracy to equalize regional influences. He expanded the use of examinations for hiring civil servants and the system of high-quality schools at the capital. He enshrined the classics and published a standard edition. The dynasty reached its peak in the early 8th century, which was a golden age for the arts. By 907, the dynasty declined into independent kingdoms that withstood unification for more than 50 years. When did the Tang dynasty rule China? The Tang dynasty ruled China from 618 to 907 CE. It followed the short-lived Sui dynasty and developed a successful",2026-07-15T02:33:47Z,The source supports the polity chronology; split periods and policy windows are project-defined analytical intervals.,Seshat Cliopatria; Maddison Project Database 2023; HYDE
61,唐朝中国,AD618-AD907,closure_type,none,legacy_none_not_independently_verified,"Tang dynasty | History, Government, Achievements, & Facts | Britannica",Encyclopaedia Britannica,https://www.britannica.com/topic/Tang-dynasty,"Article, chapter, or dataset overview; relevant text is reproduced in source_excerpt","Tang dynasty | History, Government, Achievements, & Facts | Britannica # Tang dynasty Also known as: T’ang Dynasty What was the Tang dynasty? The Tang dynasty(618–907 CE) followed the short-lived Sui dynasty. The Tang developed a successful government and administration and stimulated a cultural and artistic flowering, which amounted to a golden age. Emperor Taizong adjusted the court aristocracy to equalize regional influences. He expanded the use of examinations for hiring civil servants and the system of high-quality schools at the capital. He enshrined the classics and published a standard edition. The dynasty reached its peak in the early 8th century, which was a golden age for the arts. By 907, the dynasty declined into independent kingdoms that withstood unification for more than 50 years. When did the Tang dynasty rule China? The Tang dynasty ruled China from 618 to 907 CE. It followed the short-lived Sui dynasty and developed a successful",2026-07-15T02:33:47Z,No formal closure is asserted; absence of every relevant restriction was not proven.,Seshat Cliopatria; Maddison Project Database 2023; HYDE
61,唐朝中国,AD618-AD907,outcome,overtaken,historical_event_supported_category_is_project_interpretation,"Tang dynasty | History, Government, Achievements, & Facts | Britannica",Encyclopaedia Britannica,https://www.britannica.com/topic/Tang-dynasty,"Article, chapter, or dataset overview; relevant text is reproduced in source_excerpt","Tang dynasty | History, Government, Achievements, & Facts | Britannica # Tang dynasty Also known as: T’ang Dynasty What was the Tang dynasty? The Tang dynasty(618–907 CE) followed the short-lived Sui dynasty. The Tang developed a successful government and administration and stimulated a cultural and artistic flowering, which amounted to a golden age. Emperor Taizong adjusted the court aristocracy to equalize regional influences. He expanded the use of examinations for hiring civil servants and the system of high-quality schools at the capital. He enshrined the classics and published a standard edition. The dynasty reached its peak in the early 8th century, which was a golden age for the arts. By 907, the dynasty declined into independent kingdoms that withstood unification for more than 50 years. When did the Tang dynasty rule China? The Tang dynasty ruled China from 618 to 907 CE. It followed the short-lived Sui dynasty and developed a successful",2026-07-15T02:33:47Z,The source documents the polity history or terminal event. The three-category outcome is an AI-assisted project classification rather than a source variable.,Seshat Cliopatria; Maddison Project Database 2023; HYDE
61,唐朝中国,AD618-AD907,has_external_patron,0,legacy_zero_not_independently_verified,"Tang dynasty | History, Government, Achievements, & Facts | Britannica",Encyclopaedia Britannica,https://www.britannica.com/topic/Tang-dynasty,"Article, chapter, or dataset overview; relevant text is reproduced in source_excerpt","Tang dynasty | History, Government, Achievements, & Facts | Britannica # Tang dynasty Also known as: T’ang Dynasty What was the Tang dynasty? The Tang dynasty(618–907 CE) followed the short-lived Sui dynasty. The Tang developed a successful government and administration and stimulated a cultural and artistic flowering, which amounted to a golden age. Emperor Taizong adjusted the court aristocracy to equalize regional influences. He expanded the use of examinations for hiring civil servants and the system of high-quality schools at the capital. He enshrined the classics and published a standard edition. The dynasty reached its peak in the early 8th century, which was a golden age for the arts. By 907, the dynasty declined into independent kingdoms that withstood unification for more than 50 years. When did the Tang dynasty rule China? The Tang dynasty ruled China from 618 to 907 CE. It followed the short-lived Sui dynasty and developed a successful",2026-07-15T02:33:47Z,A zero is the legacy absence coding; no source proves absence of every possible patron relationship.,Seshat Cliopatria; Maddison Project Database 2023; HYDE
62,ウマイヤ朝,AD661-AD750,entity,ウマイヤ朝,supported_by_reference_overview,Who were the Umayyads? | Britannica,Encyclopaedia Britannica,https://www.britannica.com/question/Who-were-the-Umayyads,"Article, chapter, or dataset overview; relevant text is reproduced in source_excerpt","Who were the Umayyads? | Britannica # Who were the Umayyads? The Editors of Encyclopaedia Britannica The Umayyads were the first Muslim dynasty, established in 661 in Damascus. Their dynasty succeeded the leadership of the first four caliphs—Abū Bakr,ʿUmar I,ʿUthmān, andʿAlī. It was established by Muʿāwiyah ibn Abī Sufyān, a native of Mecca and a contemporary of the Prophet Muḥammad. The Umayyad dynasty lasted less than a century in Damascus before it was driven out in 750 by theʿAbbāsid dynasty. A remnant of the Umayyad dynasty was resurrected in 756 in Córdoba, Spain, and continued to rule there into the 11th century.",2026-07-15T02:33:47Z,The cited reference identifies the polity or political unit.,Seshat Cliopatria; Maddison Project Database 2023; HYDE
62,ウマイヤ朝,AD661-AD750,period,AD661-AD750,polity_chronology_supported_project_window_interpretive,Who were the Umayyads? | Britannica,Encyclopaedia Britannica,https://www.britannica.com/question/Who-were-the-Umayyads,"Article, chapter, or dataset overview; relevant text is reproduced in source_excerpt","Who were the Umayyads? | Britannica # Who were the Umayyads? The Editors of Encyclopaedia Britannica The Umayyads were the first Muslim dynasty, established in 661 in Damascus. Their dynasty succeeded the leadership of the first four caliphs—Abū Bakr,ʿUmar I,ʿUthmān, andʿAlī. It was established by Muʿāwiyah ibn Abī Sufyān, a native of Mecca and a contemporary of the Prophet Muḥammad. The Umayyad dynasty lasted less than a century in Damascus before it was driven out in 750 by theʿAbbāsid dynasty. A remnant of the Umayyad dynasty was resurrected in 756 in Córdoba, Spain, and continued to rule there into the 11th century.",2026-07-15T02:33:47Z,The source supports the polity chronology; split periods and policy windows are project-defined analytical intervals.,Seshat Cliopatria; Maddison Project Database 2023; HYDE
62,ウマイヤ朝,AD661-AD750,closure_type,none,legacy_none_not_independently_verified,Who were the Umayyads? | Britannica,Encyclopaedia Britannica,https://www.britannica.com/question/Who-were-the-Umayyads,"Article, chapter, or dataset overview; relevant text is reproduced in source_excerpt","Who were the Umayyads? | Britannica # Who were the Umayyads? The Editors of Encyclopaedia Britannica The Umayyads were the first Muslim dynasty, established in 661 in Damascus. Their dynasty succeeded the leadership of the first four caliphs—Abū Bakr,ʿUmar I,ʿUthmān, andʿAlī. It was established by Muʿāwiyah ibn Abī Sufyān, a native of Mecca and a contemporary of the Prophet Muḥammad. The Umayyad dynasty lasted less than a century in Damascus before it was driven out in 750 by theʿAbbāsid dynasty. A remnant of the Umayyad dynasty was resurrected in 756 in Córdoba, Spain, and continued to rule there into the 11th century.",2026-07-15T02:33:47Z,No formal closure is asserted; absence of every relevant restriction was not proven.,Seshat Cliopatria; Maddison Project Database 2023; HYDE
62,ウマイヤ朝,AD661-AD750,outcome,overtaken,historical_event_supported_category_is_project_interpretation,Who were the Umayyads? | Britannica,Encyclopaedia Britannica,https://www.britannica.com/question/Who-were-the-Umayyads,"Article, chapter, or dataset overview; relevant text is reproduced in source_excerpt","Who were the Umayyads? | Britannica # Who were the Umayyads? The Editors of Encyclopaedia Britannica The Umayyads were the first Muslim dynasty, established in 661 in Damascus. Their dynasty succeeded the leadership of the first four caliphs—Abū Bakr,ʿUmar I,ʿUthmān, andʿAlī. It was established by Muʿāwiyah ibn Abī Sufyān, a native of Mecca and a contemporary of the Prophet Muḥammad. The Umayyad dynasty lasted less than a century in Damascus before it was driven out in 750 by theʿAbbāsid dynasty. A remnant of the Umayyad dynasty was resurrected in 756 in Córdoba, Spain, and continued to rule there into the 11th century.",2026-07-15T02:33:47Z,The source documents the polity history or terminal event. The three-category outcome is an AI-assisted project classification rather than a source variable.,Seshat Cliopatria; Maddison Project Database 2023; HYDE
62,ウマイヤ朝,AD661-AD750,has_external_patron,0,legacy_zero_not_independently_verified,Who were the Umayyads? | Britannica,Encyclopaedia Britannica,https://www.britannica.com/question/Who-were-the-Umayyads,"Article, chapter, or dataset overview; relevant text is reproduced in source_excerpt","Who were the Umayyads? | Britannica # Who were the Umayyads? The Editors of Encyclopaedia Britannica The Umayyads were the first Muslim dynasty, established in 661 in Damascus. Their dynasty succeeded the leadership of the first four caliphs—Abū Bakr,ʿUmar I,ʿUthmān, andʿAlī. It was established by Muʿāwiyah ibn Abī Sufyān, a native of Mecca and a contemporary of the Prophet Muḥammad. The Umayyad dynasty lasted less than a century in Damascus before it was driven out in 750 by theʿAbbāsid dynasty. A remnant of the Umayyad dynasty was resurrected in 756 in Córdoba, Spain, and continued to rule there into the 11th century.",2026-07-15T02:33:47Z,A zero is the legacy absence coding; no source proves absence of every possible patron relationship.,Seshat Cliopatria; Maddison Project Database 2023; HYDE
63,高麗,AD918-AD1392,entity,高麗,supported_by_reference_overview,Goryeo dynasty | Korean History & Culture | Britannica,Encyclopaedia Britannica,https://www.britannica.com/topic/Goryeo-dynasty,"Article, chapter, or dataset overview; relevant text is reproduced in source_excerpt","Goryeo dynasty | Korean History & Culture | Britannica # Goryeo dynasty Goryeo dynasty, in Korean history, dynasty that ruled the Korean peninsula as the Goryeo kingdom from 935 to 1392 ce. During this period the country began to form its own cultural tradition distinct from the rest of East Asia. It is from the name Goryeo that the Western name Korea is derived. The dynasty that ruled Goryeo was formed by Gen. Wang Kon, who in 918 overthrew the state of Later Goguryeo, established in north-central Korea by the monk Kung Ye. Changing the name of the state to Goryeo, Wang Kon established his capital at Songdo (present-day Kaesong, North Korea). With the surrender of the kingdoms of Silla(in 935) and Later Baekje(in 936) he established a unified kingdom on the peninsula. A centralized bureaucratic system was established during the reign (981–997) of King Seongjong to replace the old aristocratic tribal system that had governed the country. Education and civil service",2026-07-15T02:33:47Z,The cited reference identifies the polity or political unit.,Seshat Cliopatria; Maddison Project Database 2023; HYDE
63,高麗,AD918-AD1392,period,AD918-AD1392,polity_chronology_supported_project_window_interpretive,Goryeo dynasty | Korean History & Culture | Britannica,Encyclopaedia Britannica,https://www.britannica.com/topic/Goryeo-dynasty,"Article, chapter, or dataset overview; relevant text is reproduced in source_excerpt","Goryeo dynasty | Korean History & Culture | Britannica # Goryeo dynasty Goryeo dynasty, in Korean history, dynasty that ruled the Korean peninsula as the Goryeo kingdom from 935 to 1392 ce. During this period the country began to form its own cultural tradition distinct from the rest of East Asia. It is from the name Goryeo that the Western name Korea is derived. The dynasty that ruled Goryeo was formed by Gen. Wang Kon, who in 918 overthrew the state of Later Goguryeo, established in north-central Korea by the monk Kung Ye. Changing the name of the state to Goryeo, Wang Kon established his capital at Songdo (present-day Kaesong, North Korea). With the surrender of the kingdoms of Silla(in 935) and Later Baekje(in 936) he established a unified kingdom on the peninsula. A centralized bureaucratic system was established during the reign (981–997) of King Seongjong to replace the old aristocratic tribal system that had governed the country. Education and civil service",2026-07-15T02:33:47Z,The source supports the polity chronology; split periods and policy windows are project-defined analytical intervals.,Seshat Cliopatria; Maddison Project Database 2023; HYDE
63,高麗,AD918-AD1392,closure_type,none,legacy_none_not_independently_verified,Goryeo dynasty | Korean History & Culture | Britannica,Encyclopaedia Britannica,https://www.britannica.com/topic/Goryeo-dynasty,"Article, chapter, or dataset overview; relevant text is reproduced in source_excerpt","Goryeo dynasty | Korean History & Culture | Britannica # Goryeo dynasty Goryeo dynasty, in Korean history, dynasty that ruled the Korean peninsula as the Goryeo kingdom from 935 to 1392 ce. During this period the country began to form its own cultural tradition distinct from the rest of East Asia. It is from the name Goryeo that the Western name Korea is derived. The dynasty that ruled Goryeo was formed by Gen. Wang Kon, who in 918 overthrew the state of Later Goguryeo, established in north-central Korea by the monk Kung Ye. Changing the name of the state to Goryeo, Wang Kon established his capital at Songdo (present-day Kaesong, North Korea). With the surrender of the kingdoms of Silla(in 935) and Later Baekje(in 936) he established a unified kingdom on the peninsula. A centralized bureaucratic system was established during the reign (981–997) of King Seongjong to replace the old aristocratic tribal system that had governed the country. Education and civil service",2026-07-15T02:33:47Z,No formal closure is asserted; absence of every relevant restriction was not proven.,Seshat Cliopatria; Maddison Project Database 2023; HYDE
63,高麗,AD918-AD1392,outcome,overtaken,historical_event_supported_category_is_project_interpretation,Goryeo dynasty | Korean History & Culture | Britannica,Encyclopaedia Britannica,https://www.britannica.com/topic/Goryeo-dynasty,"Article, chapter, or dataset overview; relevant text is reproduced in source_excerpt","Goryeo dynasty | Korean History & Culture | Britannica # Goryeo dynasty Goryeo dynasty, in Korean history, dynasty that ruled the Korean peninsula as the Goryeo kingdom from 935 to 1392 ce. During this period the country began to form its own cultural tradition distinct from the rest of East Asia. It is from the name Goryeo that the Western name Korea is derived. The dynasty that ruled Goryeo was formed by Gen. Wang Kon, who in 918 overthrew the state of Later Goguryeo, established in north-central Korea by the monk Kung Ye. Changing the name of the state to Goryeo, Wang Kon established his capital at Songdo (present-day Kaesong, North Korea). With the surrender of the kingdoms of Silla(in 935) and Later Baekje(in 936) he established a unified kingdom on the peninsula. A centralized bureaucratic system was established during the reign (981–997) of King Seongjong to replace the old aristocratic tribal system that had governed the country. Education and civil service",2026-07-15T02:33:47Z,The source documents the polity history or terminal event. The three-category outcome is an AI-assisted project classification rather than a source variable.,Seshat Cliopatria; Maddison Project Database 2023; HYDE
63,高麗,AD918-AD1392,has_external_patron,0,legacy_zero_not_independently_verified,Goryeo dynasty | Korean History & Culture | Britannica,Encyclopaedia Britannica,https://www.britannica.com/topic/Goryeo-dynasty,"Article, chapter, or dataset overview; relevant text is reproduced in source_excerpt","Goryeo dynasty | Korean History & Culture | Britannica # Goryeo dynasty Goryeo dynasty, in Korean history, dynasty that ruled the Korean peninsula as the Goryeo kingdom from 935 to 1392 ce. During this period the country began to form its own cultural tradition distinct from the rest of East Asia. It is from the name Goryeo that the Western name Korea is derived. The dynasty that ruled Goryeo was formed by Gen. Wang Kon, who in 918 overthrew the state of Later Goguryeo, established in north-central Korea by the monk Kung Ye. Changing the name of the state to Goryeo, Wang Kon established his capital at Songdo (present-day Kaesong, North Korea). With the surrender of the kingdoms of Silla(in 935) and Later Baekje(in 936) he established a unified kingdom on the peninsula. A centralized bureaucratic system was established during the reign (981–997) of King Seongjong to replace the old aristocratic tribal system that had governed the country. Education and civil service",2026-07-15T02:33:47Z,A zero is the legacy absence coding; no source proves absence of every possible patron relationship.,Seshat Cliopatria; Maddison Project Database 2023; HYDE
64,クメール帝国（アンコール）,AD802-AD1431,entity,クメール帝国（アンコール）,supported_by_reference_overview,"Khmer empire | History, Map, Notable Sites, & Facts | Britannica",Encyclopaedia Britannica,https://www.britannica.com/topic/Khmer-Empire,"Article, chapter, or dataset overview; relevant text is reproduced in source_excerpt","Khmer empire | History, Map, Notable Sites, & Facts | Britannica Khmer empire The Khmer empire in the early 13th century included much of present-day Cambodia, Thailand, Laos, and Vietnam. (more) # Khmer empire What was the Khmer empire? The Khmer Empire, also known as the Kingdom of Angkor, was an ancient Cambodian state that reigned over a large part of mainland Southeast Asia from 802 to 1431 CE. At its height between the 11th and 13th centuries, the Khmer Empire shaped the political history and artistic traditions of Thailand and Laos. Heavily influenced by Indian customs, the Khmer were masterful stone workers and engineers who built temples, roads, and bridges. The most famous of these is Angkor Wat, one of the world's largest religious structures. The Khmer capital moved to Lovek in 1431 after the Tai army sacked Angkor. The Khmer empire, also known as the kingdom of Angkor, was an ancient Cambodian state that existed from 802 to 1431 CE. At its height",2026-07-15T02:33:47Z,The cited reference identifies the polity or political unit.,Seshat Cliopatria; Maddison Project Database 2023; HYDE
64,クメール帝国（アンコール）,AD802-AD1431,period,AD802-AD1431,polity_chronology_supported_project_window_interpretive,"Khmer empire | History, Map, Notable Sites, & Facts | Britannica",Encyclopaedia Britannica,https://www.britannica.com/topic/Khmer-Empire,"Article, chapter, or dataset overview; relevant text is reproduced in source_excerpt","Khmer empire | History, Map, Notable Sites, & Facts | Britannica Khmer empire The Khmer empire in the early 13th century included much of present-day Cambodia, Thailand, Laos, and Vietnam. (more) # Khmer empire What was the Khmer empire? The Khmer Empire, also known as the Kingdom of Angkor, was an ancient Cambodian state that reigned over a large part of mainland Southeast Asia from 802 to 1431 CE. At its height between the 11th and 13th centuries, the Khmer Empire shaped the political history and artistic traditions of Thailand and Laos. Heavily influenced by Indian customs, the Khmer were masterful stone workers and engineers who built temples, roads, and bridges. The most famous of these is Angkor Wat, one of the world's largest religious structures. The Khmer capital moved to Lovek in 1431 after the Tai army sacked Angkor. The Khmer empire, also known as the kingdom of Angkor, was an ancient Cambodian state that existed from 802 to 1431 CE. At its height",2026-07-15T02:33:47Z,The source supports the polity chronology; split periods and policy windows are project-defined analytical intervals.,Seshat Cliopatria; Maddison Project Database 2023; HYDE
64,クメール帝国（アンコール）,AD802-AD1431,closure_type,none,legacy_none_not_independently_verified,"Khmer empire | History, Map, Notable Sites, & Facts | Britannica",Encyclopaedia Britannica,https://www.britannica.com/topic/Khmer-Empire,"Article, chapter, or dataset overview; relevant text is reproduced in source_excerpt","Khmer empire | History, Map, Notable Sites, & Facts | Britannica Khmer empire The Khmer empire in the early 13th century included much of present-day Cambodia, Thailand, Laos, and Vietnam. (more) # Khmer empire What was the Khmer empire? The Khmer Empire, also known as the Kingdom of Angkor, was an ancient Cambodian state that reigned over a large part of mainland Southeast Asia from 802 to 1431 CE. At its height between the 11th and 13th centuries, the Khmer Empire shaped the political history and artistic traditions of Thailand and Laos. Heavily influenced by Indian customs, the Khmer were masterful stone workers and engineers who built temples, roads, and bridges. The most famous of these is Angkor Wat, one of the world's largest religious structures. The Khmer capital moved to Lovek in 1431 after the Tai army sacked Angkor. The Khmer empire, also known as the kingdom of Angkor, was an ancient Cambodian state that existed from 802 to 1431 CE. At its height",2026-07-15T02:33:47Z,No formal closure is asserted; absence of every relevant restriction was not proven.,Seshat Cliopatria; Maddison Project Database 2023; HYDE
64,クメール帝国（アンコール）,AD802-AD1431,outcome,overtaken,historical_event_supported_category_is_project_interpretation,"Khmer empire | History, Map, Notable Sites, & Facts | Britannica",Encyclopaedia Britannica,https://www.britannica.com/topic/Khmer-Empire,"Article, chapter, or dataset overview; relevant text is reproduced in source_excerpt","Khmer empire | History, Map, Notable Sites, & Facts | Britannica Khmer empire The Khmer empire in the early 13th century included much of present-day Cambodia, Thailand, Laos, and Vietnam. (more) # Khmer empire What was the Khmer empire? The Khmer Empire, also known as the Kingdom of Angkor, was an ancient Cambodian state that reigned over a large part of mainland Southeast Asia from 802 to 1431 CE. At its height between the 11th and 13th centuries, the Khmer Empire shaped the political history and artistic traditions of Thailand and Laos. Heavily influenced by Indian customs, the Khmer were masterful stone workers and engineers who built temples, roads, and bridges. The most famous of these is Angkor Wat, one of the world's largest religious structures. The Khmer capital moved to Lovek in 1431 after the Tai army sacked Angkor. The Khmer empire, also known as the kingdom of Angkor, was an ancient Cambodian state that existed from 802 to 1431 CE. At its height",2026-07-15T02:33:47Z,The source documents the polity history or terminal event. The three-category outcome is an AI-assisted project classification rather than a source variable.,Seshat Cliopatria; Maddison Project Database 2023; HYDE
64,クメール帝国（アンコール）,AD802-AD1431,has_external_patron,0,legacy_zero_not_independently_verified,"Khmer empire | History, Map, Notable Sites, & Facts | Britannica",Encyclopaedia Britannica,https://www.britannica.com/topic/Khmer-Empire,"Article, chapter, or dataset overview; relevant text is reproduced in source_excerpt","Khmer empire | History, Map, Notable Sites, & Facts | Britannica Khmer empire The Khmer empire in the early 13th century included much of present-day Cambodia, Thailand, Laos, and Vietnam. (more) # Khmer empire What was the Khmer empire? The Khmer Empire, also known as the Kingdom of Angkor, was an ancient Cambodian state that reigned over a large part of mainland Southeast Asia from 802 to 1431 CE. At its height between the 11th and 13th centuries, the Khmer Empire shaped the political history and artistic traditions of Thailand and Laos. Heavily influenced by Indian customs, the Khmer were masterful stone workers and engineers who built temples, roads, and bridges. The most famous of these is Angkor Wat, one of the world's largest religious structures. The Khmer capital moved to Lovek in 1431 after the Tai army sacked Angkor. The Khmer empire, also known as the kingdom of Angkor, was an ancient Cambodian state that existed from 802 to 1431 CE. At its height",2026-07-15T02:33:47Z,A zero is the legacy absence coding; no source proves absence of every possible patron relationship.,Seshat Cliopatria; Maddison Project Database 2023; HYDE
65,シュリーヴィジャヤ,AD650-AD1377,entity,シュリーヴィジャヤ,supported_by_reference_overview,"Srivijaya empire | History, Location, Religion, Government, & Map | Britannica",Encyclopaedia Britannica,https://www.britannica.com/place/Srivijaya-empire,"Article, chapter, or dataset overview; relevant text is reproduced in source_excerpt","Srivijaya empire | History, Location, Religion, Government, & Map | Britannica Srivijaya empire # Srivijaya empire historical kingdom, Indonesia Also known as: Śrivijaya-Palembang, Shrivijaya Srivijaya empire, maritime and commercial kingdom that flourished between the 7th and the 13th centuries, largely in what is now Indonesia. The kingdom originated in Palembang on the island of Sumatra and soon extended its influence and controlled the Strait of Malacca. Srivijaya’s power was based on its control of international sea trade. It established trade relations not only with the states in the Malay Archipelago but also with China and India. Srivijaya was also a religious centre in the region. It adhered to Mahayana Buddhism and soon became the stopping point for Chinese Buddhist pilgrims on their way to India. The kings of Srivijaya even founded monasteries at Negapattam (now Nagappattinam) in southeastern India. Srivijaya continued to grow; by the year 1000",2026-07-15T02:33:47Z,The cited reference identifies the polity or political unit.,Seshat Cliopatria; Maddison Project Database 2023; HYDE
65,シュリーヴィジャヤ,AD650-AD1377,period,AD650-AD1377,polity_chronology_supported_project_window_interpretive,"Srivijaya empire | History, Location, Religion, Government, & Map | Britannica",Encyclopaedia Britannica,https://www.britannica.com/place/Srivijaya-empire,"Article, chapter, or dataset overview; relevant text is reproduced in source_excerpt","Srivijaya empire | History, Location, Religion, Government, & Map | Britannica Srivijaya empire # Srivijaya empire historical kingdom, Indonesia Also known as: Śrivijaya-Palembang, Shrivijaya Srivijaya empire, maritime and commercial kingdom that flourished between the 7th and the 13th centuries, largely in what is now Indonesia. The kingdom originated in Palembang on the island of Sumatra and soon extended its influence and controlled the Strait of Malacca. Srivijaya’s power was based on its control of international sea trade. It established trade relations not only with the states in the Malay Archipelago but also with China and India. Srivijaya was also a religious centre in the region. It adhered to Mahayana Buddhism and soon became the stopping point for Chinese Buddhist pilgrims on their way to India. The kings of Srivijaya even founded monasteries at Negapattam (now Nagappattinam) in southeastern India. Srivijaya continued to grow; by the year 1000",2026-07-15T02:33:47Z,The source supports the polity chronology; split periods and policy windows are project-defined analytical intervals.,Seshat Cliopatria; Maddison Project Database 2023; HYDE
65,シュリーヴィジャヤ,AD650-AD1377,closure_type,none,legacy_none_not_independently_verified,"Srivijaya empire | History, Location, Religion, Government, & Map | Britannica",Encyclopaedia Britannica,https://www.britannica.com/place/Srivijaya-empire,"Article, chapter, or dataset overview; relevant text is reproduced in source_excerpt","Srivijaya empire | History, Location, Religion, Government, & Map | Britannica Srivijaya empire # Srivijaya empire historical kingdom, Indonesia Also known as: Śrivijaya-Palembang, Shrivijaya Srivijaya empire, maritime and commercial kingdom that flourished between the 7th and the 13th centuries, largely in what is now Indonesia. The kingdom originated in Palembang on the island of Sumatra and soon extended its influence and controlled the Strait of Malacca. Srivijaya’s power was based on its control of international sea trade. It established trade relations not only with the states in the Malay Archipelago but also with China and India. Srivijaya was also a religious centre in the region. It adhered to Mahayana Buddhism and soon became the stopping point for Chinese Buddhist pilgrims on their way to India. The kings of Srivijaya even founded monasteries at Negapattam (now Nagappattinam) in southeastern India. Srivijaya continued to grow; by the year 1000",2026-07-15T02:33:47Z,No formal closure is asserted; absence of every relevant restriction was not proven.,Seshat Cliopatria; Maddison Project Database 2023; HYDE
65,シュリーヴィジャヤ,AD650-AD1377,outcome,overtaken,historical_event_supported_category_is_project_interpretation,"Srivijaya empire | History, Location, Religion, Government, & Map | Britannica",Encyclopaedia Britannica,https://www.britannica.com/place/Srivijaya-empire,"Article, chapter, or dataset overview; relevant text is reproduced in source_excerpt","Srivijaya empire | History, Location, Religion, Government, & Map | Britannica Srivijaya empire # Srivijaya empire historical kingdom, Indonesia Also known as: Śrivijaya-Palembang, Shrivijaya Srivijaya empire, maritime and commercial kingdom that flourished between the 7th and the 13th centuries, largely in what is now Indonesia. The kingdom originated in Palembang on the island of Sumatra and soon extended its influence and controlled the Strait of Malacca. Srivijaya’s power was based on its control of international sea trade. It established trade relations not only with the states in the Malay Archipelago but also with China and India. Srivijaya was also a religious centre in the region. It adhered to Mahayana Buddhism and soon became the stopping point for Chinese Buddhist pilgrims on their way to India. The kings of Srivijaya even founded monasteries at Negapattam (now Nagappattinam) in southeastern India. Srivijaya continued to grow; by the year 1000",2026-07-15T02:33:47Z,The source documents the polity history or terminal event. The three-category outcome is an AI-assisted project classification rather than a source variable.,Seshat Cliopatria; Maddison Project Database 2023; HYDE
65,シュリーヴィジャヤ,AD650-AD1377,has_external_patron,0,legacy_zero_not_independently_verified,"Srivijaya empire | History, Location, Religion, Government, & Map | Britannica",Encyclopaedia Britannica,https://www.britannica.com/place/Srivijaya-empire,"Article, chapter, or dataset overview; relevant text is reproduced in source_excerpt","Srivijaya empire | History, Location, Religion, Government, & Map | Britannica Srivijaya empire # Srivijaya empire historical kingdom, Indonesia Also known as: Śrivijaya-Palembang, Shrivijaya Srivijaya empire, maritime and commercial kingdom that flourished between the 7th and the 13th centuries, largely in what is now Indonesia. The kingdom originated in Palembang on the island of Sumatra and soon extended its influence and controlled the Strait of Malacca. Srivijaya’s power was based on its control of international sea trade. It established trade relations not only with the states in the Malay Archipelago but also with China and India. Srivijaya was also a religious centre in the region. It adhered to Mahayana Buddhism and soon became the stopping point for Chinese Buddhist pilgrims on their way to India. The kings of Srivijaya even founded monasteries at Negapattam (now Nagappattinam) in southeastern India. Srivijaya continued to grow; by the year 1000",2026-07-15T02:33:47Z,A zero is the legacy absence coding; no source proves absence of every possible patron relationship.,Seshat Cliopatria; Maddison Project Database 2023; HYDE
66,マジャパヒト王国,AD1293-AD1527,entity,マジャパヒト王国,supported_by_reference_overview,"Majapahit empire | Maritime trade, Hinduism, Buddhism | Britannica",Encyclopaedia Britannica,https://www.britannica.com/place/Majapahit-empire,"Article, chapter, or dataset overview; relevant text is reproduced in source_excerpt","Majapahit empire | Maritime trade, Hinduism, Buddhism | Britannica # Majapahit empire historical kingdom, Indonesia Majapahit empire, the last Indianized kingdom in Indonesia, based in eastern Java and existing between the 13th and 16th centuries. The founder of the empire was Vijaya, a prince of Singhasari who escaped when Jayakatwang, the ruler of Kaḍiri, seized the palace. In 1292 Mongol troops came to Java to avenge an insult to the emperor of China, Kublai Khan, by Kertanagara, the king of Singhasari, who had been replaced by Jayakatwang. Vijaya collaborated with Mongol troops in defeating Jayakatwang. Vijaya then turned against the Mongols and expelled them from Java. Under his rule the new kingdom, Majapahit, successfully controlled Bali, Madura, Malayu, and Tanjungpura. The power of Majapahit reached its height in the mid-14th century under the leadership of King Hayam Wuruk and his prime minister, Gajah Mada. Some scholars have argued that the territories of",2026-07-15T02:33:47Z,The cited reference identifies the polity or political unit.,Seshat Cliopatria; Maddison Project Database 2023; Clio-Infra; HYDE
66,マジャパヒト王国,AD1293-AD1527,period,AD1293-AD1527,polity_chronology_supported_project_window_interpretive,"Majapahit empire | Maritime trade, Hinduism, Buddhism | Britannica",Encyclopaedia Britannica,https://www.britannica.com/place/Majapahit-empire,"Article, chapter, or dataset overview; relevant text is reproduced in source_excerpt","Majapahit empire | Maritime trade, Hinduism, Buddhism | Britannica # Majapahit empire historical kingdom, Indonesia Majapahit empire, the last Indianized kingdom in Indonesia, based in eastern Java and existing between the 13th and 16th centuries. The founder of the empire was Vijaya, a prince of Singhasari who escaped when Jayakatwang, the ruler of Kaḍiri, seized the palace. In 1292 Mongol troops came to Java to avenge an insult to the emperor of China, Kublai Khan, by Kertanagara, the king of Singhasari, who had been replaced by Jayakatwang. Vijaya collaborated with Mongol troops in defeating Jayakatwang. Vijaya then turned against the Mongols and expelled them from Java. Under his rule the new kingdom, Majapahit, successfully controlled Bali, Madura, Malayu, and Tanjungpura. The power of Majapahit reached its height in the mid-14th century under the leadership of King Hayam Wuruk and his prime minister, Gajah Mada. Some scholars have argued that the territories of",2026-07-15T02:33:47Z,The source supports the polity chronology; split periods and policy windows are project-defined analytical intervals.,Seshat Cliopatria; Maddison Project Database 2023; Clio-Infra; HYDE
66,マジャパヒト王国,AD1293-AD1527,closure_type,none,legacy_none_not_independently_verified,"Majapahit empire | Maritime trade, Hinduism, Buddhism | Britannica",Encyclopaedia Britannica,https://www.britannica.com/place/Majapahit-empire,"Article, chapter, or dataset overview; relevant text is reproduced in source_excerpt","Majapahit empire | Maritime trade, Hinduism, Buddhism | Britannica # Majapahit empire historical kingdom, Indonesia Majapahit empire, the last Indianized kingdom in Indonesia, based in eastern Java and existing between the 13th and 16th centuries. The founder of the empire was Vijaya, a prince of Singhasari who escaped when Jayakatwang, the ruler of Kaḍiri, seized the palace. In 1292 Mongol troops came to Java to avenge an insult to the emperor of China, Kublai Khan, by Kertanagara, the king of Singhasari, who had been replaced by Jayakatwang. Vijaya collaborated with Mongol troops in defeating Jayakatwang. Vijaya then turned against the Mongols and expelled them from Java. Under his rule the new kingdom, Majapahit, successfully controlled Bali, Madura, Malayu, and Tanjungpura. The power of Majapahit reached its height in the mid-14th century under the leadership of King Hayam Wuruk and his prime minister, Gajah Mada. Some scholars have argued that the territories of",2026-07-15T02:33:47Z,No formal closure is asserted; absence of every relevant restriction was not proven.,Seshat Cliopatria; Maddison Project Database 2023; Clio-Infra; HYDE
66,マジャパヒト王国,AD1293-AD1527,outcome,overtaken,historical_event_supported_category_is_project_interpretation,"Majapahit empire | Maritime trade, Hinduism, Buddhism | Britannica",Encyclopaedia Britannica,https://www.britannica.com/place/Majapahit-empire,"Article, chapter, or dataset overview; relevant text is reproduced in source_excerpt","Majapahit empire | Maritime trade, Hinduism, Buddhism | Britannica # Majapahit empire historical kingdom, Indonesia Majapahit empire, the last Indianized kingdom in Indonesia, based in eastern Java and existing between the 13th and 16th centuries. The founder of the empire was Vijaya, a prince of Singhasari who escaped when Jayakatwang, the ruler of Kaḍiri, seized the palace. In 1292 Mongol troops came to Java to avenge an insult to the emperor of China, Kublai Khan, by Kertanagara, the king of Singhasari, who had been replaced by Jayakatwang. Vijaya collaborated with Mongol troops in defeating Jayakatwang. Vijaya then turned against the Mongols and expelled them from Java. Under his rule the new kingdom, Majapahit, successfully controlled Bali, Madura, Malayu, and Tanjungpura. The power of Majapahit reached its height in the mid-14th century under the leadership of King Hayam Wuruk and his prime minister, Gajah Mada. Some scholars have argued that the territories of",2026-07-15T02:33:47Z,The source documents the polity history or terminal event. The three-category outcome is an AI-assisted project classification rather than a source variable.,Seshat Cliopatria; Maddison Project Database 2023; Clio-Infra; HYDE
66,マジャパヒト王国,AD1293-AD1527,has_external_patron,0,legacy_zero_not_independently_verified,"Majapahit empire | Maritime trade, Hinduism, Buddhism | Britannica",Encyclopaedia Britannica,https://www.britannica.com/place/Majapahit-empire,"Article, chapter, or dataset overview; relevant text is reproduced in source_excerpt","Majapahit empire | Maritime trade, Hinduism, Buddhism | Britannica # Majapahit empire historical kingdom, Indonesia Majapahit empire, the last Indianized kingdom in Indonesia, based in eastern Java and existing between the 13th and 16th centuries. The founder of the empire was Vijaya, a prince of Singhasari who escaped when Jayakatwang, the ruler of Kaḍiri, seized the palace. In 1292 Mongol troops came to Java to avenge an insult to the emperor of China, Kublai Khan, by Kertanagara, the king of Singhasari, who had been replaced by Jayakatwang. Vijaya collaborated with Mongol troops in defeating Jayakatwang. Vijaya then turned against the Mongols and expelled them from Java. Under his rule the new kingdom, Majapahit, successfully controlled Bali, Madura, Malayu, and Tanjungpura. The power of Majapahit reached its height in the mid-14th century under the leadership of King Hayam Wuruk and his prime minister, Gajah Mada. Some scholars have argued that the territories of",2026-07-15T02:33:47Z,A zero is the legacy absence coding; no source proves absence of every possible patron relationship.,Seshat Cliopatria; Maddison Project Database 2023; Clio-Infra; HYDE
67,キエフ大公国,AD882-AD1240,entity,キエフ大公国,supported_by_reference_overview,Kyivan Rus - Scholars | Britannica Kids | Encyclopedia,Encyclopaedia Britannica,https://kids.britannica.com/scholars/article/Kyivan-Rus/472685,"Article, chapter, or dataset overview; relevant text is reproduced in source_excerpt","Kyivan Rus - Scholars | Britannica Kids | Encyclopedia Kyivan Rus, also spelled Kievan Rus, the first East Slavic state. It reached its peak in the early to mid-11th century. Both the origin of the Kyivan state and that of the name Rus, which came to be applied to it, remain matters of debate among historians. According to the traditional account presented in The Primary Chronicle, compiled in Kyiv in the 12th century, the state was founded by the Viking Oleh(Oleg), ruler of Novgorod from about 879. In 882 he seized Smolensk and Kyiv, and the latter city, owing to its strategic location on the Dnieper River, became the capital of Kyivan Rus. Extending his rule, Oleh united local Slavic and Finnish tribes, defeated the Khazars, and in 911 arranged trade agreements with Constantinople. Oleh’s successor, Ihor(Igor), is regarded as the founder of the Riurykide (Rurik) dynasty, but he was a less capable ruler than Oleh, and the treaty that he concluded with Constantinople in 945 featured te",2026-07-15T02:33:47Z,The cited reference identifies the polity or political unit.,Seshat Cliopatria; Maddison Project Database 2023; HYDE
67,キエフ大公国,AD882-AD1240,period,AD882-AD1240,polity_chronology_supported_project_window_interpretive,Kyivan Rus - Scholars | Britannica Kids | Encyclopedia,Encyclopaedia Britannica,https://kids.britannica.com/scholars/article/Kyivan-Rus/472685,"Article, chapter, or dataset overview; relevant text is reproduced in source_excerpt","Kyivan Rus - Scholars | Britannica Kids | Encyclopedia Kyivan Rus, also spelled Kievan Rus, the first East Slavic state. It reached its peak in the early to mid-11th century. Both the origin of the Kyivan state and that of the name Rus, which came to be applied to it, remain matters of debate among historians. According to the traditional account presented in The Primary Chronicle, compiled in Kyiv in the 12th century, the state was founded by the Viking Oleh(Oleg), ruler of Novgorod from about 879. In 882 he seized Smolensk and Kyiv, and the latter city, owing to its strategic location on the Dnieper River, became the capital of Kyivan Rus. Extending his rule, Oleh united local Slavic and Finnish tribes, defeated the Khazars, and in 911 arranged trade agreements with Constantinople. Oleh’s successor, Ihor(Igor), is regarded as the founder of the Riurykide (Rurik) dynasty, but he was a less capable ruler than Oleh, and the treaty that he concluded with Constantinople in 945 featured te",2026-07-15T02:33:47Z,The source supports the polity chronology; split periods and policy windows are project-defined analytical intervals.,Seshat Cliopatria; Maddison Project Database 2023; HYDE
67,キエフ大公国,AD882-AD1240,closure_type,none,legacy_none_not_independently_verified,Kyivan Rus - Scholars | Britannica Kids | Encyclopedia,Encyclopaedia Britannica,https://kids.britannica.com/scholars/article/Kyivan-Rus/472685,"Article, chapter, or dataset overview; relevant text is reproduced in source_excerpt","Kyivan Rus - Scholars | Britannica Kids | Encyclopedia Kyivan Rus, also spelled Kievan Rus, the first East Slavic state. It reached its peak in the early to mid-11th century. Both the origin of the Kyivan state and that of the name Rus, which came to be applied to it, remain matters of debate among historians. According to the traditional account presented in The Primary Chronicle, compiled in Kyiv in the 12th century, the state was founded by the Viking Oleh(Oleg), ruler of Novgorod from about 879. In 882 he seized Smolensk and Kyiv, and the latter city, owing to its strategic location on the Dnieper River, became the capital of Kyivan Rus. Extending his rule, Oleh united local Slavic and Finnish tribes, defeated the Khazars, and in 911 arranged trade agreements with Constantinople. Oleh’s successor, Ihor(Igor), is regarded as the founder of the Riurykide (Rurik) dynasty, but he was a less capable ruler than Oleh, and the treaty that he concluded with Constantinople in 945 featured te",2026-07-15T02:33:47Z,No formal closure is asserted; absence of every relevant restriction was not proven.,Seshat Cliopatria; Maddison Project Database 2023; HYDE
67,キエフ大公国,AD882-AD1240,outcome,overtaken,historical_event_supported_category_is_project_interpretation,Kyivan Rus - Scholars | Britannica Kids | Encyclopedia,Encyclopaedia Britannica,https://kids.britannica.com/scholars/article/Kyivan-Rus/472685,"Article, chapter, or dataset overview; relevant text is reproduced in source_excerpt","Kyivan Rus - Scholars | Britannica Kids | Encyclopedia Kyivan Rus, also spelled Kievan Rus, the first East Slavic state. It reached its peak in the early to mid-11th century. Both the origin of the Kyivan state and that of the name Rus, which came to be applied to it, remain matters of debate among historians. According to the traditional account presented in The Primary Chronicle, compiled in Kyiv in the 12th century, the state was founded by the Viking Oleh(Oleg), ruler of Novgorod from about 879. In 882 he seized Smolensk and Kyiv, and the latter city, owing to its strategic location on the Dnieper River, became the capital of Kyivan Rus. Extending his rule, Oleh united local Slavic and Finnish tribes, defeated the Khazars, and in 911 arranged trade agreements with Constantinople. Oleh’s successor, Ihor(Igor), is regarded as the founder of the Riurykide (Rurik) dynasty, but he was a less capable ruler than Oleh, and the treaty that he concluded with Constantinople in 945 featured te",2026-07-15T02:33:47Z,The source documents the polity history or terminal event. The three-category outcome is an AI-assisted project classification rather than a source variable.,Seshat Cliopatria; Maddison Project Database 2023; HYDE
67,キエフ大公国,AD882-AD1240,has_external_patron,0,legacy_zero_not_independently_verified,Kyivan Rus - Scholars | Britannica Kids | Encyclopedia,Encyclopaedia Britannica,https://kids.britannica.com/scholars/article/Kyivan-Rus/472685,"Article, chapter, or dataset overview; relevant text is reproduced in source_excerpt","Kyivan Rus - Scholars | Britannica Kids | Encyclopedia Kyivan Rus, also spelled Kievan Rus, the first East Slavic state. It reached its peak in the early to mid-11th century. Both the origin of the Kyivan state and that of the name Rus, which came to be applied to it, remain matters of debate among historians. According to the traditional account presented in The Primary Chronicle, compiled in Kyiv in the 12th century, the state was founded by the Viking Oleh(Oleg), ruler of Novgorod from about 879. In 882 he seized Smolensk and Kyiv, and the latter city, owing to its strategic location on the Dnieper River, became the capital of Kyivan Rus. Extending his rule, Oleh united local Slavic and Finnish tribes, defeated the Khazars, and in 911 arranged trade agreements with Constantinople. Oleh’s successor, Ihor(Igor), is regarded as the founder of the Riurykide (Rurik) dynasty, but he was a less capable ruler than Oleh, and the treaty that he concluded with Constantinople in 945 featured te",2026-07-15T02:33:47Z,A zero is the legacy absence coding; no source proves absence of every possible patron relationship.,Seshat Cliopatria; Maddison Project Database 2023; HYDE
68,ジェノヴァ共和国,AD1099-AD1797,entity,ジェノヴァ共和国,supported_by_reference_overview,La fine della Repubblica di Genova: nuovi equilibri nel territorio ligure tra Napoleone e i Savoia,University of Genoa,https://unire.unige.it/handle/123456789/6542,"Article, chapter, or dataset overview; relevant text is reproduced in source_excerpt","The University of Genoa record describes the French conquest that ended the Republic, the Ligurian Republic, and later annexations.",2026-07-15T02:33:47Z,The cited reference identifies the polity or political unit.,Seshat Cliopatria; Maddison Project Database 2023; Clio-Infra; HYDE; V-Dem v16
68,ジェノヴァ共和国,AD1099-AD1797,period,AD1099-AD1797,polity_chronology_supported_project_window_interpretive,La fine della Repubblica di Genova: nuovi equilibri nel territorio ligure tra Napoleone e i Savoia,University of Genoa,https://unire.unige.it/handle/123456789/6542,"Article, chapter, or dataset overview; relevant text is reproduced in source_excerpt","The University of Genoa record describes the French conquest that ended the Republic, the Ligurian Republic, and later annexations.",2026-07-15T02:33:47Z,The source supports the polity chronology; split periods and policy windows are project-defined analytical intervals.,Seshat Cliopatria; Maddison Project Database 2023; Clio-Infra; HYDE; V-Dem v16
68,ジェノヴァ共和国,AD1099-AD1797,closure_type,none,legacy_none_not_independently_verified,La fine della Repubblica di Genova: nuovi equilibri nel territorio ligure tra Napoleone e i Savoia,University of Genoa,https://unire.unige.it/handle/123456789/6542,"Article, chapter, or dataset overview; relevant text is reproduced in source_excerpt","The University of Genoa record describes the French conquest that ended the Republic, the Ligurian Republic, and later annexations.",2026-07-15T02:33:47Z,No formal closure is asserted; absence of every relevant restriction was not proven.,Seshat Cliopatria; Maddison Project Database 2023; Clio-Infra; HYDE; V-Dem v16
68,ジェノヴァ共和国,AD1099-AD1797,outcome,overtaken,historical_event_supported_category_is_project_interpretation,La fine della Repubblica di Genova: nuovi equilibri nel territorio ligure tra Napoleone e i Savoia,University of Genoa,https://unire.unige.it/handle/123456789/6542,"Article, chapter, or dataset overview; relevant text is reproduced in source_excerpt","The University of Genoa record describes the French conquest that ended the Republic, the Ligurian Republic, and later annexations.",2026-07-15T02:33:47Z,The source documents the polity history or terminal event. The three-category outcome is an AI-assisted project classification rather than a source variable.,Seshat Cliopatria; Maddison Project Database 2023; Clio-Infra; HYDE; V-Dem v16
68,ジェノヴァ共和国,AD1099-AD1797,has_external_patron,0,legacy_zero_not_independently_verified,La fine della Repubblica di Genova: nuovi equilibri nel territorio ligure tra Napoleone e i Savoia,University of Genoa,https://unire.unige.it/handle/123456789/6542,"Article, chapter, or dataset overview; relevant text is reproduced in source_excerpt","The University of Genoa record describes the French conquest that ended the Republic, the Ligurian Republic, and later annexations.",2026-07-15T02:33:47Z,A zero is the legacy absence coding; no source proves absence of every possible patron relationship.,Seshat Cliopatria; Maddison Project Database 2023; Clio-Infra; HYDE; V-Dem v16
69,マリ帝国,AD1235-AD1600,entity,マリ帝国,supported_by_reference_overview,"Mali empire | History, Rulers, Downfall, Map, & Facts | Britannica",Encyclopaedia Britannica,https://www.britannica.com/place/Mali-historical-empire-Africa,"Article, chapter, or dataset overview; relevant text is reproduced in source_excerpt","Mali empire | History, Rulers, Downfall, Map, & Facts | Britannica # Mali historical empire, Africa Also known as: Malinke empire, Mandingo empire Written and fact-checked by Britannica Editors Mali, trading empire that flourished in western Africa from the 13th to the 16th century. The Mali empire developed from the state of Kangaba, on the upper Niger River east of the Fouta Djallon, and is said to have been founded before 1000 ce. The Malinke inhabitants of Kangaba acted as middlemen in the gold trade during the later period of ancient Ghana. Their dislike of the Susu chief Sumanguru’s harsh but ineffective rule provoked the Malinke to revolt, and in 1230 Sundiata, the brother of Kangaba’s fugitive ruler, won a decisive victory against the Susu chief. (The name Mali absorbed the name Kangaba at about this time.) Mali empire The Mali empire flourished in western Africa from the 13th to the 16th century.(more) In extending Mali’s rule beyond Kangaba’s narrow",2026-07-15T02:33:47Z,The cited reference identifies the polity or political unit.,Seshat Cliopatria; Maddison Project Database 2023; Clio-Infra; HYDE
69,マリ帝国,AD1235-AD1600,period,AD1235-AD1600,polity_chronology_supported_project_window_interpretive,"Mali empire | History, Rulers, Downfall, Map, & Facts | Britannica",Encyclopaedia Britannica,https://www.britannica.com/place/Mali-historical-empire-Africa,"Article, chapter, or dataset overview; relevant text is reproduced in source_excerpt","Mali empire | History, Rulers, Downfall, Map, & Facts | Britannica # Mali historical empire, Africa Also known as: Malinke empire, Mandingo empire Written and fact-checked by Britannica Editors Mali, trading empire that flourished in western Africa from the 13th to the 16th century. The Mali empire developed from the state of Kangaba, on the upper Niger River east of the Fouta Djallon, and is said to have been founded before 1000 ce. The Malinke inhabitants of Kangaba acted as middlemen in the gold trade during the later period of ancient Ghana. Their dislike of the Susu chief Sumanguru’s harsh but ineffective rule provoked the Malinke to revolt, and in 1230 Sundiata, the brother of Kangaba’s fugitive ruler, won a decisive victory against the Susu chief. (The name Mali absorbed the name Kangaba at about this time.) Mali empire The Mali empire flourished in western Africa from the 13th to the 16th century.(more) In extending Mali’s rule beyond Kangaba’s narrow",2026-07-15T02:33:47Z,The source supports the polity chronology; split periods and policy windows are project-defined analytical intervals.,Seshat Cliopatria; Maddison Project Database 2023; Clio-Infra; HYDE
69,マリ帝国,AD1235-AD1600,closure_type,none,legacy_none_not_independently_verified,"Mali empire | History, Rulers, Downfall, Map, & Facts | Britannica",Encyclopaedia Britannica,https://www.britannica.com/place/Mali-historical-empire-Africa,"Article, chapter, or dataset overview; relevant text is reproduced in source_excerpt","Mali empire | History, Rulers, Downfall, Map, & Facts | Britannica # Mali historical empire, Africa Also known as: Malinke empire, Mandingo empire Written and fact-checked by Britannica Editors Mali, trading empire that flourished in western Africa from the 13th to the 16th century. The Mali empire developed from the state of Kangaba, on the upper Niger River east of the Fouta Djallon, and is said to have been founded before 1000 ce. The Malinke inhabitants of Kangaba acted as middlemen in the gold trade during the later period of ancient Ghana. Their dislike of the Susu chief Sumanguru’s harsh but ineffective rule provoked the Malinke to revolt, and in 1230 Sundiata, the brother of Kangaba’s fugitive ruler, won a decisive victory against the Susu chief. (The name Mali absorbed the name Kangaba at about this time.) Mali empire The Mali empire flourished in western Africa from the 13th to the 16th century.(more) In extending Mali’s rule beyond Kangaba’s narrow",2026-07-15T02:33:47Z,No formal closure is asserted; absence of every relevant restriction was not proven.,Seshat Cliopatria; Maddison Project Database 2023; Clio-Infra; HYDE
69,マリ帝国,AD1235-AD1600,outcome,overtaken,historical_event_supported_category_is_project_interpretation,"Mali empire | History, Rulers, Downfall, Map, & Facts | Britannica",Encyclopaedia Britannica,https://www.britannica.com/place/Mali-historical-empire-Africa,"Article, chapter, or dataset overview; relevant text is reproduced in source_excerpt","Mali empire | History, Rulers, Downfall, Map, & Facts | Britannica # Mali historical empire, Africa Also known as: Malinke empire, Mandingo empire Written and fact-checked by Britannica Editors Mali, trading empire that flourished in western Africa from the 13th to the 16th century. The Mali empire developed from the state of Kangaba, on the upper Niger River east of the Fouta Djallon, and is said to have been founded before 1000 ce. The Malinke inhabitants of Kangaba acted as middlemen in the gold trade during the later period of ancient Ghana. Their dislike of the Susu chief Sumanguru’s harsh but ineffective rule provoked the Malinke to revolt, and in 1230 Sundiata, the brother of Kangaba’s fugitive ruler, won a decisive victory against the Susu chief. (The name Mali absorbed the name Kangaba at about this time.) Mali empire The Mali empire flourished in western Africa from the 13th to the 16th century.(more) In extending Mali’s rule beyond Kangaba’s narrow",2026-07-15T02:33:47Z,The source documents the polity history or terminal event. The three-category outcome is an AI-assisted project classification rather than a source variable.,Seshat Cliopatria; Maddison Project Database 2023; Clio-Infra; HYDE
69,マリ帝国,AD1235-AD1600,has_external_patron,0,legacy_zero_not_independently_verified,"Mali empire | History, Rulers, Downfall, Map, & Facts | Britannica",Encyclopaedia Britannica,https://www.britannica.com/place/Mali-historical-empire-Africa,"Article, chapter, or dataset overview; relevant text is reproduced in source_excerpt","Mali empire | History, Rulers, Downfall, Map, & Facts | Britannica # Mali historical empire, Africa Also known as: Malinke empire, Mandingo empire Written and fact-checked by Britannica Editors Mali, trading empire that flourished in western Africa from the 13th to the 16th century. The Mali empire developed from the state of Kangaba, on the upper Niger River east of the Fouta Djallon, and is said to have been founded before 1000 ce. The Malinke inhabitants of Kangaba acted as middlemen in the gold trade during the later period of ancient Ghana. Their dislike of the Susu chief Sumanguru’s harsh but ineffective rule provoked the Malinke to revolt, and in 1230 Sundiata, the brother of Kangaba’s fugitive ruler, won a decisive victory against the Susu chief. (The name Mali absorbed the name Kangaba at about this time.) Mali empire The Mali empire flourished in western Africa from the 13th to the 16th century.(more) In extending Mali’s rule beyond Kangaba’s narrow",2026-07-15T02:33:47Z,A zero is the legacy absence coding; no source proves absence of every possible patron relationship.,Seshat Cliopatria; Maddison Project Database 2023; Clio-Infra; HYDE
70,元朝中国,AD1271-AD1368,entity,元朝中国,supported_by_reference_overview,"China - Yuan Dynasty, Mongol Rule, Silk Road | Britannica",Encyclopaedia Britannica,https://www.britannica.com/place/China/The-Yuan-or-Mongol-dynasty,"Article, chapter, or dataset overview; relevant text is reproduced in source_excerpt","China - Yuan Dynasty, Mongol Rule, Silk Road | Britannica ## The Yuan, or Mongol, dynasty ## The Mongol conquest of China Genghis Khan rose to supremacy over the Mongol tribes in the steppe in 1206, and within a few years he attempted to conquer northern China. By securing in 1209 the allegiance of the Tangut state of Xi (Western) Xia in what are now Gansu, Ningxia, and parts of Shaanxi and Qinghai, he disposed of a potential enemy and prepared the ground for an attack against the Jin state of the Juchen in northern China. At that time the situation of Jin was precarious. The Juchen were exhausted by a costly war (1206–08) against their hereditary enemies, the Nan (Southern) Song. Discontent among the non-Juchen elements of the Jin population (Chinese and Khitan) had increased, and not a few Chinese and Khitan nobles defected to the Mongol side. Genghis Khan, in his preparation for the campaign against Jin, could therefore rely on foreign advisers who were familiar with",2026-07-15T02:33:47Z,The cited reference identifies the polity or political unit.,Seshat Cliopatria; Maddison Project Database 2023; HYDE
70,元朝中国,AD1271-AD1368,period,AD1271-AD1368,polity_chronology_supported_project_window_interpretive,"China - Yuan Dynasty, Mongol Rule, Silk Road | Britannica",Encyclopaedia Britannica,https://www.britannica.com/place/China/The-Yuan-or-Mongol-dynasty,"Article, chapter, or dataset overview; relevant text is reproduced in source_excerpt","China - Yuan Dynasty, Mongol Rule, Silk Road | Britannica ## The Yuan, or Mongol, dynasty ## The Mongol conquest of China Genghis Khan rose to supremacy over the Mongol tribes in the steppe in 1206, and within a few years he attempted to conquer northern China. By securing in 1209 the allegiance of the Tangut state of Xi (Western) Xia in what are now Gansu, Ningxia, and parts of Shaanxi and Qinghai, he disposed of a potential enemy and prepared the ground for an attack against the Jin state of the Juchen in northern China. At that time the situation of Jin was precarious. The Juchen were exhausted by a costly war (1206–08) against their hereditary enemies, the Nan (Southern) Song. Discontent among the non-Juchen elements of the Jin population (Chinese and Khitan) had increased, and not a few Chinese and Khitan nobles defected to the Mongol side. Genghis Khan, in his preparation for the campaign against Jin, could therefore rely on foreign advisers who were familiar with",2026-07-15T02:33:47Z,The source supports the polity chronology; split periods and policy windows are project-defined analytical intervals.,Seshat Cliopatria; Maddison Project Database 2023; HYDE
70,元朝中国,AD1271-AD1368,closure_type,none,legacy_none_not_independently_verified,"China - Yuan Dynasty, Mongol Rule, Silk Road | Britannica",Encyclopaedia Britannica,https://www.britannica.com/place/China/The-Yuan-or-Mongol-dynasty,"Article, chapter, or dataset overview; relevant text is reproduced in source_excerpt","China - Yuan Dynasty, Mongol Rule, Silk Road | Britannica ## The Yuan, or Mongol, dynasty ## The Mongol conquest of China Genghis Khan rose to supremacy over the Mongol tribes in the steppe in 1206, and within a few years he attempted to conquer northern China. By securing in 1209 the allegiance of the Tangut state of Xi (Western) Xia in what are now Gansu, Ningxia, and parts of Shaanxi and Qinghai, he disposed of a potential enemy and prepared the ground for an attack against the Jin state of the Juchen in northern China. At that time the situation of Jin was precarious. The Juchen were exhausted by a costly war (1206–08) against their hereditary enemies, the Nan (Southern) Song. Discontent among the non-Juchen elements of the Jin population (Chinese and Khitan) had increased, and not a few Chinese and Khitan nobles defected to the Mongol side. Genghis Khan, in his preparation for the campaign against Jin, could therefore rely on foreign advisers who were familiar with",2026-07-15T02:33:47Z,No formal closure is asserted; absence of every relevant restriction was not proven.,Seshat Cliopatria; Maddison Project Database 2023; HYDE
70,元朝中国,AD1271-AD1368,outcome,overtaken,historical_event_supported_category_is_project_interpretation,"China - Yuan Dynasty, Mongol Rule, Silk Road | Britannica",Encyclopaedia Britannica,https://www.britannica.com/place/China/The-Yuan-or-Mongol-dynasty,"Article, chapter, or dataset overview; relevant text is reproduced in source_excerpt","China - Yuan Dynasty, Mongol Rule, Silk Road | Britannica ## The Yuan, or Mongol, dynasty ## The Mongol conquest of China Genghis Khan rose to supremacy over the Mongol tribes in the steppe in 1206, and within a few years he attempted to conquer northern China. By securing in 1209 the allegiance of the Tangut state of Xi (Western) Xia in what are now Gansu, Ningxia, and parts of Shaanxi and Qinghai, he disposed of a potential enemy and prepared the ground for an attack against the Jin state of the Juchen in northern China. At that time the situation of Jin was precarious. The Juchen were exhausted by a costly war (1206–08) against their hereditary enemies, the Nan (Southern) Song. Discontent among the non-Juchen elements of the Jin population (Chinese and Khitan) had increased, and not a few Chinese and Khitan nobles defected to the Mongol side. Genghis Khan, in his preparation for the campaign against Jin, could therefore rely on foreign advisers who were familiar with",2026-07-15T02:33:47Z,The source documents the polity history or terminal event. The three-category outcome is an AI-assisted project classification rather than a source variable.,Seshat Cliopatria; Maddison Project Database 2023; HYDE
70,元朝中国,AD1271-AD1368,has_external_patron,0,legacy_zero_not_independently_verified,"China - Yuan Dynasty, Mongol Rule, Silk Road | Britannica",Encyclopaedia Britannica,https://www.britannica.com/place/China/The-Yuan-or-Mongol-dynasty,"Article, chapter, or dataset overview; relevant text is reproduced in source_excerpt","China - Yuan Dynasty, Mongol Rule, Silk Road | Britannica ## The Yuan, or Mongol, dynasty ## The Mongol conquest of China Genghis Khan rose to supremacy over the Mongol tribes in the steppe in 1206, and within a few years he attempted to conquer northern China. By securing in 1209 the allegiance of the Tangut state of Xi (Western) Xia in what are now Gansu, Ningxia, and parts of Shaanxi and Qinghai, he disposed of a potential enemy and prepared the ground for an attack against the Jin state of the Juchen in northern China. At that time the situation of Jin was precarious. The Juchen were exhausted by a costly war (1206–08) against their hereditary enemies, the Nan (Southern) Song. Discontent among the non-Juchen elements of the Jin population (Chinese and Khitan) had increased, and not a few Chinese and Khitan nobles defected to the Mongol side. Genghis Khan, in his preparation for the campaign against Jin, could therefore rely on foreign advisers who were familiar with",2026-07-15T02:33:47Z,A zero is the legacy absence coding; no source proves absence of every possible patron relationship.,Seshat Cliopatria; Maddison Project Database 2023; HYDE
71,ティムール朝,AD1370-AD1507,entity,ティムール朝,supported_by_reference_overview,"Timurid dynasty | History, Architecture, & Meaning | Britannica",Encyclopaedia Britannica archived by the Internet Archive,https://web.archive.org/web/20210225220632/https:/www.britannica.com/topic/Timurid-dynasty,"Article, chapter, or dataset overview; relevant text is reproduced in source_excerpt",The article dates Timurid rule to the fifteenth and sixteenth centuries and states that the last Timurid of Herat fell to Muhammad Shaybani in 1507.,2026-07-15T02:33:47Z,The cited reference identifies the polity or political unit.,Seshat Cliopatria; Maddison Project Database 2023; Clio-Infra; HYDE
71,ティムール朝,AD1370-AD1507,period,AD1370-AD1507,polity_chronology_supported_project_window_interpretive,"Timurid dynasty | History, Architecture, & Meaning | Britannica",Encyclopaedia Britannica archived by the Internet Archive,https://web.archive.org/web/20210225220632/https:/www.britannica.com/topic/Timurid-dynasty,"Article, chapter, or dataset overview; relevant text is reproduced in source_excerpt",The article dates Timurid rule to the fifteenth and sixteenth centuries and states that the last Timurid of Herat fell to Muhammad Shaybani in 1507.,2026-07-15T02:33:47Z,The source supports the polity chronology; split periods and policy windows are project-defined analytical intervals.,Seshat Cliopatria; Maddison Project Database 2023; Clio-Infra; HYDE
71,ティムール朝,AD1370-AD1507,closure_type,none,legacy_none_not_independently_verified,"Timurid dynasty | History, Architecture, & Meaning | Britannica",Encyclopaedia Britannica archived by the Internet Archive,https://web.archive.org/web/20210225220632/https:/www.britannica.com/topic/Timurid-dynasty,"Article, chapter, or dataset overview; relevant text is reproduced in source_excerpt",The article dates Timurid rule to the fifteenth and sixteenth centuries and states that the last Timurid of Herat fell to Muhammad Shaybani in 1507.,2026-07-15T02:33:47Z,No formal closure is asserted; absence of every relevant restriction was not proven.,Seshat Cliopatria; Maddison Project Database 2023; Clio-Infra; HYDE
71,ティムール朝,AD1370-AD1507,outcome,overtaken,historical_event_supported_category_is_project_interpretation,"Timurid dynasty | History, Architecture, & Meaning | Britannica",Encyclopaedia Britannica archived by the Internet Archive,https://web.archive.org/web/20210225220632/https:/www.britannica.com/topic/Timurid-dynasty,"Article, chapter, or dataset overview; relevant text is reproduced in source_excerpt",The article dates Timurid rule to the fifteenth and sixteenth centuries and states that the last Timurid of Herat fell to Muhammad Shaybani in 1507.,2026-07-15T02:33:47Z,The source documents the polity history or terminal event. The three-category outcome is an AI-assisted project classification rather than a source variable.,Seshat Cliopatria; Maddison Project Database 2023; Clio-Infra; HYDE
71,ティムール朝,AD1370-AD1507,has_external_patron,0,legacy_zero_not_independently_verified,"Timurid dynasty | History, Architecture, & Meaning | Britannica",Encyclopaedia Britannica archived by the Internet Archive,https://web.archive.org/web/20210225220632/https:/www.britannica.com/topic/Timurid-dynasty,"Article, chapter, or dataset overview; relevant text is reproduced in source_excerpt",The article dates Timurid rule to the fifteenth and sixteenth centuries and states that the last Timurid of Herat fell to Muhammad Shaybani in 1507.,2026-07-15T02:33:47Z,A zero is the legacy absence coding; no source proves absence of every possible patron relationship.,Seshat Cliopatria; Maddison Project Database 2023; Clio-Infra; HYDE
72,琉球王国,AD1429-AD1879,entity,琉球王国,supported_by_reference_overview,"Ryukyu Islands | Japan, Map, History, World War II, & Location | Britannica",Encyclopaedia Britannica,https://www.britannica.com/place/Ryukyu-Islands,"Article, chapter, or dataset overview; relevant text is reproduced in source_excerpt","Ryukyu Islands | Japan, Map, History, World War II, & Location | Britannica Ryukyu Islands, archipelago, extending some 700 miles (1,100 km) southwestward from the southern Japanese island of Kyushu to northeastern Taiwan. The archipelago defines the boundary between the East China Sea(west) and the Philippine Sea(east). With a total land area of 1,193 square miles (3,090 square km), the Ryukyus consist of 55 islands and islets divided into three major groups: the Amami island chain in the north, the central Okinawa islands, and the Sakishima islands in the south. Administratively, the Ryukyus are part of Japan, the Amami group constituting a southern extension of Kyushu’s Kagoshima prefecture (ken) and the Okinawa and Sakishima islands making up Okinawa prefecture. The two largest islands are Okinawa(465 square miles [1,204 square km]) and Amami Great Island(275 square miles [712 square km]). The larger islands are generally volcanic in origin and have mountainous terrain,",2026-07-15T02:33:47Z,The cited reference identifies the polity or political unit.,Seshat Cliopatria; Maddison Project Database 2023; Clio-Infra; HYDE; V-Dem v16; Correlates of War Formal Alliances v4.1; Polity5
72,琉球王国,AD1429-AD1879,period,AD1429-AD1879,polity_chronology_supported_project_window_interpretive,"Ryukyu Islands | Japan, Map, History, World War II, & Location | Britannica",Encyclopaedia Britannica,https://www.britannica.com/place/Ryukyu-Islands,"Article, chapter, or dataset overview; relevant text is reproduced in source_excerpt","Ryukyu Islands | Japan, Map, History, World War II, & Location | Britannica Ryukyu Islands, archipelago, extending some 700 miles (1,100 km) southwestward from the southern Japanese island of Kyushu to northeastern Taiwan. The archipelago defines the boundary between the East China Sea(west) and the Philippine Sea(east). With a total land area of 1,193 square miles (3,090 square km), the Ryukyus consist of 55 islands and islets divided into three major groups: the Amami island chain in the north, the central Okinawa islands, and the Sakishima islands in the south. Administratively, the Ryukyus are part of Japan, the Amami group constituting a southern extension of Kyushu’s Kagoshima prefecture (ken) and the Okinawa and Sakishima islands making up Okinawa prefecture. The two largest islands are Okinawa(465 square miles [1,204 square km]) and Amami Great Island(275 square miles [712 square km]). The larger islands are generally volcanic in origin and have mountainous terrain,",2026-07-15T02:33:47Z,The source supports the polity chronology; split periods and policy windows are project-defined analytical intervals.,Seshat Cliopatria; Maddison Project Database 2023; Clio-Infra; HYDE; V-Dem v16; Correlates of War Formal Alliances v4.1; Polity5
72,琉球王国,AD1429-AD1879,closure_type,none,legacy_none_not_independently_verified,"Ryukyu Islands | Japan, Map, History, World War II, & Location | Britannica",Encyclopaedia Britannica,https://www.britannica.com/place/Ryukyu-Islands,"Article, chapter, or dataset overview; relevant text is reproduced in source_excerpt","Ryukyu Islands | Japan, Map, History, World War II, & Location | Britannica Ryukyu Islands, archipelago, extending some 700 miles (1,100 km) southwestward from the southern Japanese island of Kyushu to northeastern Taiwan. The archipelago defines the boundary between the East China Sea(west) and the Philippine Sea(east). With a total land area of 1,193 square miles (3,090 square km), the Ryukyus consist of 55 islands and islets divided into three major groups: the Amami island chain in the north, the central Okinawa islands, and the Sakishima islands in the south. Administratively, the Ryukyus are part of Japan, the Amami group constituting a southern extension of Kyushu’s Kagoshima prefecture (ken) and the Okinawa and Sakishima islands making up Okinawa prefecture. The two largest islands are Okinawa(465 square miles [1,204 square km]) and Amami Great Island(275 square miles [712 square km]). The larger islands are generally volcanic in origin and have mountainous terrain,",2026-07-15T02:33:47Z,No formal closure is asserted; absence of every relevant restriction was not proven.,Seshat Cliopatria; Maddison Project Database 2023; Clio-Infra; HYDE; V-Dem v16; Correlates of War Formal Alliances v4.1; Polity5
72,琉球王国,AD1429-AD1879,outcome,overtaken,historical_event_supported_category_is_project_interpretation,"Ryukyu Islands | Japan, Map, History, World War II, & Location | Britannica",Encyclopaedia Britannica,https://www.britannica.com/place/Ryukyu-Islands,"Article, chapter, or dataset overview; relevant text is reproduced in source_excerpt","Ryukyu Islands | Japan, Map, History, World War II, & Location | Britannica Ryukyu Islands, archipelago, extending some 700 miles (1,100 km) southwestward from the southern Japanese island of Kyushu to northeastern Taiwan. The archipelago defines the boundary between the East China Sea(west) and the Philippine Sea(east). With a total land area of 1,193 square miles (3,090 square km), the Ryukyus consist of 55 islands and islets divided into three major groups: the Amami island chain in the north, the central Okinawa islands, and the Sakishima islands in the south. Administratively, the Ryukyus are part of Japan, the Amami group constituting a southern extension of Kyushu’s Kagoshima prefecture (ken) and the Okinawa and Sakishima islands making up Okinawa prefecture. The two largest islands are Okinawa(465 square miles [1,204 square km]) and Amami Great Island(275 square miles [712 square km]). The larger islands are generally volcanic in origin and have mountainous terrain,",2026-07-15T02:33:47Z,The source documents the polity history or terminal event. The three-category outcome is an AI-assisted project classification rather than a source variable.,Seshat Cliopatria; Maddison Project Database 2023; Clio-Infra; HYDE; V-Dem v16; Correlates of War Formal Alliances v4.1; Polity5
72,琉球王国,AD1429-AD1879,has_external_patron,0,legacy_zero_not_independently_verified,"Ryukyu Islands | Japan, Map, History, World War II, & Location | Britannica",Encyclopaedia Britannica,https://www.britannica.com/place/Ryukyu-Islands,"Article, chapter, or dataset overview; relevant text is reproduced in source_excerpt","Ryukyu Islands | Japan, Map, History, World War II, & Location | Britannica Ryukyu Islands, archipelago, extending some 700 miles (1,100 km) southwestward from the southern Japanese island of Kyushu to northeastern Taiwan. The archipelago defines the boundary between the East China Sea(west) and the Philippine Sea(east). With a total land area of 1,193 square miles (3,090 square km), the Ryukyus consist of 55 islands and islets divided into three major groups: the Amami island chain in the north, the central Okinawa islands, and the Sakishima islands in the south. Administratively, the Ryukyus are part of Japan, the Amami group constituting a southern extension of Kyushu’s Kagoshima prefecture (ken) and the Okinawa and Sakishima islands making up Okinawa prefecture. The two largest islands are Okinawa(465 square miles [1,204 square km]) and Amami Great Island(275 square miles [712 square km]). The larger islands are generally volcanic in origin and have mountainous terrain,",2026-07-15T02:33:47Z,A zero is the legacy absence coding; no source proves absence of every possible patron relationship.,Seshat Cliopatria; Maddison Project Database 2023; Clio-Infra; HYDE; V-Dem v16; Correlates of War Formal Alliances v4.1; Polity5
73,ポーランド・リトアニア共和国,AD1569-AD1795,entity,ポーランド・リトアニア共和国,supported_by_reference_overview,Commonwealth | Polish history | Britannica,Encyclopaedia Britannica,https://www.britannica.com/topic/Commonwealth-Polish-history,"Article, chapter, or dataset overview; relevant text is reproduced in source_excerpt","Commonwealth | Polish history | Britannica Also known as: Respublica - PolandThe Commonwealth of Poland The dual Polish-Lithuanian state, Respublica, or “Commonwealth” (Polish: Rzeczpospolita), was one of the largest states in Europe. While Poland in the mid-16th century occupied an area of about 100,000 square miles (260,000 square km),… The dual Polish-Lithuanian state, Respublica, or “Commonwealth” (Polish: Rzeczpospolita), was one of the largest states in Europe. While Poland in the mid-16th century occupied an area of about 100,000 square miles (260,000 square km),…",2026-07-15T02:33:47Z,The cited reference identifies the polity or political unit.,Seshat Cliopatria; Maddison Project Database 2023; Clio-Infra; HYDE; V-Dem v16
73,ポーランド・リトアニア共和国,AD1569-AD1795,period,AD1569-AD1795,polity_chronology_supported_project_window_interpretive,Commonwealth | Polish history | Britannica,Encyclopaedia Britannica,https://www.britannica.com/topic/Commonwealth-Polish-history,"Article, chapter, or dataset overview; relevant text is reproduced in source_excerpt","Commonwealth | Polish history | Britannica Also known as: Respublica - PolandThe Commonwealth of Poland The dual Polish-Lithuanian state, Respublica, or “Commonwealth” (Polish: Rzeczpospolita), was one of the largest states in Europe. While Poland in the mid-16th century occupied an area of about 100,000 square miles (260,000 square km),… The dual Polish-Lithuanian state, Respublica, or “Commonwealth” (Polish: Rzeczpospolita), was one of the largest states in Europe. While Poland in the mid-16th century occupied an area of about 100,000 square miles (260,000 square km),…",2026-07-15T02:33:47Z,The source supports the polity chronology; split periods and policy windows are project-defined analytical intervals.,Seshat Cliopatria; Maddison Project Database 2023; Clio-Infra; HYDE; V-Dem v16
73,ポーランド・リトアニア共和国,AD1569-AD1795,closure_type,none,legacy_none_not_independently_verified,Commonwealth | Polish history | Britannica,Encyclopaedia Britannica,https://www.britannica.com/topic/Commonwealth-Polish-history,"Article, chapter, or dataset overview; relevant text is reproduced in source_excerpt","Commonwealth | Polish history | Britannica Also known as: Respublica - PolandThe Commonwealth of Poland The dual Polish-Lithuanian state, Respublica, or “Commonwealth” (Polish: Rzeczpospolita), was one of the largest states in Europe. While Poland in the mid-16th century occupied an area of about 100,000 square miles (260,000 square km),… The dual Polish-Lithuanian state, Respublica, or “Commonwealth” (Polish: Rzeczpospolita), was one of the largest states in Europe. While Poland in the mid-16th century occupied an area of about 100,000 square miles (260,000 square km),…",2026-07-15T02:33:47Z,No formal closure is asserted; absence of every relevant restriction was not proven.,Seshat Cliopatria; Maddison Project Database 2023; Clio-Infra; HYDE; V-Dem v16
73,ポーランド・リトアニア共和国,AD1569-AD1795,outcome,overtaken,historical_event_supported_category_is_project_interpretation,Commonwealth | Polish history | Britannica,Encyclopaedia Britannica,https://www.britannica.com/topic/Commonwealth-Polish-history,"Article, chapter, or dataset overview; relevant text is reproduced in source_excerpt","Commonwealth | Polish history | Britannica Also known as: Respublica - PolandThe Commonwealth of Poland The dual Polish-Lithuanian state, Respublica, or “Commonwealth” (Polish: Rzeczpospolita), was one of the largest states in Europe. While Poland in the mid-16th century occupied an area of about 100,000 square miles (260,000 square km),… The dual Polish-Lithuanian state, Respublica, or “Commonwealth” (Polish: Rzeczpospolita), was one of the largest states in Europe. While Poland in the mid-16th century occupied an area of about 100,000 square miles (260,000 square km),…",2026-07-15T02:33:47Z,The source documents the polity history or terminal event. The three-category outcome is an AI-assisted project classification rather than a source variable.,Seshat Cliopatria; Maddison Project Database 2023; Clio-Infra; HYDE; V-Dem v16
73,ポーランド・リトアニア共和国,AD1569-AD1795,has_external_patron,0,legacy_zero_not_independently_verified,Commonwealth | Polish history | Britannica,Encyclopaedia Britannica,https://www.britannica.com/topic/Commonwealth-Polish-history,"Article, chapter, or dataset overview; relevant text is reproduced in source_excerpt","Commonwealth | Polish history | Britannica Also known as: Respublica - PolandThe Commonwealth of Poland The dual Polish-Lithuanian state, Respublica, or “Commonwealth” (Polish: Rzeczpospolita), was one of the largest states in Europe. While Poland in the mid-16th century occupied an area of about 100,000 square miles (260,000 square km),… The dual Polish-Lithuanian state, Respublica, or “Commonwealth” (Polish: Rzeczpospolita), was one of the largest states in Europe. While Poland in the mid-16th century occupied an area of about 100,000 square miles (260,000 square km),…",2026-07-15T02:33:47Z,A zero is the legacy absence coding; no source proves absence of every possible patron relationship.,Seshat Cliopatria; Maddison Project Database 2023; Clio-Infra; HYDE; V-Dem v16
74,スウェーデン帝国,AD1611-AD1721,entity,スウェーデン帝国,supported_by_reference_overview,"History of Sweden | Summary, Neutrality, and Facts | Britannica",Encyclopaedia Britannica,https://www.britannica.com/topic/history-of-Sweden,"Article, chapter, or dataset overview; relevant text is reproduced in source_excerpt","What was the Swedish Empire, and what regions did it control? history of Sweden, a survey of the important events and people in the history of Sweden from the time of its settlement. Sweden occupies the greater part of the Scandinavian Peninsula in northern Europe. It has a 1,000-year-long continuous history as a sovereign state, but its territorial expanse changed often until 1809. Today Sweden is a constitutional monarchy with a well-established parliamentary democracy that dates from 1917. historical sources makes process by which these formed into a united historical events leading to unification reflected darkly in epic poem Beowulf earliest known versions of : sveorice, svearike, and sverige— epic Ynglingatal, contained in Heimskringla of Snorri Sturluson lucrative, as that Birka, generally regarded as founded (c. 8 When and where Sweden originated have long been matters of debate. Some historians contend that the",2026-07-15T02:33:47Z,The cited reference identifies the polity or political unit.,Seshat Cliopatria; Maddison Project Database 2023; Clio-Infra; HYDE
74,スウェーデン帝国,AD1611-AD1721,period,AD1611-AD1721,polity_chronology_supported_project_window_interpretive,"History of Sweden | Summary, Neutrality, and Facts | Britannica",Encyclopaedia Britannica,https://www.britannica.com/topic/history-of-Sweden,"Article, chapter, or dataset overview; relevant text is reproduced in source_excerpt","What was the Swedish Empire, and what regions did it control? history of Sweden, a survey of the important events and people in the history of Sweden from the time of its settlement. Sweden occupies the greater part of the Scandinavian Peninsula in northern Europe. It has a 1,000-year-long continuous history as a sovereign state, but its territorial expanse changed often until 1809. Today Sweden is a constitutional monarchy with a well-established parliamentary democracy that dates from 1917. historical sources makes process by which these formed into a united historical events leading to unification reflected darkly in epic poem Beowulf earliest known versions of : sveorice, svearike, and sverige— epic Ynglingatal, contained in Heimskringla of Snorri Sturluson lucrative, as that Birka, generally regarded as founded (c. 8 When and where Sweden originated have long been matters of debate. Some historians contend that the",2026-07-15T02:33:47Z,The source supports the polity chronology; split periods and policy windows are project-defined analytical intervals.,Seshat Cliopatria; Maddison Project Database 2023; Clio-Infra; HYDE
74,スウェーデン帝国,AD1611-AD1721,closure_type,none,legacy_none_not_independently_verified,"History of Sweden | Summary, Neutrality, and Facts | Britannica",Encyclopaedia Britannica,https://www.britannica.com/topic/history-of-Sweden,"Article, chapter, or dataset overview; relevant text is reproduced in source_excerpt","What was the Swedish Empire, and what regions did it control? history of Sweden, a survey of the important events and people in the history of Sweden from the time of its settlement. Sweden occupies the greater part of the Scandinavian Peninsula in northern Europe. It has a 1,000-year-long continuous history as a sovereign state, but its territorial expanse changed often until 1809. Today Sweden is a constitutional monarchy with a well-established parliamentary democracy that dates from 1917. historical sources makes process by which these formed into a united historical events leading to unification reflected darkly in epic poem Beowulf earliest known versions of : sveorice, svearike, and sverige— epic Ynglingatal, contained in Heimskringla of Snorri Sturluson lucrative, as that Birka, generally regarded as founded (c. 8 When and where Sweden originated have long been matters of debate. Some historians contend that the",2026-07-15T02:33:47Z,No formal closure is asserted; absence of every relevant restriction was not proven.,Seshat Cliopatria; Maddison Project Database 2023; Clio-Infra; HYDE
74,スウェーデン帝国,AD1611-AD1721,outcome,disrupted,historical_event_supported_category_is_project_interpretation,"History of Sweden | Summary, Neutrality, and Facts | Britannica",Encyclopaedia Britannica,https://www.britannica.com/topic/history-of-Sweden,"Article, chapter, or dataset overview; relevant text is reproduced in source_excerpt","What was the Swedish Empire, and what regions did it control? history of Sweden, a survey of the important events and people in the history of Sweden from the time of its settlement. Sweden occupies the greater part of the Scandinavian Peninsula in northern Europe. It has a 1,000-year-long continuous history as a sovereign state, but its territorial expanse changed often until 1809. Today Sweden is a constitutional monarchy with a well-established parliamentary democracy that dates from 1917. historical sources makes process by which these formed into a united historical events leading to unification reflected darkly in epic poem Beowulf earliest known versions of : sveorice, svearike, and sverige— epic Ynglingatal, contained in Heimskringla of Snorri Sturluson lucrative, as that Birka, generally regarded as founded (c. 8 When and where Sweden originated have long been matters of debate. Some historians contend that the",2026-07-15T02:33:47Z,The source documents the polity history or terminal event. The three-category outcome is an AI-assisted project classification rather than a source variable.,Seshat Cliopatria; Maddison Project Database 2023; Clio-Infra; HYDE
74,スウェーデン帝国,AD1611-AD1721,has_external_patron,0,legacy_zero_not_independently_verified,"History of Sweden | Summary, Neutrality, and Facts | Britannica",Encyclopaedia Britannica,https://www.britannica.com/topic/history-of-Sweden,"Article, chapter, or dataset overview; relevant text is reproduced in source_excerpt","What was the Swedish Empire, and what regions did it control? history of Sweden, a survey of the important events and people in the history of Sweden from the time of its settlement. Sweden occupies the greater part of the Scandinavian Peninsula in northern Europe. It has a 1,000-year-long continuous history as a sovereign state, but its territorial expanse changed often until 1809. Today Sweden is a constitutional monarchy with a well-established parliamentary democracy that dates from 1917. historical sources makes process by which these formed into a united historical events leading to unification reflected darkly in epic poem Beowulf earliest known versions of : sveorice, svearike, and sverige— epic Ynglingatal, contained in Heimskringla of Snorri Sturluson lucrative, as that Birka, generally regarded as founded (c. 8 When and where Sweden originated have long been matters of debate. Some historians contend that the",2026-07-15T02:33:47Z,A zero is the legacy absence coding; no source proves absence of every possible patron relationship.,Seshat Cliopatria; Maddison Project Database 2023; Clio-Infra; HYDE
75,ロシア帝国（ピョートル後）,AD1721-AD1917,entity,ロシア帝国（ピョートル後）,supported_by_reference_overview,"Russian Empire | History, Facts, Flag, Expansion, & Map | Britannica",Encyclopaedia Britannica,https://www.britannica.com/place/Russian-Empire,"Article, chapter, or dataset overview; relevant text is reproduced in source_excerpt","Russian Empire | History, Facts, Flag, Expansion, & Map | Britannica # Russian Empire historical empire, Europe was the Russian Empire? Russian Empire, historical empire founded on November 2 (October 22, Old Style), 1721, when the Russian Senate conferred the title of emperor(imperator) of all the Russias upon Peter I. The abdication of Nicholas II on March 15, 1917, marked the end of the empire and its ruling Romanov dynasty. The empire had its genesis when the Russian nobility sought a new bloodline for its monarchy. They found it in Michael Romanov, a young boyar(nobleman), who was elected tsar in 1613. The early Romanovs were weak monarchs. Crowned at age 17, Michael shared the throne during the crucial years of his reign with his father, the patriarch Philaret. Michael’s son Alexis came to the throne in 1645 at age 16; he was much under the influence first of Boris Ivanovich Morozov and then of the patriarch Nikon. Fyodor III, a boy of just 14 at the time of",2026-07-15T02:33:47Z,The cited reference identifies the polity or political unit.,Seshat Cliopatria; Maddison Project Database 2023; Clio-Infra; HYDE; V-Dem v16; Correlates of War Formal Alliances v4.1; Polity5
75,ロシア帝国（ピョートル後）,AD1721-AD1917,period,AD1721-AD1917,polity_chronology_supported_project_window_interpretive,"Russian Empire | History, Facts, Flag, Expansion, & Map | Britannica",Encyclopaedia Britannica,https://www.britannica.com/place/Russian-Empire,"Article, chapter, or dataset overview; relevant text is reproduced in source_excerpt","Russian Empire | History, Facts, Flag, Expansion, & Map | Britannica # Russian Empire historical empire, Europe was the Russian Empire? Russian Empire, historical empire founded on November 2 (October 22, Old Style), 1721, when the Russian Senate conferred the title of emperor(imperator) of all the Russias upon Peter I. The abdication of Nicholas II on March 15, 1917, marked the end of the empire and its ruling Romanov dynasty. The empire had its genesis when the Russian nobility sought a new bloodline for its monarchy. They found it in Michael Romanov, a young boyar(nobleman), who was elected tsar in 1613. The early Romanovs were weak monarchs. Crowned at age 17, Michael shared the throne during the crucial years of his reign with his father, the patriarch Philaret. Michael’s son Alexis came to the throne in 1645 at age 16; he was much under the influence first of Boris Ivanovich Morozov and then of the patriarch Nikon. Fyodor III, a boy of just 14 at the time of",2026-07-15T02:33:47Z,The source supports the polity chronology; split periods and policy windows are project-defined analytical intervals.,Seshat Cliopatria; Maddison Project Database 2023; Clio-Infra; HYDE; V-Dem v16; Correlates of War Formal Alliances v4.1; Polity5
75,ロシア帝国（ピョートル後）,AD1721-AD1917,closure_type,none,legacy_none_not_independently_verified,"Russian Empire | History, Facts, Flag, Expansion, & Map | Britannica",Encyclopaedia Britannica,https://www.britannica.com/place/Russian-Empire,"Article, chapter, or dataset overview; relevant text is reproduced in source_excerpt","Russian Empire | History, Facts, Flag, Expansion, & Map | Britannica # Russian Empire historical empire, Europe was the Russian Empire? Russian Empire, historical empire founded on November 2 (October 22, Old Style), 1721, when the Russian Senate conferred the title of emperor(imperator) of all the Russias upon Peter I. The abdication of Nicholas II on March 15, 1917, marked the end of the empire and its ruling Romanov dynasty. The empire had its genesis when the Russian nobility sought a new bloodline for its monarchy. They found it in Michael Romanov, a young boyar(nobleman), who was elected tsar in 1613. The early Romanovs were weak monarchs. Crowned at age 17, Michael shared the throne during the crucial years of his reign with his father, the patriarch Philaret. Michael’s son Alexis came to the throne in 1645 at age 16; he was much under the influence first of Boris Ivanovich Morozov and then of the patriarch Nikon. Fyodor III, a boy of just 14 at the time of",2026-07-15T02:33:47Z,No formal closure is asserted; absence of every relevant restriction was not proven.,Seshat Cliopatria; Maddison Project Database 2023; Clio-Infra; HYDE; V-Dem v16; Correlates of War Formal Alliances v4.1; Polity5
75,ロシア帝国（ピョートル後）,AD1721-AD1917,outcome,disrupted,historical_event_supported_category_is_project_interpretation,"Russian Empire | History, Facts, Flag, Expansion, & Map | Britannica",Encyclopaedia Britannica,https://www.britannica.com/place/Russian-Empire,"Article, chapter, or dataset overview; relevant text is reproduced in source_excerpt","Russian Empire | History, Facts, Flag, Expansion, & Map | Britannica # Russian Empire historical empire, Europe was the Russian Empire? Russian Empire, historical empire founded on November 2 (October 22, Old Style), 1721, when the Russian Senate conferred the title of emperor(imperator) of all the Russias upon Peter I. The abdication of Nicholas II on March 15, 1917, marked the end of the empire and its ruling Romanov dynasty. The empire had its genesis when the Russian nobility sought a new bloodline for its monarchy. They found it in Michael Romanov, a young boyar(nobleman), who was elected tsar in 1613. The early Romanovs were weak monarchs. Crowned at age 17, Michael shared the throne during the crucial years of his reign with his father, the patriarch Philaret. Michael’s son Alexis came to the throne in 1645 at age 16; he was much under the influence first of Boris Ivanovich Morozov and then of the patriarch Nikon. Fyodor III, a boy of just 14 at the time of",2026-07-15T02:33:47Z,The source documents the polity history or terminal event. The three-category outcome is an AI-assisted project classification rather than a source variable.,Seshat Cliopatria; Maddison Project Database 2023; Clio-Infra; HYDE; V-Dem v16; Correlates of War Formal Alliances v4.1; Polity5
75,ロシア帝国（ピョートル後）,AD1721-AD1917,has_external_patron,0,legacy_zero_not_independently_verified,"Russian Empire | History, Facts, Flag, Expansion, & Map | Britannica",Encyclopaedia Britannica,https://www.britannica.com/place/Russian-Empire,"Article, chapter, or dataset overview; relevant text is reproduced in source_excerpt","Russian Empire | History, Facts, Flag, Expansion, & Map | Britannica # Russian Empire historical empire, Europe was the Russian Empire? Russian Empire, historical empire founded on November 2 (October 22, Old Style), 1721, when the Russian Senate conferred the title of emperor(imperator) of all the Russias upon Peter I. The abdication of Nicholas II on March 15, 1917, marked the end of the empire and its ruling Romanov dynasty. The empire had its genesis when the Russian nobility sought a new bloodline for its monarchy. They found it in Michael Romanov, a young boyar(nobleman), who was elected tsar in 1613. The early Romanovs were weak monarchs. Crowned at age 17, Michael shared the throne during the crucial years of his reign with his father, the patriarch Philaret. Michael’s son Alexis came to the throne in 1645 at age 16; he was much under the influence first of Boris Ivanovich Morozov and then of the patriarch Nikon. Fyodor III, a boy of just 14 at the time of",2026-07-15T02:33:47Z,A zero is the legacy absence coding; no source proves absence of every possible patron relationship.,Seshat Cliopatria; Maddison Project Database 2023; Clio-Infra; HYDE; V-Dem v16; Correlates of War Formal Alliances v4.1; Polity5
76,清朝中国（中期・交易拡大期）,AD1750-AD1830,entity,清朝中国（中期・交易拡大期）,supported_by_reference_overview,"Qing dynasty | Definition, History, Map, Time Period, Emperors, Achievements, & Facts | Britannica",Encyclopaedia Britannica,https://www.britannica.com/topic/Qing-dynasty,"Article, chapter, or dataset overview; relevant text is reproduced in source_excerpt","Qing dynasty | Definition, History, Map, Time Period, Emperors, Achievements, & Facts | Britannica # Qing dynasty Also known as: Ch’ing dynasty, Manchu dynasty, Manzu dynasty ### What is the Qing dynasty? The Qing (or Ch’ing) dynasty, also called the Manchu(or Manzu) dynasty, was the last of the imperial dynasties of China, spanning from 1644 to 1911/12. ### Where was the Qing dynasty located? The Qing dynasty was primarily located in what is now China and Mongolia, along with parts of Russia. ### When was the Qing dynasty established? The Qing dynasty was established in 1636 by the Manchus to designate their regime in Manchuria, in what is now northeastern China. It became the imperial dynasty of all of China in 1644 after the reigning Ming dynasty called upon the Manchus for military assistance. The Manchus used that opening to declare their own imperial rule. ### What did the Qing dynasty accomplish? Under the Qing dynasty the territory of",2026-07-15T02:33:47Z,The cited reference identifies the polity or political unit.,Seshat Cliopatria; Maddison Project Database 2023; Clio-Infra; HYDE; V-Dem v16; Correlates of War Formal Alliances v4.1; Polity5
76,清朝中国（中期・交易拡大期）,AD1750-AD1830,period,AD1750-AD1830,polity_chronology_supported_project_window_interpretive,"Qing dynasty | Definition, History, Map, Time Period, Emperors, Achievements, & Facts | Britannica",Encyclopaedia Britannica,https://www.britannica.com/topic/Qing-dynasty,"Article, chapter, or dataset overview; relevant text is reproduced in source_excerpt","Qing dynasty | Definition, History, Map, Time Period, Emperors, Achievements, & Facts | Britannica # Qing dynasty Also known as: Ch’ing dynasty, Manchu dynasty, Manzu dynasty ### What is the Qing dynasty? The Qing (or Ch’ing) dynasty, also called the Manchu(or Manzu) dynasty, was the last of the imperial dynasties of China, spanning from 1644 to 1911/12. ### Where was the Qing dynasty located? The Qing dynasty was primarily located in what is now China and Mongolia, along with parts of Russia. ### When was the Qing dynasty established? The Qing dynasty was established in 1636 by the Manchus to designate their regime in Manchuria, in what is now northeastern China. It became the imperial dynasty of all of China in 1644 after the reigning Ming dynasty called upon the Manchus for military assistance. The Manchus used that opening to declare their own imperial rule. ### What did the Qing dynasty accomplish? Under the Qing dynasty the territory of",2026-07-15T02:33:47Z,The source supports the polity chronology; split periods and policy windows are project-defined analytical intervals.,Seshat Cliopatria; Maddison Project Database 2023; Clio-Infra; HYDE; V-Dem v16; Correlates of War Formal Alliances v4.1; Polity5
76,清朝中国（中期・交易拡大期）,AD1750-AD1830,closure_type,maritime_ban,contested_partial_restriction,"in Angela Schottenhammer (ed.), Trading Networks in Early Modern [East Asian Maritime History, 9]. (Wiesbaden: Otto Harrassowitz, 2010), 101-154.",University of Trieste,https://moodle2.units.it/pluginfile.php/274481/mod_resource/content/1/Schottenhammer_Characteristics_of_Qing_Chinas_Maritime%20Trade%20Politics_2010.pdf,"Article, chapter, or dataset overview; relevant text is reproduced in source_excerpt","Studies of “international” trade relations in imperial China often give the impres sion that the Chinese were not really interested in foreign trade as a commercial undertaking and that all they would tolerate was a form of official tribute trade. Government measures such as the well-known “maritime trade prohibition policy” (haijin 海禁) of the early Ming (1368–1644) rulers – which lasted after all for some 200 years from 1371 to 1567 – contributed a lot to this picture. It has been consid ered a proof of the hostile attitude of the Ming government towards maritime trade and commercial activities in general. But also the treatment of foreigners and for eign (maritime) trade by the Manchu rulers of the Qing dynasty (1644–1911) has often been generalized and consequently been regarded as negative – with occasions such as the famous, and eventually unsuccessful embassy by Lord George Mac artney (1737–1806) in 1793 serving as evidence. 1 The Chinese, it is said, only re garded themselves in",2026-07-15T02:33:47Z,"Restrictions existed, but scholarship describes regulated engagement and substantial variation over time.",Seshat Cliopatria; Maddison Project Database 2023; Clio-Infra; HYDE; V-Dem v16; Correlates of War Formal Alliances v4.1; Polity5
76,清朝中国（中期・交易拡大期）,AD1750-AD1830,outcome,survived,historical_event_supported_category_is_project_interpretation,"Qing dynasty | Definition, History, Map, Time Period, Emperors, Achievements, & Facts | Britannica",Encyclopaedia Britannica,https://www.britannica.com/topic/Qing-dynasty,"Article, chapter, or dataset overview; relevant text is reproduced in source_excerpt","Qing dynasty | Definition, History, Map, Time Period, Emperors, Achievements, & Facts | Britannica # Qing dynasty Also known as: Ch’ing dynasty, Manchu dynasty, Manzu dynasty ### What is the Qing dynasty? The Qing (or Ch’ing) dynasty, also called the Manchu(or Manzu) dynasty, was the last of the imperial dynasties of China, spanning from 1644 to 1911/12. ### Where was the Qing dynasty located? The Qing dynasty was primarily located in what is now China and Mongolia, along with parts of Russia. ### When was the Qing dynasty established? The Qing dynasty was established in 1636 by the Manchus to designate their regime in Manchuria, in what is now northeastern China. It became the imperial dynasty of all of China in 1644 after the reigning Ming dynasty called upon the Manchus for military assistance. The Manchus used that opening to declare their own imperial rule. ### What did the Qing dynasty accomplish? Under the Qing dynasty the territory of",2026-07-15T02:33:47Z,The source documents the polity history or terminal event. The three-category outcome is an AI-assisted project classification rather than a source variable.,Seshat Cliopatria; Maddison Project Database 2023; Clio-Infra; HYDE; V-Dem v16; Correlates of War Formal Alliances v4.1; Polity5
76,清朝中国（中期・交易拡大期）,AD1750-AD1830,has_external_patron,0,legacy_zero_not_independently_verified,"Qing dynasty | Definition, History, Map, Time Period, Emperors, Achievements, & Facts | Britannica",Encyclopaedia Britannica,https://www.britannica.com/topic/Qing-dynasty,"Article, chapter, or dataset overview; relevant text is reproduced in source_excerpt","Qing dynasty | Definition, History, Map, Time Period, Emperors, Achievements, & Facts | Britannica # Qing dynasty Also known as: Ch’ing dynasty, Manchu dynasty, Manzu dynasty ### What is the Qing dynasty? The Qing (or Ch’ing) dynasty, also called the Manchu(or Manzu) dynasty, was the last of the imperial dynasties of China, spanning from 1644 to 1911/12. ### Where was the Qing dynasty located? The Qing dynasty was primarily located in what is now China and Mongolia, along with parts of Russia. ### When was the Qing dynasty established? The Qing dynasty was established in 1636 by the Manchus to designate their regime in Manchuria, in what is now northeastern China. It became the imperial dynasty of all of China in 1644 after the reigning Ming dynasty called upon the Manchus for military assistance. The Manchus used that opening to declare their own imperial rule. ### What did the Qing dynasty accomplish? Under the Qing dynasty the territory of",2026-07-15T02:33:47Z,A zero is the legacy absence coding; no source proves absence of every possible patron relationship.,Seshat Cliopatria; Maddison Project Database 2023; Clio-Infra; HYDE; V-Dem v16; Correlates of War Formal Alliances v4.1; Polity5
77,ハワイ王国,AD1795-AD1893,entity,ハワイ王国,supported_by_reference_overview,"Hawaii - Polynesian, US Territory, 50th State | Britannica",Encyclopaedia Britannica,https://www.britannica.com/place/Hawaii-state/History,"Article, chapter, or dataset overview; relevant text is reproduced in source_excerpt","Hawaii - Polynesian, US Territory, 50th State | Britannica Also known as: Aloha State, Hawaii Islands, Hawaiian Islands, Sandwich Islands(Show More) The first inhabitants of Hawaii may have reached the islands as early as 300 ce from the Marquesas Islands. Contact with and settlement by Tahitians began in the 9th century ce. Powerful classes of chiefs and priests arrived and established themselves but became embroiled in conflicts that were similar to the feudal struggles in Europe, with complicated land rights at the center of the disputes. The early Hawaiians lacked a written language. Their culture was entirely oral and rich in myth, legend, and practical knowledge, especially of animals and plant life. The material life of the islands was hampered by the lack of metal, pottery, or beasts of burden, but there was great skill in the use of wood, shell, stone, and bone, and the huge double and outrigger canoes were technical marvels. Navigational methods were well developed,",2026-07-15T02:33:47Z,The cited reference identifies the polity or political unit.,Seshat Cliopatria; Maddison Project Database 2023; Clio-Infra; HYDE; V-Dem v16; Correlates of War Formal Alliances v4.1; Polity5
77,ハワイ王国,AD1795-AD1893,period,AD1795-AD1893,polity_chronology_supported_project_window_interpretive,"Hawaii - Polynesian, US Territory, 50th State | Britannica",Encyclopaedia Britannica,https://www.britannica.com/place/Hawaii-state/History,"Article, chapter, or dataset overview; relevant text is reproduced in source_excerpt","Hawaii - Polynesian, US Territory, 50th State | Britannica Also known as: Aloha State, Hawaii Islands, Hawaiian Islands, Sandwich Islands(Show More) The first inhabitants of Hawaii may have reached the islands as early as 300 ce from the Marquesas Islands. Contact with and settlement by Tahitians began in the 9th century ce. Powerful classes of chiefs and priests arrived and established themselves but became embroiled in conflicts that were similar to the feudal struggles in Europe, with complicated land rights at the center of the disputes. The early Hawaiians lacked a written language. Their culture was entirely oral and rich in myth, legend, and practical knowledge, especially of animals and plant life. The material life of the islands was hampered by the lack of metal, pottery, or beasts of burden, but there was great skill in the use of wood, shell, stone, and bone, and the huge double and outrigger canoes were technical marvels. Navigational methods were well developed,",2026-07-15T02:33:47Z,The source supports the polity chronology; split periods and policy windows are project-defined analytical intervals.,Seshat Cliopatria; Maddison Project Database 2023; Clio-Infra; HYDE; V-Dem v16; Correlates of War Formal Alliances v4.1; Polity5
77,ハワイ王国,AD1795-AD1893,closure_type,none,legacy_none_not_independently_verified,"Hawaii - Polynesian, US Territory, 50th State | Britannica",Encyclopaedia Britannica,https://www.britannica.com/place/Hawaii-state/History,"Article, chapter, or dataset overview; relevant text is reproduced in source_excerpt","Hawaii - Polynesian, US Territory, 50th State | Britannica Also known as: Aloha State, Hawaii Islands, Hawaiian Islands, Sandwich Islands(Show More) The first inhabitants of Hawaii may have reached the islands as early as 300 ce from the Marquesas Islands. Contact with and settlement by Tahitians began in the 9th century ce. Powerful classes of chiefs and priests arrived and established themselves but became embroiled in conflicts that were similar to the feudal struggles in Europe, with complicated land rights at the center of the disputes. The early Hawaiians lacked a written language. Their culture was entirely oral and rich in myth, legend, and practical knowledge, especially of animals and plant life. The material life of the islands was hampered by the lack of metal, pottery, or beasts of burden, but there was great skill in the use of wood, shell, stone, and bone, and the huge double and outrigger canoes were technical marvels. Navigational methods were well developed,",2026-07-15T02:33:47Z,No formal closure is asserted; absence of every relevant restriction was not proven.,Seshat Cliopatria; Maddison Project Database 2023; Clio-Infra; HYDE; V-Dem v16; Correlates of War Formal Alliances v4.1; Polity5
77,ハワイ王国,AD1795-AD1893,outcome,overtaken,historical_event_supported_category_is_project_interpretation,"Hawaii - Polynesian, US Territory, 50th State | Britannica",Encyclopaedia Britannica,https://www.britannica.com/place/Hawaii-state/History,"Article, chapter, or dataset overview; relevant text is reproduced in source_excerpt","Hawaii - Polynesian, US Territory, 50th State | Britannica Also known as: Aloha State, Hawaii Islands, Hawaiian Islands, Sandwich Islands(Show More) The first inhabitants of Hawaii may have reached the islands as early as 300 ce from the Marquesas Islands. Contact with and settlement by Tahitians began in the 9th century ce. Powerful classes of chiefs and priests arrived and established themselves but became embroiled in conflicts that were similar to the feudal struggles in Europe, with complicated land rights at the center of the disputes. The early Hawaiians lacked a written language. Their culture was entirely oral and rich in myth, legend, and practical knowledge, especially of animals and plant life. The material life of the islands was hampered by the lack of metal, pottery, or beasts of burden, but there was great skill in the use of wood, shell, stone, and bone, and the huge double and outrigger canoes were technical marvels. Navigational methods were well developed,",2026-07-15T02:33:47Z,The source documents the polity history or terminal event. The three-category outcome is an AI-assisted project classification rather than a source variable.,Seshat Cliopatria; Maddison Project Database 2023; Clio-Infra; HYDE; V-Dem v16; Correlates of War Formal Alliances v4.1; Polity5
77,ハワイ王国,AD1795-AD1893,has_external_patron,0,legacy_zero_not_independently_verified,"Hawaii - Polynesian, US Territory, 50th State | Britannica",Encyclopaedia Britannica,https://www.britannica.com/place/Hawaii-state/History,"Article, chapter, or dataset overview; relevant text is reproduced in source_excerpt","Hawaii - Polynesian, US Territory, 50th State | Britannica Also known as: Aloha State, Hawaii Islands, Hawaiian Islands, Sandwich Islands(Show More) The first inhabitants of Hawaii may have reached the islands as early as 300 ce from the Marquesas Islands. Contact with and settlement by Tahitians began in the 9th century ce. Powerful classes of chiefs and priests arrived and established themselves but became embroiled in conflicts that were similar to the feudal struggles in Europe, with complicated land rights at the center of the disputes. The early Hawaiians lacked a written language. Their culture was entirely oral and rich in myth, legend, and practical knowledge, especially of animals and plant life. The material life of the islands was hampered by the lack of metal, pottery, or beasts of burden, but there was great skill in the use of wood, shell, stone, and bone, and the huge double and outrigger canoes were technical marvels. Navigational methods were well developed,",2026-07-15T02:33:47Z,A zero is the legacy absence coding; no source proves absence of every possible patron relationship.,Seshat Cliopatria; Maddison Project Database 2023; Clio-Infra; HYDE; V-Dem v16; Correlates of War Formal Alliances v4.1; Polity5
78,ズールー王国,AD1816-AD1897,entity,ズールー王国,supported_by_reference_overview,"Zulu | History, Culture & Language | Britannica",Encyclopaedia Britannica,https://www.britannica.com/topic/Zulu,"Article, chapter, or dataset overview; relevant text is reproduced in source_excerpt","Zulu | History, Culture & Language | Britannica Zulu, a nation of Nguni-speaking people in KwaZulu-Natal province, South Africa. They are a branch of the southern Bantu and have close ethnic, linguistic, and cultural ties with the Swazi and Xhosa. The Zulu are the single largest ethnic group in South Africa and numbered about nine million in the late 20th century. Before they joined with the neighbouring Natal Nguni (see Nguni) under their leader Shaka in the early 19th century to form a Zulu empire, the Zulu were only one of many Nguni clans; Shaka gave the clan name to the new nation. Such clans continue to be a basic unit of Zulu social organization; they comprise several patrilineal households, each with rights in its own fields and herds and under the domestic authority of its senior man. Paternal authority is so strong that the Zulu may be called patriarchal. Polygyny is practiced; a man’s wives are ranked by strict seniority under the “great wife,” the mother of his",2026-07-15T02:33:47Z,The cited reference identifies the polity or political unit.,Seshat Cliopatria; Maddison Project Database 2023; Clio-Infra; HYDE; V-Dem v16; Correlates of War Formal Alliances v4.1; Polity5
78,ズールー王国,AD1816-AD1897,period,AD1816-AD1897,polity_chronology_supported_project_window_interpretive,"Zulu | History, Culture & Language | Britannica",Encyclopaedia Britannica,https://www.britannica.com/topic/Zulu,"Article, chapter, or dataset overview; relevant text is reproduced in source_excerpt","Zulu | History, Culture & Language | Britannica Zulu, a nation of Nguni-speaking people in KwaZulu-Natal province, South Africa. They are a branch of the southern Bantu and have close ethnic, linguistic, and cultural ties with the Swazi and Xhosa. The Zulu are the single largest ethnic group in South Africa and numbered about nine million in the late 20th century. Before they joined with the neighbouring Natal Nguni (see Nguni) under their leader Shaka in the early 19th century to form a Zulu empire, the Zulu were only one of many Nguni clans; Shaka gave the clan name to the new nation. Such clans continue to be a basic unit of Zulu social organization; they comprise several patrilineal households, each with rights in its own fields and herds and under the domestic authority of its senior man. Paternal authority is so strong that the Zulu may be called patriarchal. Polygyny is practiced; a man’s wives are ranked by strict seniority under the “great wife,” the mother of his",2026-07-15T02:33:47Z,The source supports the polity chronology; split periods and policy windows are project-defined analytical intervals.,Seshat Cliopatria; Maddison Project Database 2023; Clio-Infra; HYDE; V-Dem v16; Correlates of War Formal Alliances v4.1; Polity5
78,ズールー王国,AD1816-AD1897,closure_type,maritime_ban,contradicted_by_source,TRADE AND POLITICS IN SOUTHERN MOZAMBIQUE AND ZULULAND,University of Cape Town,https://emandulo.apc.uct.ac.za/collection/FHYA%20Depot/Theses%20and%20Dissertations/Hedges_Thesis.pdf,"Article, chapter, or dataset overview; relevant text is reproduced in source_excerpt","Mozairibique and uland by examining trade and politics in terms of indigenous economies and social structures in the geographical region between the Tugela river in Natal and Delagoa bay. From the mid sixteenth century, the polities of the region had access to foreign trade conducted largely through Delagoa bay. In the eighteenth century, external trade increased markedly; there were also pronounced alterations in the inventory of commodities exchanged and in the geographical In this context the history of states which predated the emergence of the Zulu kingdom in the early nineteenth century is traced. The rise of the southern Ronga kingdom of Mabudu from c.l750 was associated with its control of trade along the coastal lowlands between Delagoa bay and the northern Nguni. Among the latter, the ruling lineages of the Qwabe, Mthethva and Ndwandwe controlled external contacts to their own advantage, resulting in their geographical expansion and increased internal dominance. At the end of",2026-07-15T02:33:47Z,Case-specific scholarship documents trade or engagement inconsistent with a blanket closure label.,Seshat Cliopatria; Maddison Project Database 2023; Clio-Infra; HYDE; V-Dem v16; Correlates of War Formal Alliances v4.1; Polity5
78,ズールー王国,AD1816-AD1897,outcome,overtaken,historical_event_supported_category_is_project_interpretation,"Zulu | History, Culture & Language | Britannica",Encyclopaedia Britannica,https://www.britannica.com/topic/Zulu,"Article, chapter, or dataset overview; relevant text is reproduced in source_excerpt","Zulu | History, Culture & Language | Britannica Zulu, a nation of Nguni-speaking people in KwaZulu-Natal province, South Africa. They are a branch of the southern Bantu and have close ethnic, linguistic, and cultural ties with the Swazi and Xhosa. The Zulu are the single largest ethnic group in South Africa and numbered about nine million in the late 20th century. Before they joined with the neighbouring Natal Nguni (see Nguni) under their leader Shaka in the early 19th century to form a Zulu empire, the Zulu were only one of many Nguni clans; Shaka gave the clan name to the new nation. Such clans continue to be a basic unit of Zulu social organization; they comprise several patrilineal households, each with rights in its own fields and herds and under the domestic authority of its senior man. Paternal authority is so strong that the Zulu may be called patriarchal. Polygyny is practiced; a man’s wives are ranked by strict seniority under the “great wife,” the mother of his",2026-07-15T02:33:47Z,The source documents the polity history or terminal event. The three-category outcome is an AI-assisted project classification rather than a source variable.,Seshat Cliopatria; Maddison Project Database 2023; Clio-Infra; HYDE; V-Dem v16; Correlates of War Formal Alliances v4.1; Polity5
78,ズールー王国,AD1816-AD1897,has_external_patron,0,legacy_zero_not_independently_verified,"Zulu | History, Culture & Language | Britannica",Encyclopaedia Britannica,https://www.britannica.com/topic/Zulu,"Article, chapter, or dataset overview; relevant text is reproduced in source_excerpt","Zulu | History, Culture & Language | Britannica Zulu, a nation of Nguni-speaking people in KwaZulu-Natal province, South Africa. They are a branch of the southern Bantu and have close ethnic, linguistic, and cultural ties with the Swazi and Xhosa. The Zulu are the single largest ethnic group in South Africa and numbered about nine million in the late 20th century. Before they joined with the neighbouring Natal Nguni (see Nguni) under their leader Shaka in the early 19th century to form a Zulu empire, the Zulu were only one of many Nguni clans; Shaka gave the clan name to the new nation. Such clans continue to be a basic unit of Zulu social organization; they comprise several patrilineal households, each with rights in its own fields and herds and under the domestic authority of its senior man. Paternal authority is so strong that the Zulu may be called patriarchal. Polygyny is practiced; a man’s wives are ranked by strict seniority under the “great wife,” the mother of his",2026-07-15T02:33:47Z,A zero is the legacy absence coding; no source proves absence of every possible patron relationship.,Seshat Cliopatria; Maddison Project Database 2023; Clio-Infra; HYDE; V-Dem v16; Correlates of War Formal Alliances v4.1; Polity5
79,ビルマ（コンバウン朝）,AD1752-AD1885,entity,ビルマ（コンバウン朝）,supported_by_reference_overview,"Alaungpaya Dynasty | Myanmar History, Rulers & Legacy | Britannica",Encyclopaedia Britannica,https://www.britannica.com/topic/Alaungpaya-Dynasty,"Article, chapter, or dataset overview; relevant text is reproduced in source_excerpt","Alaungpaya Dynasty | Myanmar History, Rulers & Legacy | Britannica Also known as: Konbaung Dynasty Alaungpaya Dynasty, the last ruling dynasty(1752–1885) of Myanmar(Burma). The dynasty’s collapse in the face of British imperial might marked the end of Myanmar sovereignty for more than 60 years. (Some authorities limit the name Konbaung dynasty to the period beginning with King Bodawpaya in 1782 and continuing to 1885.) The Alaungpaya dynasty led Myanmar in an era of expansionism that was only brought to an end by defeat in the First Anglo-Burmese War of 1824–26. Under Bagyidaw(reigned 1819–37), Bodawpaya’s grandson and successor, Myanmar met with defeat at the hands of the British in the First Anglo-Burmese War(1824–26). During the succeeding years there was a gradual erosion of Myanmar territories as well as a weakening of authority. Tharrawaddy(reigned 1837–46) and his son, Pagan(1846–53), both weak kings, accomplished little in foreign or domestic affairs, allowing",2026-07-15T02:33:47Z,The cited reference identifies the polity or political unit.,Seshat Cliopatria; Maddison Project Database 2023; Clio-Infra; HYDE; V-Dem v16; Correlates of War Formal Alliances v4.1; Polity5
79,ビルマ（コンバウン朝）,AD1752-AD1885,period,AD1752-AD1885,polity_chronology_supported_project_window_interpretive,"Alaungpaya Dynasty | Myanmar History, Rulers & Legacy | Britannica",Encyclopaedia Britannica,https://www.britannica.com/topic/Alaungpaya-Dynasty,"Article, chapter, or dataset overview; relevant text is reproduced in source_excerpt","Alaungpaya Dynasty | Myanmar History, Rulers & Legacy | Britannica Also known as: Konbaung Dynasty Alaungpaya Dynasty, the last ruling dynasty(1752–1885) of Myanmar(Burma). The dynasty’s collapse in the face of British imperial might marked the end of Myanmar sovereignty for more than 60 years. (Some authorities limit the name Konbaung dynasty to the period beginning with King Bodawpaya in 1782 and continuing to 1885.) The Alaungpaya dynasty led Myanmar in an era of expansionism that was only brought to an end by defeat in the First Anglo-Burmese War of 1824–26. Under Bagyidaw(reigned 1819–37), Bodawpaya’s grandson and successor, Myanmar met with defeat at the hands of the British in the First Anglo-Burmese War(1824–26). During the succeeding years there was a gradual erosion of Myanmar territories as well as a weakening of authority. Tharrawaddy(reigned 1837–46) and his son, Pagan(1846–53), both weak kings, accomplished little in foreign or domestic affairs, allowing",2026-07-15T02:33:47Z,The source supports the polity chronology; split periods and policy windows are project-defined analytical intervals.,Seshat Cliopatria; Maddison Project Database 2023; Clio-Infra; HYDE; V-Dem v16; Correlates of War Formal Alliances v4.1; Polity5
79,ビルマ（コンバウン朝）,AD1752-AD1885,closure_type,none,legacy_none_not_independently_verified,"Alaungpaya Dynasty | Myanmar History, Rulers & Legacy | Britannica",Encyclopaedia Britannica,https://www.britannica.com/topic/Alaungpaya-Dynasty,"Article, chapter, or dataset overview; relevant text is reproduced in source_excerpt","Alaungpaya Dynasty | Myanmar History, Rulers & Legacy | Britannica Also known as: Konbaung Dynasty Alaungpaya Dynasty, the last ruling dynasty(1752–1885) of Myanmar(Burma). The dynasty’s collapse in the face of British imperial might marked the end of Myanmar sovereignty for more than 60 years. (Some authorities limit the name Konbaung dynasty to the period beginning with King Bodawpaya in 1782 and continuing to 1885.) The Alaungpaya dynasty led Myanmar in an era of expansionism that was only brought to an end by defeat in the First Anglo-Burmese War of 1824–26. Under Bagyidaw(reigned 1819–37), Bodawpaya’s grandson and successor, Myanmar met with defeat at the hands of the British in the First Anglo-Burmese War(1824–26). During the succeeding years there was a gradual erosion of Myanmar territories as well as a weakening of authority. Tharrawaddy(reigned 1837–46) and his son, Pagan(1846–53), both weak kings, accomplished little in foreign or domestic affairs, allowing",2026-07-15T02:33:47Z,No formal closure is asserted; absence of every relevant restriction was not proven.,Seshat Cliopatria; Maddison Project Database 2023; Clio-Infra; HYDE; V-Dem v16; Correlates of War Formal Alliances v4.1; Polity5
79,ビルマ（コンバウン朝）,AD1752-AD1885,outcome,overtaken,historical_event_supported_category_is_project_interpretation,"Alaungpaya Dynasty | Myanmar History, Rulers & Legacy | Britannica",Encyclopaedia Britannica,https://www.britannica.com/topic/Alaungpaya-Dynasty,"Article, chapter, or dataset overview; relevant text is reproduced in source_excerpt","Alaungpaya Dynasty | Myanmar History, Rulers & Legacy | Britannica Also known as: Konbaung Dynasty Alaungpaya Dynasty, the last ruling dynasty(1752–1885) of Myanmar(Burma). The dynasty’s collapse in the face of British imperial might marked the end of Myanmar sovereignty for more than 60 years. (Some authorities limit the name Konbaung dynasty to the period beginning with King Bodawpaya in 1782 and continuing to 1885.) The Alaungpaya dynasty led Myanmar in an era of expansionism that was only brought to an end by defeat in the First Anglo-Burmese War of 1824–26. Under Bagyidaw(reigned 1819–37), Bodawpaya’s grandson and successor, Myanmar met with defeat at the hands of the British in the First Anglo-Burmese War(1824–26). During the succeeding years there was a gradual erosion of Myanmar territories as well as a weakening of authority. Tharrawaddy(reigned 1837–46) and his son, Pagan(1846–53), both weak kings, accomplished little in foreign or domestic affairs, allowing",2026-07-15T02:33:47Z,The source documents the polity history or terminal event. The three-category outcome is an AI-assisted project classification rather than a source variable.,Seshat Cliopatria; Maddison Project Database 2023; Clio-Infra; HYDE; V-Dem v16; Correlates of War Formal Alliances v4.1; Polity5
79,ビルマ（コンバウン朝）,AD1752-AD1885,has_external_patron,0,legacy_zero_not_independently_verified,"Alaungpaya Dynasty | Myanmar History, Rulers & Legacy | Britannica",Encyclopaedia Britannica,https://www.britannica.com/topic/Alaungpaya-Dynasty,"Article, chapter, or dataset overview; relevant text is reproduced in source_excerpt","Alaungpaya Dynasty | Myanmar History, Rulers & Legacy | Britannica Also known as: Konbaung Dynasty Alaungpaya Dynasty, the last ruling dynasty(1752–1885) of Myanmar(Burma). The dynasty’s collapse in the face of British imperial might marked the end of Myanmar sovereignty for more than 60 years. (Some authorities limit the name Konbaung dynasty to the period beginning with King Bodawpaya in 1782 and continuing to 1885.) The Alaungpaya dynasty led Myanmar in an era of expansionism that was only brought to an end by defeat in the First Anglo-Burmese War of 1824–26. Under Bagyidaw(reigned 1819–37), Bodawpaya’s grandson and successor, Myanmar met with defeat at the hands of the British in the First Anglo-Burmese War(1824–26). During the succeeding years there was a gradual erosion of Myanmar territories as well as a weakening of authority. Tharrawaddy(reigned 1837–46) and his son, Pagan(1846–53), both weak kings, accomplished little in foreign or domestic affairs, allowing",2026-07-15T02:33:47Z,A zero is the legacy absence coding; no source proves absence of every possible patron relationship.,Seshat Cliopatria; Maddison Project Database 2023; Clio-Infra; HYDE; V-Dem v16; Correlates of War Formal Alliances v4.1; Polity5
80,オーストリア＝ハンガリー帝国,AD1867-AD1918,entity,オーストリア＝ハンガリー帝国,supported_by_reference_overview,"Austria-Hungary | History, Definition, Map, & Facts | Britannica",Encyclopaedia Britannica,https://www.britannica.com/place/Austria-Hungary,"Article, chapter, or dataset overview; relevant text is reproduced in source_excerpt","Austria-Hungary | History, Definition, Map, & Facts | Britannica # Austria-Hungary historical empire, Europe Also known as: Österreich-Ungarn, Österreichisch-Ungarische Monarchie, Österreichisch-Ungarisches Reich, Austro-Hungarian Empire, Austro-Hungarian Monarchy, Doppelmonarchie, Dual Monarchy(Show More) What was Austria-Hungary? Austria-Hungary, officially known as the Austro-Hungarian Empire, existed from 1867 to 1918. It emerged from the Habsburg empire through the Compromise of 1867 between Austria and Hungary. The empire consisted of two main parts: the Kingdom of Hungary and the rest of the empire, known as ""the kingdoms and lands represented in the Reichsrat"". Austria-Hungary was a multinational state with various ethnic groups, including Austrians, Hungarians, Czechs, Poles, and others. The empire faced internal conflicts and rising nationalism, which ultimately contributed to its collapse after World War I. Where was Austria-Hungary located in",2026-07-15T02:33:47Z,The cited reference identifies the polity or political unit.,Seshat Cliopatria; Maddison Project Database 2023; Clio-Infra; HYDE; V-Dem v16; Correlates of War Formal Alliances v4.1; Polity5
80,オーストリア＝ハンガリー帝国,AD1867-AD1918,period,AD1867-AD1918,polity_chronology_supported_project_window_interpretive,"Austria-Hungary | History, Definition, Map, & Facts | Britannica",Encyclopaedia Britannica,https://www.britannica.com/place/Austria-Hungary,"Article, chapter, or dataset overview; relevant text is reproduced in source_excerpt","Austria-Hungary | History, Definition, Map, & Facts | Britannica # Austria-Hungary historical empire, Europe Also known as: Österreich-Ungarn, Österreichisch-Ungarische Monarchie, Österreichisch-Ungarisches Reich, Austro-Hungarian Empire, Austro-Hungarian Monarchy, Doppelmonarchie, Dual Monarchy(Show More) What was Austria-Hungary? Austria-Hungary, officially known as the Austro-Hungarian Empire, existed from 1867 to 1918. It emerged from the Habsburg empire through the Compromise of 1867 between Austria and Hungary. The empire consisted of two main parts: the Kingdom of Hungary and the rest of the empire, known as ""the kingdoms and lands represented in the Reichsrat"". Austria-Hungary was a multinational state with various ethnic groups, including Austrians, Hungarians, Czechs, Poles, and others. The empire faced internal conflicts and rising nationalism, which ultimately contributed to its collapse after World War I. Where was Austria-Hungary located in",2026-07-15T02:33:47Z,The source supports the polity chronology; split periods and policy windows are project-defined analytical intervals.,Seshat Cliopatria; Maddison Project Database 2023; Clio-Infra; HYDE; V-Dem v16; Correlates of War Formal Alliances v4.1; Polity5
80,オーストリア＝ハンガリー帝国,AD1867-AD1918,closure_type,bloc,supported,The Habsburg Monarchy as a Customs Union: Economic Development in Austria-Hungary in the Nineteenth-Century,DOI-registered scholarly publication,https://doi.org/10.2307/1866490,"Article, chapter, or dataset overview; relevant text is reproduced in source_excerpt","# The Habsburg Monarchy as a Customs Union: Economic Development in Austria-Hungary in the Nineteenth-Century This book explores the economic impact of two major mid-nineteenth century reforms: the formation of the customs union between Austria and Hungary and the emancipation of the peasantry. Originally published in 1983. The Princeton Legacy Library uses the latest print-on-demand technology to again make available previously out-of-print books from the distinguished backlist of Princeton University Press. These editions preserve the original texts of these important books while presenting them in durable paperback and hardcover editions. The goal of the Princeton Legacy Library is to vastly increase access to the rich scholarly heritage found in the thousands of books published by Princeton University Press since its founding in 1905. Hungarian Social, Economic and Educational Studies, Emancipation, Monarchy, History, Economic history",2026-07-15T02:33:47Z,"The source directly supports the policy or bloc classification, subject to the project definition.",Seshat Cliopatria; Maddison Project Database 2023; Clio-Infra; HYDE; V-Dem v16; Correlates of War Formal Alliances v4.1; Polity5
80,オーストリア＝ハンガリー帝国,AD1867-AD1918,outcome,disrupted,historical_event_supported_category_is_project_interpretation,"Austria-Hungary | History, Definition, Map, & Facts | Britannica",Encyclopaedia Britannica,https://www.britannica.com/place/Austria-Hungary,"Article, chapter, or dataset overview; relevant text is reproduced in source_excerpt","Austria-Hungary | History, Definition, Map, & Facts | Britannica # Austria-Hungary historical empire, Europe Also known as: Österreich-Ungarn, Österreichisch-Ungarische Monarchie, Österreichisch-Ungarisches Reich, Austro-Hungarian Empire, Austro-Hungarian Monarchy, Doppelmonarchie, Dual Monarchy(Show More) What was Austria-Hungary? Austria-Hungary, officially known as the Austro-Hungarian Empire, existed from 1867 to 1918. It emerged from the Habsburg empire through the Compromise of 1867 between Austria and Hungary. The empire consisted of two main parts: the Kingdom of Hungary and the rest of the empire, known as ""the kingdoms and lands represented in the Reichsrat"". Austria-Hungary was a multinational state with various ethnic groups, including Austrians, Hungarians, Czechs, Poles, and others. The empire faced internal conflicts and rising nationalism, which ultimately contributed to its collapse after World War I. Where was Austria-Hungary located in",2026-07-15T02:33:47Z,The source documents the polity history or terminal event. The three-category outcome is an AI-assisted project classification rather than a source variable.,Seshat Cliopatria; Maddison Project Database 2023; Clio-Infra; HYDE; V-Dem v16; Correlates of War Formal Alliances v4.1; Polity5
80,オーストリア＝ハンガリー帝国,AD1867-AD1918,has_external_patron,0,legacy_zero_not_independently_verified,"Austria-Hungary | History, Definition, Map, & Facts | Britannica",Encyclopaedia Britannica,https://www.britannica.com/place/Austria-Hungary,"Article, chapter, or dataset overview; relevant text is reproduced in source_excerpt","Austria-Hungary | History, Definition, Map, & Facts | Britannica # Austria-Hungary historical empire, Europe Also known as: Österreich-Ungarn, Österreichisch-Ungarische Monarchie, Österreichisch-Ungarisches Reich, Austro-Hungarian Empire, Austro-Hungarian Monarchy, Doppelmonarchie, Dual Monarchy(Show More) What was Austria-Hungary? Austria-Hungary, officially known as the Austro-Hungarian Empire, existed from 1867 to 1918. It emerged from the Habsburg empire through the Compromise of 1867 between Austria and Hungary. The empire consisted of two main parts: the Kingdom of Hungary and the rest of the empire, known as ""the kingdoms and lands represented in the Reichsrat"". Austria-Hungary was a multinational state with various ethnic groups, including Austrians, Hungarians, Czechs, Poles, and others. The empire faced internal conflicts and rising nationalism, which ultimately contributed to its collapse after World War I. Where was Austria-Hungary located in",2026-07-15T02:33:47Z,A zero is the legacy absence coding; no source proves absence of every possible patron relationship.,Seshat Cliopatria; Maddison Project Database 2023; Clio-Infra; HYDE; V-Dem v16; Correlates of War Formal Alliances v4.1; Polity5
81,ベルギー,AD1830-AD現在,entity,ベルギー,supported_by_reference_overview,"History of Belgium | Flag, Map, & Summary | Britannica",Encyclopaedia Britannica,https://www.britannica.com/topic/history-of-Belgium,"Article, chapter, or dataset overview; relevant text is reproduced in source_excerpt","History of Belgium | Flag, Map, & Summary | Britannica # history of Belgium history of Belgium, a history of Belgium after 1579. For information concerning the period prior to that date, see history of the Low Countries. After the Burgundian regime in the Low Countries(1363–1477), the southern provinces (whose area roughly encompassed that of present-day Belgium and Luxembourg) as well as the northern provinces (whose area roughly corresponded to that of the present-day Kingdom of the Netherlands) had dynastic links with the Austrian Habsburgs and then with Spain and the Austrian Habsburgs together. Later, as a consequence of revolt in 1567, the southern provinces became subject to Spain (1579), then to the Austrian Habsburgs (1713), to France(1795), and finally in 1815 to the Kingdom of the Netherlands. While Luxembourg remained linked to the Netherlands until 1867, Belgium’s union with the Netherlands ended with the 1830 revolution. Belgian nationality is generally",2026-07-15T02:33:47Z,The cited reference identifies the polity or political unit.,Seshat Cliopatria; Maddison Project Database 2023; Clio-Infra; HYDE; V-Dem v16; Correlates of War Formal Alliances v4.1; Polity5
81,ベルギー,AD1830-AD現在,period,AD1830-AD現在,polity_chronology_supported_project_window_interpretive,"History of Belgium | Flag, Map, & Summary | Britannica",Encyclopaedia Britannica,https://www.britannica.com/topic/history-of-Belgium,"Article, chapter, or dataset overview; relevant text is reproduced in source_excerpt","History of Belgium | Flag, Map, & Summary | Britannica # history of Belgium history of Belgium, a history of Belgium after 1579. For information concerning the period prior to that date, see history of the Low Countries. After the Burgundian regime in the Low Countries(1363–1477), the southern provinces (whose area roughly encompassed that of present-day Belgium and Luxembourg) as well as the northern provinces (whose area roughly corresponded to that of the present-day Kingdom of the Netherlands) had dynastic links with the Austrian Habsburgs and then with Spain and the Austrian Habsburgs together. Later, as a consequence of revolt in 1567, the southern provinces became subject to Spain (1579), then to the Austrian Habsburgs (1713), to France(1795), and finally in 1815 to the Kingdom of the Netherlands. While Luxembourg remained linked to the Netherlands until 1867, Belgium’s union with the Netherlands ended with the 1830 revolution. Belgian nationality is generally",2026-07-15T02:33:47Z,The source supports the polity chronology; split periods and policy windows are project-defined analytical intervals.,Seshat Cliopatria; Maddison Project Database 2023; Clio-Infra; HYDE; V-Dem v16; Correlates of War Formal Alliances v4.1; Polity5
81,ベルギー,AD1830-AD現在,closure_type,none,legacy_none_not_independently_verified,"History of Belgium | Flag, Map, & Summary | Britannica",Encyclopaedia Britannica,https://www.britannica.com/topic/history-of-Belgium,"Article, chapter, or dataset overview; relevant text is reproduced in source_excerpt","History of Belgium | Flag, Map, & Summary | Britannica # history of Belgium history of Belgium, a history of Belgium after 1579. For information concerning the period prior to that date, see history of the Low Countries. After the Burgundian regime in the Low Countries(1363–1477), the southern provinces (whose area roughly encompassed that of present-day Belgium and Luxembourg) as well as the northern provinces (whose area roughly corresponded to that of the present-day Kingdom of the Netherlands) had dynastic links with the Austrian Habsburgs and then with Spain and the Austrian Habsburgs together. Later, as a consequence of revolt in 1567, the southern provinces became subject to Spain (1579), then to the Austrian Habsburgs (1713), to France(1795), and finally in 1815 to the Kingdom of the Netherlands. While Luxembourg remained linked to the Netherlands until 1867, Belgium’s union with the Netherlands ended with the 1830 revolution. Belgian nationality is generally",2026-07-15T02:33:47Z,No formal closure is asserted; absence of every relevant restriction was not proven.,Seshat Cliopatria; Maddison Project Database 2023; Clio-Infra; HYDE; V-Dem v16; Correlates of War Formal Alliances v4.1; Polity5
81,ベルギー,AD1830-AD現在,outcome,survived,historical_event_supported_category_is_project_interpretation,"History of Belgium | Flag, Map, & Summary | Britannica",Encyclopaedia Britannica,https://www.britannica.com/topic/history-of-Belgium,"Article, chapter, or dataset overview; relevant text is reproduced in source_excerpt","History of Belgium | Flag, Map, & Summary | Britannica # history of Belgium history of Belgium, a history of Belgium after 1579. For information concerning the period prior to that date, see history of the Low Countries. After the Burgundian regime in the Low Countries(1363–1477), the southern provinces (whose area roughly encompassed that of present-day Belgium and Luxembourg) as well as the northern provinces (whose area roughly corresponded to that of the present-day Kingdom of the Netherlands) had dynastic links with the Austrian Habsburgs and then with Spain and the Austrian Habsburgs together. Later, as a consequence of revolt in 1567, the southern provinces became subject to Spain (1579), then to the Austrian Habsburgs (1713), to France(1795), and finally in 1815 to the Kingdom of the Netherlands. While Luxembourg remained linked to the Netherlands until 1867, Belgium’s union with the Netherlands ended with the 1830 revolution. Belgian nationality is generally",2026-07-15T02:33:47Z,The source documents the polity history or terminal event. The three-category outcome is an AI-assisted project classification rather than a source variable.,Seshat Cliopatria; Maddison Project Database 2023; Clio-Infra; HYDE; V-Dem v16; Correlates of War Formal Alliances v4.1; Polity5
81,ベルギー,AD1830-AD現在,has_external_patron,1,supported_relationship_binary_interpretation,"Atlantic loyalty, European autonomy: Belgium and the Atlantic Alliance, 1949-2009",Ghent University,https://biblio.ugent.be/publication/526116,"Article, chapter, or dataset overview; relevant text is reproduced in source_excerpt","# Atlantic loyalty, European autonomy: Belgium and the Atlantic Alliance, 1949-2009 In those first post-war years Belgium emerged as a convinced supporter of Western European defence arrangements under British leadership. Only in 1947 did Belgium gradually discover a privileged partner in the United States, though initially only at the economic and financial level. It would take till the summer of 1948 before Belgian diplomacy shelved its post-war project for European defence and signed up to an Atlantic alliance. The fall of the Berlin Wall, in 1989, and the implosion of the Soviet Union, in 1991, brought an end to the Cold War and to the bipolar world order. This led to a debate about new European defence architecture in all the NATO countries, including Belgium, now the continent was no longer divided between East and West. In Belgium the debate was settled fairly quickly when the body politic, across party borders, returned to the original European defence option Paul-Henri Spaak h",2026-07-15T02:33:47Z,"The source documents an alliance, support, dependency, or patron-client relationship; the binary remains interpretive.",Seshat Cliopatria; Maddison Project Database 2023; Clio-Infra; HYDE; V-Dem v16; Correlates of War Formal Alliances v4.1; Polity5
82,デンマーク,AD1849-AD現在,entity,デンマーク,supported_by_reference_overview,"Denmark | History, Geography, Map, & Culture | Britannica",Encyclopaedia Britannica,https://www.britannica.com/place/Denmark,"Article, chapter, or dataset overview; relevant text is reproduced in source_excerpt","Denmark | History, Geography, Map, & Culture | Britannica Also known as: Danmarkip Nâlagauvfia, Kingdom of Denmark, Kongaríkidh Danmark, Kongeriget Danmark(Show More) What is Denmark? Denmark is a Scandinavian country in Northern Europe that occupies the Jutland Peninsula and over 400 islands. Copenhagen, the country's capital, is on Zealand. Throughout history, Denmark has played a notable role in Europe. During the Viking era, Danes impacted European society through trading, colonizing, and marauding expeditions. The Danish crown dominated northwestern Europe during the Middle Ages through the Kalmar Union. Denmark established trade alliances with Great Britain, the United States, and other countries because of its geographic location. The country has a high standard of living supported by well-developed social services. The economy is based primarily on service industries, trade, and manufacturing. Where is Denmark located in Europe? Denmark is located",2026-07-15T02:33:47Z,The cited reference identifies the polity or political unit.,Seshat Cliopatria; Maddison Project Database 2023; Clio-Infra; HYDE; V-Dem v16; Correlates of War Formal Alliances v4.1; Polity5
82,デンマーク,AD1849-AD現在,period,AD1849-AD現在,polity_chronology_supported_project_window_interpretive,"Denmark | History, Geography, Map, & Culture | Britannica",Encyclopaedia Britannica,https://www.britannica.com/place/Denmark,"Article, chapter, or dataset overview; relevant text is reproduced in source_excerpt","Denmark | History, Geography, Map, & Culture | Britannica Also known as: Danmarkip Nâlagauvfia, Kingdom of Denmark, Kongaríkidh Danmark, Kongeriget Danmark(Show More) What is Denmark? Denmark is a Scandinavian country in Northern Europe that occupies the Jutland Peninsula and over 400 islands. Copenhagen, the country's capital, is on Zealand. Throughout history, Denmark has played a notable role in Europe. During the Viking era, Danes impacted European society through trading, colonizing, and marauding expeditions. The Danish crown dominated northwestern Europe during the Middle Ages through the Kalmar Union. Denmark established trade alliances with Great Britain, the United States, and other countries because of its geographic location. The country has a high standard of living supported by well-developed social services. The economy is based primarily on service industries, trade, and manufacturing. Where is Denmark located in Europe? Denmark is located",2026-07-15T02:33:47Z,The source supports the polity chronology; split periods and policy windows are project-defined analytical intervals.,Seshat Cliopatria; Maddison Project Database 2023; Clio-Infra; HYDE; V-Dem v16; Correlates of War Formal Alliances v4.1; Polity5
82,デンマーク,AD1849-AD現在,closure_type,none,legacy_none_not_independently_verified,"Denmark | History, Geography, Map, & Culture | Britannica",Encyclopaedia Britannica,https://www.britannica.com/place/Denmark,"Article, chapter, or dataset overview; relevant text is reproduced in source_excerpt","Denmark | History, Geography, Map, & Culture | Britannica Also known as: Danmarkip Nâlagauvfia, Kingdom of Denmark, Kongaríkidh Danmark, Kongeriget Danmark(Show More) What is Denmark? Denmark is a Scandinavian country in Northern Europe that occupies the Jutland Peninsula and over 400 islands. Copenhagen, the country's capital, is on Zealand. Throughout history, Denmark has played a notable role in Europe. During the Viking era, Danes impacted European society through trading, colonizing, and marauding expeditions. The Danish crown dominated northwestern Europe during the Middle Ages through the Kalmar Union. Denmark established trade alliances with Great Britain, the United States, and other countries because of its geographic location. The country has a high standard of living supported by well-developed social services. The economy is based primarily on service industries, trade, and manufacturing. Where is Denmark located in Europe? Denmark is located",2026-07-15T02:33:47Z,No formal closure is asserted; absence of every relevant restriction was not proven.,Seshat Cliopatria; Maddison Project Database 2023; Clio-Infra; HYDE; V-Dem v16; Correlates of War Formal Alliances v4.1; Polity5
82,デンマーク,AD1849-AD現在,outcome,survived,historical_event_supported_category_is_project_interpretation,"Denmark | History, Geography, Map, & Culture | Britannica",Encyclopaedia Britannica,https://www.britannica.com/place/Denmark,"Article, chapter, or dataset overview; relevant text is reproduced in source_excerpt","Denmark | History, Geography, Map, & Culture | Britannica Also known as: Danmarkip Nâlagauvfia, Kingdom of Denmark, Kongaríkidh Danmark, Kongeriget Danmark(Show More) What is Denmark? Denmark is a Scandinavian country in Northern Europe that occupies the Jutland Peninsula and over 400 islands. Copenhagen, the country's capital, is on Zealand. Throughout history, Denmark has played a notable role in Europe. During the Viking era, Danes impacted European society through trading, colonizing, and marauding expeditions. The Danish crown dominated northwestern Europe during the Middle Ages through the Kalmar Union. Denmark established trade alliances with Great Britain, the United States, and other countries because of its geographic location. The country has a high standard of living supported by well-developed social services. The economy is based primarily on service industries, trade, and manufacturing. Where is Denmark located in Europe? Denmark is located",2026-07-15T02:33:47Z,The source documents the polity history or terminal event. The three-category outcome is an AI-assisted project classification rather than a source variable.,Seshat Cliopatria; Maddison Project Database 2023; Clio-Infra; HYDE; V-Dem v16; Correlates of War Formal Alliances v4.1; Polity5
82,デンマーク,AD1849-AD現在,has_external_patron,1,supported_relationship_binary_interpretation,"The Danish Experience: Denmark in NATO, 1949–1999",Austrian Federal Ministry of Defence,https://www.bmlv.gv.at/pdf_pool/publikationen/05_small_states_09.pdf,"Article, chapter, or dataset overview; relevant text is reproduced in source_excerpt",Study overview documents Denmark’s membership and role in NATO from 1949 to 1999.,2026-07-15T02:33:47Z,"The source documents an alliance, support, dependency, or patron-client relationship; the binary remains interpretive.",Seshat Cliopatria; Maddison Project Database 2023; Clio-Infra; HYDE; V-Dem v16; Correlates of War Formal Alliances v4.1; Polity5
83,ナポレオン帝国,AD1804-AD1815,entity,ナポレオン帝国,supported_by_reference_overview,"First French Empire | Map, Definition, Peak, & Napoleon | Britannica",Encyclopaedia Britannica,https://www.britannica.com/place/First-French-Empire,"Article, chapter, or dataset overview; relevant text is reproduced in source_excerpt","First French Empire | Map, Definition, Peak, & Napoleon | Britannica # First French Empire First French Empire, historical empire established on May 18, 1804, with the creation of Napoleon I as “emperor of the French.” The Napoleonic empire persisted until the restoration of Louis XVIII on May 3, 1814. It enjoyed a brief resurrection during the Hundred Days(March 20, 1815–July 8, 1815) but concluded with Napoleon’s defeat at Waterloo, his final exile to St. Helena, and the second restoration of Louis XVIII to the throne. The path from revolution to far from direct, separate but complementary victories military, and diplomatic spheres achieve that result suffer no such Napoleon then sent proposals for various changes in the constitution, which were at once registered by the Council of State and the Senate on August 4 (16 Thermidor), 1802. Besides holding his powers for life, he now gained the right of nominating his successor. He alone could ratify",2026-07-15T02:33:47Z,The cited reference identifies the polity or political unit.,Seshat Cliopatria; Maddison Project Database 2023; Clio-Infra; HYDE; V-Dem v16; Polity5
83,ナポレオン帝国,AD1804-AD1815,period,AD1804-AD1815,polity_chronology_supported_project_window_interpretive,"First French Empire | Map, Definition, Peak, & Napoleon | Britannica",Encyclopaedia Britannica,https://www.britannica.com/place/First-French-Empire,"Article, chapter, or dataset overview; relevant text is reproduced in source_excerpt","First French Empire | Map, Definition, Peak, & Napoleon | Britannica # First French Empire First French Empire, historical empire established on May 18, 1804, with the creation of Napoleon I as “emperor of the French.” The Napoleonic empire persisted until the restoration of Louis XVIII on May 3, 1814. It enjoyed a brief resurrection during the Hundred Days(March 20, 1815–July 8, 1815) but concluded with Napoleon’s defeat at Waterloo, his final exile to St. Helena, and the second restoration of Louis XVIII to the throne. The path from revolution to far from direct, separate but complementary victories military, and diplomatic spheres achieve that result suffer no such Napoleon then sent proposals for various changes in the constitution, which were at once registered by the Council of State and the Senate on August 4 (16 Thermidor), 1802. Besides holding his powers for life, he now gained the right of nominating his successor. He alone could ratify",2026-07-15T02:33:47Z,The source supports the polity chronology; split periods and policy windows are project-defined analytical intervals.,Seshat Cliopatria; Maddison Project Database 2023; Clio-Infra; HYDE; V-Dem v16; Polity5
83,ナポレオン帝国,AD1804-AD1815,closure_type,bloc,supported,Temporary Protection and Technology Adoption: Evidence from the Napoleonic Blockade - American Economic Association,American Economic Association,https://www.aeaweb.org/articles?id=10.1257%2Faer.20151730,"Article, chapter, or dataset overview; relevant text is reproduced in source_excerpt","# Temporary Protection and Technology Adoption: Evidence from the Napoleonic Blockade This paper uses a natural experiment to estimate the causal effect of temporary trade protection on long-term economic development. I find that regions in the French Empire which became better protected from trade with the British for exogenous reasons during the Napoleonic Wars (1803-1815) increased capacity in mechanized cotton spinning to a larger extent than regions which remained more exposed to trade. In the long run, regions with exogenously higher spinning capacity had higher activity in mechanized cotton spinning. They also had higher value added per capita in industry up to the second half of the nineteenth century, but not later.",2026-07-15T02:33:47Z,"The source directly supports the policy or bloc classification, subject to the project definition.",Seshat Cliopatria; Maddison Project Database 2023; Clio-Infra; HYDE; V-Dem v16; Polity5
83,ナポレオン帝国,AD1804-AD1815,outcome,disrupted,historical_event_supported_category_is_project_interpretation,"First French Empire | Map, Definition, Peak, & Napoleon | Britannica",Encyclopaedia Britannica,https://www.britannica.com/place/First-French-Empire,"Article, chapter, or dataset overview; relevant text is reproduced in source_excerpt","First French Empire | Map, Definition, Peak, & Napoleon | Britannica # First French Empire First French Empire, historical empire established on May 18, 1804, with the creation of Napoleon I as “emperor of the French.” The Napoleonic empire persisted until the restoration of Louis XVIII on May 3, 1814. It enjoyed a brief resurrection during the Hundred Days(March 20, 1815–July 8, 1815) but concluded with Napoleon’s defeat at Waterloo, his final exile to St. Helena, and the second restoration of Louis XVIII to the throne. The path from revolution to far from direct, separate but complementary victories military, and diplomatic spheres achieve that result suffer no such Napoleon then sent proposals for various changes in the constitution, which were at once registered by the Council of State and the Senate on August 4 (16 Thermidor), 1802. Besides holding his powers for life, he now gained the right of nominating his successor. He alone could ratify",2026-07-15T02:33:47Z,The source documents the polity history or terminal event. The three-category outcome is an AI-assisted project classification rather than a source variable.,Seshat Cliopatria; Maddison Project Database 2023; Clio-Infra; HYDE; V-Dem v16; Polity5
83,ナポレオン帝国,AD1804-AD1815,has_external_patron,0,legacy_zero_not_independently_verified,"First French Empire | Map, Definition, Peak, & Napoleon | Britannica",Encyclopaedia Britannica,https://www.britannica.com/place/First-French-Empire,"Article, chapter, or dataset overview; relevant text is reproduced in source_excerpt","First French Empire | Map, Definition, Peak, & Napoleon | Britannica # First French Empire First French Empire, historical empire established on May 18, 1804, with the creation of Napoleon I as “emperor of the French.” The Napoleonic empire persisted until the restoration of Louis XVIII on May 3, 1814. It enjoyed a brief resurrection during the Hundred Days(March 20, 1815–July 8, 1815) but concluded with Napoleon’s defeat at Waterloo, his final exile to St. Helena, and the second restoration of Louis XVIII to the throne. The path from revolution to far from direct, separate but complementary victories military, and diplomatic spheres achieve that result suffer no such Napoleon then sent proposals for various changes in the constitution, which were at once registered by the Council of State and the Senate on August 4 (16 Thermidor), 1802. Besides holding his powers for life, he now gained the right of nominating his successor. He alone could ratify",2026-07-15T02:33:47Z,A zero is the legacy absence coding; no source proves absence of every possible patron relationship.,Seshat Cliopatria; Maddison Project Database 2023; Clio-Infra; HYDE; V-Dem v16; Polity5
84,大韓帝国,AD1897-AD1910,entity,大韓帝国,supported_by_reference_overview,"Korea Between Empires, 1895–1919",Columbia University Press,https://cup.columbia.edu/book/korea-between-empires-1895-1919/9780231125383/,"Article, chapter, or dataset overview; relevant text is reproduced in source_excerpt",The book covers Korean nation-state formation and political upheaval from 1895 through the period of Japanese annexation.,2026-07-15T02:33:47Z,The cited reference identifies the polity or political unit.,Seshat Cliopatria; Maddison Project Database 2023; Clio-Infra; HYDE; V-Dem v16; Correlates of War Formal Alliances v4.1; Polity5
84,大韓帝国,AD1897-AD1910,period,AD1897-AD1910,polity_chronology_supported_project_window_interpretive,"Korea Between Empires, 1895–1919",Columbia University Press,https://cup.columbia.edu/book/korea-between-empires-1895-1919/9780231125383/,"Article, chapter, or dataset overview; relevant text is reproduced in source_excerpt",The book covers Korean nation-state formation and political upheaval from 1895 through the period of Japanese annexation.,2026-07-15T02:33:47Z,The source supports the polity chronology; split periods and policy windows are project-defined analytical intervals.,Seshat Cliopatria; Maddison Project Database 2023; Clio-Infra; HYDE; V-Dem v16; Correlates of War Formal Alliances v4.1; Polity5
84,大韓帝国,AD1897-AD1910,closure_type,maritime_ban,contradicted_by_source,"Trade, Dependency, and Colonialism: Foreign Trade and Korea’s Regional Integration, 1876–1910",Google Books catalog record,https://books.google.com/books?id=RJ8uGmLb_RcC,"Article, chapter, or dataset overview; relevant text is reproduced in source_excerpt",Chapter abstract identifies 1876–1910 as the Open Port period.,2026-07-15T02:33:47Z,Case-specific scholarship documents trade or engagement inconsistent with a blanket closure label.,Seshat Cliopatria; Maddison Project Database 2023; Clio-Infra; HYDE; V-Dem v16; Correlates of War Formal Alliances v4.1; Polity5
84,大韓帝国,AD1897-AD1910,outcome,overtaken,historical_event_supported_category_is_project_interpretation,Treaty annexing Korea to the Empire of Japan,"Office of the Historian, U.S. Department of State",https://history.state.gov/historicaldocuments/frus1910/d705,"Article, chapter, or dataset overview; relevant text is reproduced in source_excerpt","The Office of the Historian reproduces the 1910 treaty and declaration providing for the complete annexation of Korea to Japan, effective 29 August 1910.",2026-07-15T02:33:47Z,The source documents the polity history or terminal event. The three-category outcome is an AI-assisted project classification rather than a source variable.,Seshat Cliopatria; Maddison Project Database 2023; Clio-Infra; HYDE; V-Dem v16; Correlates of War Formal Alliances v4.1; Polity5
84,大韓帝国,AD1897-AD1910,has_external_patron,0,legacy_zero_not_independently_verified,"Korea Between Empires, 1895–1919",Columbia University Press,https://cup.columbia.edu/book/korea-between-empires-1895-1919/9780231125383/,"Article, chapter, or dataset overview; relevant text is reproduced in source_excerpt",The book covers Korean nation-state formation and political upheaval from 1895 through the period of Japanese annexation.,2026-07-15T02:33:47Z,A zero is the legacy absence coding; no source proves absence of every possible patron relationship.,Seshat Cliopatria; Maddison Project Database 2023; Clio-Infra; HYDE; V-Dem v16; Correlates of War Formal Alliances v4.1; Polity5
85,満州国,AD1932-AD1945,entity,満州国,supported_by_reference_overview,"Manchukuo | Imperialism, Japanese Occupation, & Map | Britannica",Encyclopaedia Britannica,https://www.britannica.com/place/Manchukuo,"Article, chapter, or dataset overview; relevant text is reproduced in source_excerpt","Manchukuo | Imperialism, Japanese Occupation, & Map | Britannica Manchukuo Manchukuo, puppet state of Japan, 1932–45. (more) # Manchukuo puppet state created by Japan in China [1932] Also known as: Man-chu kuo, Manchoukuo, Manchuguo, Manchukoku, Manzhouguo, Manzhu Guo(Show More) Manchukuo, puppet state created in 1932 by Japan out of the three historic provinces of Manchuria(northeastern China). After the Russo-Japanese War(1904–05), Japan gained control of the Russian-built South Manchurian Railway, and its army established a presence in the region; expansion there was seen as necessary for Japan’s status as an emerging world power. In 1931 the Japanese army created an excuse to attack Chinese troops there, and in 1932 Manchukuo was proclaimed an “independent” state. The last Qing emperor was brought out of retirement and made Manchukuo’s ruler, but the state was actually rigidly controlled by the Japanese, who used it as their base for expansion into Asia. An",2026-07-15T02:33:47Z,The cited reference identifies the polity or political unit.,Seshat Cliopatria; Maddison Project Database 2023; Clio-Infra; HYDE; V-Dem v16; Correlates of War Formal Alliances v4.1; Polity5
85,満州国,AD1932-AD1945,period,AD1932-AD1945,polity_chronology_supported_project_window_interpretive,"Manchukuo | Imperialism, Japanese Occupation, & Map | Britannica",Encyclopaedia Britannica,https://www.britannica.com/place/Manchukuo,"Article, chapter, or dataset overview; relevant text is reproduced in source_excerpt","Manchukuo | Imperialism, Japanese Occupation, & Map | Britannica Manchukuo Manchukuo, puppet state of Japan, 1932–45. (more) # Manchukuo puppet state created by Japan in China [1932] Also known as: Man-chu kuo, Manchoukuo, Manchuguo, Manchukoku, Manzhouguo, Manzhu Guo(Show More) Manchukuo, puppet state created in 1932 by Japan out of the three historic provinces of Manchuria(northeastern China). After the Russo-Japanese War(1904–05), Japan gained control of the Russian-built South Manchurian Railway, and its army established a presence in the region; expansion there was seen as necessary for Japan’s status as an emerging world power. In 1931 the Japanese army created an excuse to attack Chinese troops there, and in 1932 Manchukuo was proclaimed an “independent” state. The last Qing emperor was brought out of retirement and made Manchukuo’s ruler, but the state was actually rigidly controlled by the Japanese, who used it as their base for expansion into Asia. An",2026-07-15T02:33:47Z,The source supports the polity chronology; split periods and policy windows are project-defined analytical intervals.,Seshat Cliopatria; Maddison Project Database 2023; Clio-Infra; HYDE; V-Dem v16; Correlates of War Formal Alliances v4.1; Polity5
85,満州国,AD1932-AD1945,closure_type,bloc,supported,Chapter 5 / Creating a Modern Enclave Economy: The Econom...,De Gruyter Brill,https://www.degruyterbrill.com/document/doi/10.1515/9781400844371-007/html,"Article, chapter, or dataset overview; relevant text is reproduced in source_excerpt","Home Princeton University Press Chapter 5 / Creating a Modern Enclave Economy: The Economic Integration of Japan, Manchuria, and North China, 1932-1945. # Chapter 5 / Creating a Modern Enclave Economy: The Economic Integration of Japan, Manchuria, and North China, 1932-1945. 7. Chapter 3 / Imagined Empire: The Cultural Construction of Manchukuo 71 ied Manchuria 1-19 4. 9. Chapter 5 / Creating a Modern Enclave Economy: The Economic Integration of Japan, Manchuria, and North China, 1932-1945. 136 7. Chapter 3 / Imagined Empire: The Cultural Construction of Manchukuo 71 8. Chapter 4 / Managing Occupied Manchuria, 1931-1934. 97 9. Chapter 5 / Creating a Modern Enclave Economy: The Economic Integration of Japan, Manchuria, and North China, 1932-1945. 136",2026-07-15T02:33:47Z,"The source directly supports the policy or bloc classification, subject to the project definition.",Seshat Cliopatria; Maddison Project Database 2023; Clio-Infra; HYDE; V-Dem v16; Correlates of War Formal Alliances v4.1; Polity5
85,満州国,AD1932-AD1945,outcome,overtaken,historical_event_supported_category_is_project_interpretation,"Manchukuo | Imperialism, Japanese Occupation, & Map | Britannica",Encyclopaedia Britannica,https://www.britannica.com/place/Manchukuo,"Article, chapter, or dataset overview; relevant text is reproduced in source_excerpt","Manchukuo | Imperialism, Japanese Occupation, & Map | Britannica Manchukuo Manchukuo, puppet state of Japan, 1932–45. (more) # Manchukuo puppet state created by Japan in China [1932] Also known as: Man-chu kuo, Manchoukuo, Manchuguo, Manchukoku, Manzhouguo, Manzhu Guo(Show More) Manchukuo, puppet state created in 1932 by Japan out of the three historic provinces of Manchuria(northeastern China). After the Russo-Japanese War(1904–05), Japan gained control of the Russian-built South Manchurian Railway, and its army established a presence in the region; expansion there was seen as necessary for Japan’s status as an emerging world power. In 1931 the Japanese army created an excuse to attack Chinese troops there, and in 1932 Manchukuo was proclaimed an “independent” state. The last Qing emperor was brought out of retirement and made Manchukuo’s ruler, but the state was actually rigidly controlled by the Japanese, who used it as their base for expansion into Asia. An",2026-07-15T02:33:47Z,The source documents the polity history or terminal event. The three-category outcome is an AI-assisted project classification rather than a source variable.,Seshat Cliopatria; Maddison Project Database 2023; Clio-Infra; HYDE; V-Dem v16; Correlates of War Formal Alliances v4.1; Polity5
85,満州国,AD1932-AD1945,has_external_patron,1,supported_relationship_binary_interpretation,Manchuria Under Japanese Dominion,University of Pennsylvania Press,https://www.pennpress.org/9780812239126/manchuria-under-japanese-dominion/,"Article, chapter, or dataset overview; relevant text is reproduced in source_excerpt",Book overview describes a Japanese-established puppet regime.,2026-07-15T02:33:47Z,"The source documents an alliance, support, dependency, or patron-client relationship; the binary remains interpretive.",Seshat Cliopatria; Maddison Project Database 2023; Clio-Infra; HYDE; V-Dem v16; Correlates of War Formal Alliances v4.1; Polity5
86,南ベトナム,AD1955-AD1975,entity,南ベトナム,supported_by_reference_overview,"Vietnam War | Facts, Summary, Years, Timeline, Casualties, Combatants, & Facts | Britannica",Encyclopaedia Britannica,https://www.britannica.com/event/Vietnam-War,"Article, chapter, or dataset overview; relevant text is reproduced in source_excerpt","Vietnam War | Facts, Summary, Years, Timeline, Casualties, Combatants, & Facts | Britannica # Vietnam War 1954–1975 ### Why did the Vietnam War start The United States had provided funding, armaments, and training to South Vietnam’s government and military since Vietnam’s partition into the communist North and the democratic South in 1954. Tensions escalated into armed conflict between the two sides, and in 1961 U.S. President John F. Kennedy chose to expand the military aid program. The terms of this expansion included yet more funding and arms, but a key alteration was the commitment of U.S. soldiers to the region. Kennedy’s expansion stemmed in part from Cold War-era fears about the “ domino theory”: if communism took hold in Vietnam, it would topple democracies throughout the whole of Southeast Asia, it was thought. South Vietnam deployments Vietnam released its official estimate of the Vietnam War fighters. The U.S. military estimated that",2026-07-15T02:33:47Z,The cited reference identifies the polity or political unit.,Seshat Cliopatria; Maddison Project Database 2023; Clio-Infra; HYDE; V-Dem v16; Correlates of War Formal Alliances v4.1; Polity5
86,南ベトナム,AD1955-AD1975,period,AD1955-AD1975,polity_chronology_supported_project_window_interpretive,"Vietnam War | Facts, Summary, Years, Timeline, Casualties, Combatants, & Facts | Britannica",Encyclopaedia Britannica,https://www.britannica.com/event/Vietnam-War,"Article, chapter, or dataset overview; relevant text is reproduced in source_excerpt","Vietnam War | Facts, Summary, Years, Timeline, Casualties, Combatants, & Facts | Britannica # Vietnam War 1954–1975 ### Why did the Vietnam War start The United States had provided funding, armaments, and training to South Vietnam’s government and military since Vietnam’s partition into the communist North and the democratic South in 1954. Tensions escalated into armed conflict between the two sides, and in 1961 U.S. President John F. Kennedy chose to expand the military aid program. The terms of this expansion included yet more funding and arms, but a key alteration was the commitment of U.S. soldiers to the region. Kennedy’s expansion stemmed in part from Cold War-era fears about the “ domino theory”: if communism took hold in Vietnam, it would topple democracies throughout the whole of Southeast Asia, it was thought. South Vietnam deployments Vietnam released its official estimate of the Vietnam War fighters. The U.S. military estimated that",2026-07-15T02:33:47Z,The source supports the polity chronology; split periods and policy windows are project-defined analytical intervals.,Seshat Cliopatria; Maddison Project Database 2023; Clio-Infra; HYDE; V-Dem v16; Correlates of War Formal Alliances v4.1; Polity5
86,南ベトナム,AD1955-AD1975,closure_type,none,legacy_none_not_independently_verified,"Vietnam War | Facts, Summary, Years, Timeline, Casualties, Combatants, & Facts | Britannica",Encyclopaedia Britannica,https://www.britannica.com/event/Vietnam-War,"Article, chapter, or dataset overview; relevant text is reproduced in source_excerpt","Vietnam War | Facts, Summary, Years, Timeline, Casualties, Combatants, & Facts | Britannica # Vietnam War 1954–1975 ### Why did the Vietnam War start The United States had provided funding, armaments, and training to South Vietnam’s government and military since Vietnam’s partition into the communist North and the democratic South in 1954. Tensions escalated into armed conflict between the two sides, and in 1961 U.S. President John F. Kennedy chose to expand the military aid program. The terms of this expansion included yet more funding and arms, but a key alteration was the commitment of U.S. soldiers to the region. Kennedy’s expansion stemmed in part from Cold War-era fears about the “ domino theory”: if communism took hold in Vietnam, it would topple democracies throughout the whole of Southeast Asia, it was thought. South Vietnam deployments Vietnam released its official estimate of the Vietnam War fighters. The U.S. military estimated that",2026-07-15T02:33:47Z,No formal closure is asserted; absence of every relevant restriction was not proven.,Seshat Cliopatria; Maddison Project Database 2023; Clio-Infra; HYDE; V-Dem v16; Correlates of War Formal Alliances v4.1; Polity5
86,南ベトナム,AD1955-AD1975,outcome,overtaken,historical_event_supported_category_is_project_interpretation,"Vietnam War | Facts, Summary, Years, Timeline, Casualties, Combatants, & Facts | Britannica",Encyclopaedia Britannica,https://www.britannica.com/event/Vietnam-War,"Article, chapter, or dataset overview; relevant text is reproduced in source_excerpt","Vietnam War | Facts, Summary, Years, Timeline, Casualties, Combatants, & Facts | Britannica # Vietnam War 1954–1975 ### Why did the Vietnam War start The United States had provided funding, armaments, and training to South Vietnam’s government and military since Vietnam’s partition into the communist North and the democratic South in 1954. Tensions escalated into armed conflict between the two sides, and in 1961 U.S. President John F. Kennedy chose to expand the military aid program. The terms of this expansion included yet more funding and arms, but a key alteration was the commitment of U.S. soldiers to the region. Kennedy’s expansion stemmed in part from Cold War-era fears about the “ domino theory”: if communism took hold in Vietnam, it would topple democracies throughout the whole of Southeast Asia, it was thought. South Vietnam deployments Vietnam released its official estimate of the Vietnam War fighters. The U.S. military estimated that",2026-07-15T02:33:47Z,The source documents the polity history or terminal event. The three-category outcome is an AI-assisted project classification rather than a source variable.,Seshat Cliopatria; Maddison Project Database 2023; Clio-Infra; HYDE; V-Dem v16; Correlates of War Formal Alliances v4.1; Polity5
86,南ベトナム,AD1955-AD1975,has_external_patron,1,supported_relationship_binary_interpretation,United States–Republic of Vietnam Partnership: Reflections and Contemporary Lessons – US-VIETNAM RESEARCH CENTER,University of Oregon,https://usvietnam.uoregon.edu/en/united-states-republic-of-vietnam-partnership-reflections-and-contemporary-lessons/,"Article, chapter, or dataset overview; relevant text is reproduced in source_excerpt","The partnership between the United States and the Republic of Vietnam (RVN) from 1955 to 1975 remains one of the most complex, consequential, and misunderstood bilateral relationships of the Cold War era. It was a partnership born not of cultural familiarity or longstanding diplomatic tradition, but of overlapping strategic imperatives. For Washington, the commitment to South Vietnam emerged from a global doctrine of containment after the Korean War, one that sought to prevent communist expansion anywhere it appeared. For the RVN, however, the struggle was not a proxy conflict but a direct confrontation over national existence, political sovereignty, and the viability of a non-communist Vietnamese state. The early period of cooperation under President Ngô Đình Diệm and President Dwight D. Eisenhower demonstrated that strategic alignment was possible. American advisors regarded President Diệm as indispensable to establishing a stable anti-communist government in the South. President Diệ",2026-07-15T02:33:47Z,"The source documents an alliance, support, dependency, or patron-client relationship; the binary remains interpretive.",Seshat Cliopatria; Maddison Project Database 2023; Clio-Infra; HYDE; V-Dem v16; Correlates of War Formal Alliances v4.1; Polity5
87,チェコスロバキア（共産期）,AD1948-AD1989,entity,チェコスロバキア（共産期）,supported_by_reference_overview,"Czechoslovakia | History, Map, & Facts | Britannica",Encyclopaedia Britannica,https://www.britannica.com/place/Czechoslovakia,"Article, chapter, or dataset overview; relevant text is reproduced in source_excerpt",The overview states that Czechoslovakia was under Soviet domination from 1948 to 1989 and separated peacefully in 1993.,2026-07-15T02:33:47Z,The cited reference identifies the polity or political unit.,Seshat Cliopatria; Maddison Project Database 2023; Clio-Infra; HYDE; V-Dem v16; Correlates of War Formal Alliances v4.1; Polity5
87,チェコスロバキア（共産期）,AD1948-AD1989,period,AD1948-AD1989,polity_chronology_supported_project_window_interpretive,"Czechoslovakia | History, Map, & Facts | Britannica",Encyclopaedia Britannica,https://www.britannica.com/place/Czechoslovakia,"Article, chapter, or dataset overview; relevant text is reproduced in source_excerpt",The overview states that Czechoslovakia was under Soviet domination from 1948 to 1989 and separated peacefully in 1993.,2026-07-15T02:33:47Z,The source supports the polity chronology; split periods and policy windows are project-defined analytical intervals.,Seshat Cliopatria; Maddison Project Database 2023; Clio-Infra; HYDE; V-Dem v16; Correlates of War Formal Alliances v4.1; Polity5
87,チェコスロバキア（共産期）,AD1948-AD1989,closure_type,bloc,supported,From Internationalization to Development: Czechoslovak Economic and Scientific-Technical Cooperation in the Gottwald and Novotný eras (1948-1968),DOI-registered scholarly publication,https://doi.org/10.13097/archive-ouverte/unige:166510,"Article, chapter, or dataset overview; relevant text is reproduced in source_excerpt","# From Internationalization to Development: Czechoslovak Economic and Scientific-Technical Cooperation in the Gottwald and Novotný eras (1948-1968) During the period of communist supremacy, Czechoslovakia teetered between two geopolitical blocs. On the one hand, it was an official constituent of the socialist wing with far-reaching responsibilities to the other member states of the Council for Mutual Economic Assistance, but on the other, Czechoslovakia’s economy was traditionally pro-Western, and even the political drawing of the Iron Curtain could not completely deconstruct the deep-rooted ties with its Western neighbors. This thesis examines how senior officials of the Czechoslovak Communist Party (Klement Gottwald, Antonín Zápotocký, Antonín Novotný, Viliam Široký, Ota Šik, etc.) as well as individual rank-and-file workers and the scientific-technical intelligentsia dealt with Czechoslovakia's delicate position on the border of two geopolitical blocs. Specific attention is paid to ",2026-07-15T02:33:47Z,"The source directly supports the policy or bloc classification, subject to the project definition.",Seshat Cliopatria; Maddison Project Database 2023; Clio-Infra; HYDE; V-Dem v16; Correlates of War Formal Alliances v4.1; Polity5
87,チェコスロバキア（共産期）,AD1948-AD1989,outcome,disrupted,historical_event_supported_category_is_project_interpretation,"Czechoslovakia | History, Map, & Facts | Britannica",Encyclopaedia Britannica,https://www.britannica.com/place/Czechoslovakia,"Article, chapter, or dataset overview; relevant text is reproduced in source_excerpt",The overview states that Czechoslovakia was under Soviet domination from 1948 to 1989 and separated peacefully in 1993.,2026-07-15T02:33:47Z,The source documents the polity history or terminal event. The three-category outcome is an AI-assisted project classification rather than a source variable.,Seshat Cliopatria; Maddison Project Database 2023; Clio-Infra; HYDE; V-Dem v16; Correlates of War Formal Alliances v4.1; Polity5
87,チェコスロバキア（共産期）,AD1948-AD1989,has_external_patron,1,supported_relationship_binary_interpretation,"The Soviet Union and the Czechoslovak Army, 1948-1983 | Princeton University Press",Princeton University Press,https://press.princeton.edu/books/hardcover/9780691639963/the-soviet-union-and-the-czechoslovak-army-1948-1983,"Article, chapter, or dataset overview; relevant text is reproduced in source_excerpt","The Soviet Union and the Czechoslovak Army, 1948-1983 | Princeton University Press This study of the tensions of military clientage focuses on Czechoslovakia to explore the ambiguous position of the military forces of East European countries and to show how the military’s dual role as instrument of both national defense and the Soviet-controlled socialist alliance” fundamentally affects the interaction of military and political elites in Eastern Europe.Originally published in 1985.The Princeton Legacy Library uses the latest print-on-demand technology to again make available previously out-of-print books from the distinguished backlist of Princeton University Press. These editions preserve the original texts of these important books while presenting them in durable paperback and hardcover editions. The goal of the Princeton Legacy Library is to vastly increase access to the rich scholarly heritage found in the thousands of books published by Princeton University Press since its foundin",2026-07-15T02:33:47Z,"The source documents an alliance, support, dependency, or patron-client relationship; the binary remains interpretive.",Seshat Cliopatria; Maddison Project Database 2023; Clio-Infra; HYDE; V-Dem v16; Correlates of War Formal Alliances v4.1; Polity5
88,ポーランド（共産期）,AD1947-AD1989,entity,ポーランド（共産期）,supported_by_reference_overview,Poland under Communism,Cambridge University Press,https://www.cambridge.org/core/books/poland-under-communism/AB4118A491B528BD2811173EB0B1FE91,"Article, chapter, or dataset overview; relevant text is reproduced in source_excerpt",The book covers Poland from World War II through the fall of Communism and the Solidarity-led transition in 1989.,2026-07-15T02:33:47Z,The cited reference identifies the polity or political unit.,Seshat Cliopatria; Maddison Project Database 2023; Clio-Infra; HYDE; V-Dem v16; Correlates of War Formal Alliances v4.1; Polity5
88,ポーランド（共産期）,AD1947-AD1989,period,AD1947-AD1989,polity_chronology_supported_project_window_interpretive,Poland under Communism,Cambridge University Press,https://www.cambridge.org/core/books/poland-under-communism/AB4118A491B528BD2811173EB0B1FE91,"Article, chapter, or dataset overview; relevant text is reproduced in source_excerpt",The book covers Poland from World War II through the fall of Communism and the Solidarity-led transition in 1989.,2026-07-15T02:33:47Z,The source supports the polity chronology; split periods and policy windows are project-defined analytical intervals.,Seshat Cliopatria; Maddison Project Database 2023; Clio-Infra; HYDE; V-Dem v16; Correlates of War Formal Alliances v4.1; Polity5
88,ポーランド（共産期）,AD1947-AD1989,closure_type,bloc,supported,Playing “second fiddle”? Poland in the global Cold War – 1956-1970,DOI-registered scholarly publication,https://doi.org/10.21953/lse.00004720,"Article, chapter, or dataset overview; relevant text is reproduced in source_excerpt","Twenty years ago, Antoni Czubiński called the period between 1944 and 1989 a ""black hole"" in Polish history. 1 Since then, substantial progress has been made. However, the historiography often offers only fragmentary analysis. The Gomułka years of 1956-1970 fell into even more significant and undeserved obscurity. Western and Polish scholarly efforts have focused on the historical extremities. Western historians also tend to focus on the tumultuous period when Polish communists rose to power and initiated a campaign of ethnic cleansing. 2 Equally, there are great studies on the decade that preceded the fall of communism in Poland. 3 The period between only recently began to be explored. However, in 1956, Polish communists launched a project to transform almost every aspect of Poland's political, social, cultural and economic life. The Polish leadership wanted to transform Poland into the second most economically dynamic, militarily powerful and diplomatically active country of the Sovi",2026-07-15T02:33:47Z,"The source directly supports the policy or bloc classification, subject to the project definition.",Seshat Cliopatria; Maddison Project Database 2023; Clio-Infra; HYDE; V-Dem v16; Correlates of War Formal Alliances v4.1; Polity5
88,ポーランド（共産期）,AD1947-AD1989,outcome,disrupted,historical_event_supported_category_is_project_interpretation,Poland under Communism,Cambridge University Press,https://www.cambridge.org/core/books/poland-under-communism/AB4118A491B528BD2811173EB0B1FE91,"Article, chapter, or dataset overview; relevant text is reproduced in source_excerpt",The book covers Poland from World War II through the fall of Communism and the Solidarity-led transition in 1989.,2026-07-15T02:33:47Z,The source documents the polity history or terminal event. The three-category outcome is an AI-assisted project classification rather than a source variable.,Seshat Cliopatria; Maddison Project Database 2023; Clio-Infra; HYDE; V-Dem v16; Correlates of War Formal Alliances v4.1; Polity5
88,ポーランド（共産期）,AD1947-AD1989,has_external_patron,1,supported_relationship_binary_interpretation,Wybór czy przymus? Sowieckie gwarancje bezpieczeństwa dla Polski po 1945 r.,DOI-registered scholarly publication,https://doi.org/10.15804/siip201909,"Article, chapter, or dataset overview; relevant text is reproduced in source_excerpt","The question about the scope, content and effectiveness of activities is the subject of the article in which the author analyzes the methods of making Poland's security policy dependent on the USSR in the context of establishing the country border on the Oder and Nysa Łużycka as an act of historical justice, which could only had been done thanks to the Polish communists supported by the USSR . Consequently, the foreign and military policy of People's Poland was incorporated into a broader coalition structure, i .e . fully dependent on Soviet policy . This policy was justified in such a way to show the inevitability of Soviet security guarantees arising from the Polish-Soviet brotherhood of arms . Decyzje ""wielkich mocarstw"" przyznających Polsce obszar do Odry i Nysy Łużyckiej kosztem Niemiec stanowiły realizację jednego z fundamentalnych haseł głoszonych od 1943 r . przez polską lewicę komunistyczną . Według komunistów nowy układ terytorialny Polski zamykał wielowiekową ekspansję polsk",2026-07-15T02:33:47Z,"The source documents an alliance, support, dependency, or patron-client relationship; the binary remains interpretive.",Seshat Cliopatria; Maddison Project Database 2023; Clio-Infra; HYDE; V-Dem v16; Correlates of War Formal Alliances v4.1; Polity5
89,ルーマニア（共産期）,AD1947-AD1989,entity,ルーマニア（共産期）,supported_by_reference_overview,"Romania - Communist Rule, Securitate, Ceausescu | Britannica",Encyclopaedia Britannica,https://www.britannica.com/place/Romania/Communist-Romania,"Article, chapter, or dataset overview; relevant text is reproduced in source_excerpt","Romania - Communist Rule, Securitate, Ceausescu | Britannica The year 1947 was the final year of modern Romania: liberal political and economic structures and individualist mentalities nurtured during the preceding century gave way to a collectivist model of development and an alien ideology. With the signing of a peace treaty in February 1947 that ratified the terms of the 1944 armistice and returned northern Transylvania to Romania, Western influence in the country came to an end. The Communist Party proceeded to eliminate the remaining opposition in a campaign that culminated in show trials and the condemnation of Maniu and other democratic leaders to long prison terms. The final act was the forced abdication of King Michael and the proclamation of the Romanian People’s Republic on December 30, 1947. The communists were now able to accelerate the Sovietization of public life, which was to result in an isolation from the West far more complete than that which the Romanians had",2026-07-15T02:33:47Z,The cited reference identifies the polity or political unit.,Seshat Cliopatria; Maddison Project Database 2023; Clio-Infra; HYDE; V-Dem v16; Correlates of War Formal Alliances v4.1; Polity5
89,ルーマニア（共産期）,AD1947-AD1989,period,AD1947-AD1989,polity_chronology_supported_project_window_interpretive,"Romania - Communist Rule, Securitate, Ceausescu | Britannica",Encyclopaedia Britannica,https://www.britannica.com/place/Romania/Communist-Romania,"Article, chapter, or dataset overview; relevant text is reproduced in source_excerpt","Romania - Communist Rule, Securitate, Ceausescu | Britannica The year 1947 was the final year of modern Romania: liberal political and economic structures and individualist mentalities nurtured during the preceding century gave way to a collectivist model of development and an alien ideology. With the signing of a peace treaty in February 1947 that ratified the terms of the 1944 armistice and returned northern Transylvania to Romania, Western influence in the country came to an end. The Communist Party proceeded to eliminate the remaining opposition in a campaign that culminated in show trials and the condemnation of Maniu and other democratic leaders to long prison terms. The final act was the forced abdication of King Michael and the proclamation of the Romanian People’s Republic on December 30, 1947. The communists were now able to accelerate the Sovietization of public life, which was to result in an isolation from the West far more complete than that which the Romanians had",2026-07-15T02:33:47Z,The source supports the polity chronology; split periods and policy windows are project-defined analytical intervals.,Seshat Cliopatria; Maddison Project Database 2023; Clio-Infra; HYDE; V-Dem v16; Correlates of War Formal Alliances v4.1; Polity5
89,ルーマニア（共産期）,AD1947-AD1989,closure_type,bloc,supported,Socialist patrimonialism and the global economy: the case of Romania,Cambridge University Press,https://doi.org/10.1017/s002081830002717x,"Article, chapter, or dataset overview; relevant text is reproduced in source_excerpt","# Socialist patrimonialism and the global economy: the case of Romania The evolution in Romania of a governing system of socialist patrimonialism, as opposed to one of collective rule by counterbalancing elites, accounts for both the country's early and extensive contact with the international capitalist economy and its belated but sharp reaction to international economic disruptions. In the absence of powerful alternative political elites or policies, the socialist nationalist ideology of Nicolae Ceausescu defined the country's “multilateral development” and its deviant foreign policy. Ceausescu's manipulation of the system strengthened his hold during the time of rapid economic development and undermined the country's capacity to react promptly or moderately to economic shocks. Events in Poland, especially the rise of Solidarity, complicated Romanian adjustment; but on balance, the adjustment to external economic forces reinforced rather than eroded Ceausescu's socialist patrimoniali",2026-07-15T02:33:47Z,"The source directly supports the policy or bloc classification, subject to the project definition.",Seshat Cliopatria; Maddison Project Database 2023; Clio-Infra; HYDE; V-Dem v16; Correlates of War Formal Alliances v4.1; Polity5
89,ルーマニア（共産期）,AD1947-AD1989,outcome,disrupted,historical_event_supported_category_is_project_interpretation,"Romania - Communist Rule, Securitate, Ceausescu | Britannica",Encyclopaedia Britannica,https://www.britannica.com/place/Romania/Communist-Romania,"Article, chapter, or dataset overview; relevant text is reproduced in source_excerpt","Romania - Communist Rule, Securitate, Ceausescu | Britannica The year 1947 was the final year of modern Romania: liberal political and economic structures and individualist mentalities nurtured during the preceding century gave way to a collectivist model of development and an alien ideology. With the signing of a peace treaty in February 1947 that ratified the terms of the 1944 armistice and returned northern Transylvania to Romania, Western influence in the country came to an end. The Communist Party proceeded to eliminate the remaining opposition in a campaign that culminated in show trials and the condemnation of Maniu and other democratic leaders to long prison terms. The final act was the forced abdication of King Michael and the proclamation of the Romanian People’s Republic on December 30, 1947. The communists were now able to accelerate the Sovietization of public life, which was to result in an isolation from the West far more complete than that which the Romanians had",2026-07-15T02:33:47Z,The source documents the polity history or terminal event. The three-category outcome is an AI-assisted project classification rather than a source variable.,Seshat Cliopatria; Maddison Project Database 2023; Clio-Infra; HYDE; V-Dem v16; Correlates of War Formal Alliances v4.1; Polity5
89,ルーマニア（共産期）,AD1947-AD1989,has_external_patron,1,supported_relationship_binary_interpretation,"Romanian-Soviet political-diplomatic relations, 1965-1970",history.uaic.ro,http://history.uaic.ro/wp-content/uploads/2023/08/Rezumat-EN-zavalisca.pdf,"Article, chapter, or dataset overview; relevant text is reproduced in source_excerpt","In its path towards an independent foreign policy, the Romanian side resorted to the policy of small steps. First, the Romanians expressed their distinct point of view regarding the divergences in the communist and international labor movement, i.e., within the ""family"" framework, then at the European level, by establishing diplomatic relations with the R.F.G. in January 1967, after which followed the regional level, i.e., the Six Day War of June 1967, and finally, the international one personified by the non-proliferation treaty. In 1968, Romanians were suppression of the Prague Spring. The subject of this paper encompasses the most important foreign policy actions taken by of the Romanian-Soviet friendship, collaboration and mutual assistance treaty of July 7, 1970. Ceaușescu's coming to the head of the party in 1965 opened a new page in the history of leadership during this time, we aimed to analyze how they affected Romanian-Soviet bilateral relations and to identify to what extent",2026-07-15T02:33:47Z,"The source documents an alliance, support, dependency, or patron-client relationship; the binary remains interpretive.",Seshat Cliopatria; Maddison Project Database 2023; Clio-Infra; HYDE; V-Dem v16; Correlates of War Formal Alliances v4.1; Polity5
90,台湾,AD1949-AD現在,entity,台湾,supported_by_reference_overview,"Taiwan | History, Flag, Map, Capital, Population, & Facts | Britannica",Encyclopaedia Britannica,https://www.britannica.com/place/Taiwan,"Article, chapter, or dataset overview; relevant text is reproduced in source_excerpt","Taiwan | History, Flag, Map, Capital, Population, & Facts | Britannica self-governing island, Asia Also known as: Chung-hua Min-kuo, Formosa, Republic of China, T’ai-wan(Show More) Taiwan is an island in the western Pacific Ocean, approximately 100 miles (160 km) off the coast of southeastern China. It is part of a string of islands off the coast of East and Southeast Asia, extending from Japan south through the Philippines to Indonesia. Taiwan is bounded by the East China Sea to the north and northeast, the Pacific Ocean to the east, the Bashi Channel to the south, and the Taiwan Strait to the west, separating it from the Chinese mainland. Taipei, situated in the north, is the seat of government of the Republic of China (ROC). Taiwan, officially the Republic of China (ROC), is an island in the western Pacific Ocean about 100 miles (160 km) off the coast of southeastern China. After Chinese communist armies defeated Nationalist forces on the mainland in 1949 and",2026-07-15T02:33:47Z,The cited reference identifies the polity or political unit.,Seshat Cliopatria; Maddison Project Database 2023; Clio-Infra; HYDE; V-Dem v16; Correlates of War Formal Alliances v4.1; Polity5
90,台湾,AD1949-AD現在,period,AD1949-AD現在,polity_chronology_supported_project_window_interpretive,"Taiwan | History, Flag, Map, Capital, Population, & Facts | Britannica",Encyclopaedia Britannica,https://www.britannica.com/place/Taiwan,"Article, chapter, or dataset overview; relevant text is reproduced in source_excerpt","Taiwan | History, Flag, Map, Capital, Population, & Facts | Britannica self-governing island, Asia Also known as: Chung-hua Min-kuo, Formosa, Republic of China, T’ai-wan(Show More) Taiwan is an island in the western Pacific Ocean, approximately 100 miles (160 km) off the coast of southeastern China. It is part of a string of islands off the coast of East and Southeast Asia, extending from Japan south through the Philippines to Indonesia. Taiwan is bounded by the East China Sea to the north and northeast, the Pacific Ocean to the east, the Bashi Channel to the south, and the Taiwan Strait to the west, separating it from the Chinese mainland. Taipei, situated in the north, is the seat of government of the Republic of China (ROC). Taiwan, officially the Republic of China (ROC), is an island in the western Pacific Ocean about 100 miles (160 km) off the coast of southeastern China. After Chinese communist armies defeated Nationalist forces on the mainland in 1949 and",2026-07-15T02:33:47Z,The source supports the polity chronology; split periods and policy windows are project-defined analytical intervals.,Seshat Cliopatria; Maddison Project Database 2023; Clio-Infra; HYDE; V-Dem v16; Correlates of War Formal Alliances v4.1; Polity5
90,台湾,AD1949-AD現在,closure_type,none,legacy_none_not_independently_verified,"Taiwan | History, Flag, Map, Capital, Population, & Facts | Britannica",Encyclopaedia Britannica,https://www.britannica.com/place/Taiwan,"Article, chapter, or dataset overview; relevant text is reproduced in source_excerpt","Taiwan | History, Flag, Map, Capital, Population, & Facts | Britannica self-governing island, Asia Also known as: Chung-hua Min-kuo, Formosa, Republic of China, T’ai-wan(Show More) Taiwan is an island in the western Pacific Ocean, approximately 100 miles (160 km) off the coast of southeastern China. It is part of a string of islands off the coast of East and Southeast Asia, extending from Japan south through the Philippines to Indonesia. Taiwan is bounded by the East China Sea to the north and northeast, the Pacific Ocean to the east, the Bashi Channel to the south, and the Taiwan Strait to the west, separating it from the Chinese mainland. Taipei, situated in the north, is the seat of government of the Republic of China (ROC). Taiwan, officially the Republic of China (ROC), is an island in the western Pacific Ocean about 100 miles (160 km) off the coast of southeastern China. After Chinese communist armies defeated Nationalist forces on the mainland in 1949 and",2026-07-15T02:33:47Z,No formal closure is asserted; absence of every relevant restriction was not proven.,Seshat Cliopatria; Maddison Project Database 2023; Clio-Infra; HYDE; V-Dem v16; Correlates of War Formal Alliances v4.1; Polity5
90,台湾,AD1949-AD現在,outcome,survived,historical_event_supported_category_is_project_interpretation,"Taiwan | History, Flag, Map, Capital, Population, & Facts | Britannica",Encyclopaedia Britannica,https://www.britannica.com/place/Taiwan,"Article, chapter, or dataset overview; relevant text is reproduced in source_excerpt","Taiwan | History, Flag, Map, Capital, Population, & Facts | Britannica self-governing island, Asia Also known as: Chung-hua Min-kuo, Formosa, Republic of China, T’ai-wan(Show More) Taiwan is an island in the western Pacific Ocean, approximately 100 miles (160 km) off the coast of southeastern China. It is part of a string of islands off the coast of East and Southeast Asia, extending from Japan south through the Philippines to Indonesia. Taiwan is bounded by the East China Sea to the north and northeast, the Pacific Ocean to the east, the Bashi Channel to the south, and the Taiwan Strait to the west, separating it from the Chinese mainland. Taipei, situated in the north, is the seat of government of the Republic of China (ROC). Taiwan, officially the Republic of China (ROC), is an island in the western Pacific Ocean about 100 miles (160 km) off the coast of southeastern China. After Chinese communist armies defeated Nationalist forces on the mainland in 1949 and",2026-07-15T02:33:47Z,The source documents the polity history or terminal event. The three-category outcome is an AI-assisted project classification rather than a source variable.,Seshat Cliopatria; Maddison Project Database 2023; Clio-Infra; HYDE; V-Dem v16; Correlates of War Formal Alliances v4.1; Polity5
90,台湾,AD1949-AD現在,has_external_patron,1,supported_relationship_binary_interpretation,The U.S. “One-China” Policy and Taiwan,Congressional Research Service,https://www.congress.gov/crs-product/IF12503,"Article, chapter, or dataset overview; relevant text is reproduced in source_excerpt",CRS report discusses U.S. commitments and security policy.,2026-07-15T02:33:47Z,"The source documents an alliance, support, dependency, or patron-client relationship; the binary remains interpretive.",Seshat Cliopatria; Maddison Project Database 2023; Clio-Infra; HYDE; V-Dem v16; Correlates of War Formal Alliances v4.1; Polity5
91,イスラエル,AD1948-AD現在,entity,イスラエル,supported_by_reference_overview,"Israel | Facts, History, Population, Conflict, Iran, & Map | Britannica",Encyclopaedia Britannica,https://www.britannica.com/place/Israel,"Article, chapter, or dataset overview; relevant text is reproduced in source_excerpt","Israel | Facts, History, Population, Conflict, Iran, & Map | Britannica Also known as: Isrāʾīl, Medinat Yisraʾel, State of Israel ### What is the significance of the Balfour Declaration? The Balfour Declaration, issued by the British government in 1917, committed Britain to facilitate the establishment of a Jewish homeland in Palestine, influencing the future creation of Israel. and central regions, the Negev desert in the , and the Great Rift Valley running from north to south along Israel, country in the Middle East, located at the eastern end of the Mediterranean Sea. It is bounded to the north by Lebanon, to the northeast by Syria, to the east and southeast by Jordan, to the southwest by Egypt, and to the west by the Mediterranean Sea. Jerusalem is the seat of government and the proclaimed capital, although the latter status has not received wide international recognition. Israel is a small country with a relatively diverse topography, consisting of a",2026-07-15T02:33:47Z,The cited reference identifies the polity or political unit.,Seshat Cliopatria; Maddison Project Database 2023; Clio-Infra; HYDE; V-Dem v16; Correlates of War Formal Alliances v4.1; Polity5
91,イスラエル,AD1948-AD現在,period,AD1948-AD現在,polity_chronology_supported_project_window_interpretive,"Israel | Facts, History, Population, Conflict, Iran, & Map | Britannica",Encyclopaedia Britannica,https://www.britannica.com/place/Israel,"Article, chapter, or dataset overview; relevant text is reproduced in source_excerpt","Israel | Facts, History, Population, Conflict, Iran, & Map | Britannica Also known as: Isrāʾīl, Medinat Yisraʾel, State of Israel ### What is the significance of the Balfour Declaration? The Balfour Declaration, issued by the British government in 1917, committed Britain to facilitate the establishment of a Jewish homeland in Palestine, influencing the future creation of Israel. and central regions, the Negev desert in the , and the Great Rift Valley running from north to south along Israel, country in the Middle East, located at the eastern end of the Mediterranean Sea. It is bounded to the north by Lebanon, to the northeast by Syria, to the east and southeast by Jordan, to the southwest by Egypt, and to the west by the Mediterranean Sea. Jerusalem is the seat of government and the proclaimed capital, although the latter status has not received wide international recognition. Israel is a small country with a relatively diverse topography, consisting of a",2026-07-15T02:33:47Z,The source supports the polity chronology; split periods and policy windows are project-defined analytical intervals.,Seshat Cliopatria; Maddison Project Database 2023; Clio-Infra; HYDE; V-Dem v16; Correlates of War Formal Alliances v4.1; Polity5
91,イスラエル,AD1948-AD現在,closure_type,none,legacy_none_not_independently_verified,"Israel | Facts, History, Population, Conflict, Iran, & Map | Britannica",Encyclopaedia Britannica,https://www.britannica.com/place/Israel,"Article, chapter, or dataset overview; relevant text is reproduced in source_excerpt","Israel | Facts, History, Population, Conflict, Iran, & Map | Britannica Also known as: Isrāʾīl, Medinat Yisraʾel, State of Israel ### What is the significance of the Balfour Declaration? The Balfour Declaration, issued by the British government in 1917, committed Britain to facilitate the establishment of a Jewish homeland in Palestine, influencing the future creation of Israel. and central regions, the Negev desert in the , and the Great Rift Valley running from north to south along Israel, country in the Middle East, located at the eastern end of the Mediterranean Sea. It is bounded to the north by Lebanon, to the northeast by Syria, to the east and southeast by Jordan, to the southwest by Egypt, and to the west by the Mediterranean Sea. Jerusalem is the seat of government and the proclaimed capital, although the latter status has not received wide international recognition. Israel is a small country with a relatively diverse topography, consisting of a",2026-07-15T02:33:47Z,No formal closure is asserted; absence of every relevant restriction was not proven.,Seshat Cliopatria; Maddison Project Database 2023; Clio-Infra; HYDE; V-Dem v16; Correlates of War Formal Alliances v4.1; Polity5
91,イスラエル,AD1948-AD現在,outcome,survived,historical_event_supported_category_is_project_interpretation,"Israel | Facts, History, Population, Conflict, Iran, & Map | Britannica",Encyclopaedia Britannica,https://www.britannica.com/place/Israel,"Article, chapter, or dataset overview; relevant text is reproduced in source_excerpt","Israel | Facts, History, Population, Conflict, Iran, & Map | Britannica Also known as: Isrāʾīl, Medinat Yisraʾel, State of Israel ### What is the significance of the Balfour Declaration? The Balfour Declaration, issued by the British government in 1917, committed Britain to facilitate the establishment of a Jewish homeland in Palestine, influencing the future creation of Israel. and central regions, the Negev desert in the , and the Great Rift Valley running from north to south along Israel, country in the Middle East, located at the eastern end of the Mediterranean Sea. It is bounded to the north by Lebanon, to the northeast by Syria, to the east and southeast by Jordan, to the southwest by Egypt, and to the west by the Mediterranean Sea. Jerusalem is the seat of government and the proclaimed capital, although the latter status has not received wide international recognition. Israel is a small country with a relatively diverse topography, consisting of a",2026-07-15T02:33:47Z,The source documents the polity history or terminal event. The three-category outcome is an AI-assisted project classification rather than a source variable.,Seshat Cliopatria; Maddison Project Database 2023; Clio-Infra; HYDE; V-Dem v16; Correlates of War Formal Alliances v4.1; Polity5
91,イスラエル,AD1948-AD現在,has_external_patron,1,supported_relationship_binary_interpretation,Israel-US Relations,Oxford University Press,https://doi.org/10.1093/acrefore/9780199329175.013.385,"Article, chapter, or dataset overview; relevant text is reproduced in source_excerpt",Overview traces the U.S.–Israel alliance.,2026-07-15T02:33:47Z,"The source documents an alliance, support, dependency, or patron-client relationship; the binary remains interpretive.",Seshat Cliopatria; Maddison Project Database 2023; Clio-Infra; HYDE; V-Dem v16; Correlates of War Formal Alliances v4.1; Polity5
92,UAE,AD1971-AD現在,entity,UAE,supported_by_reference_overview,"United Arab Emirates | History, Culture, Population, Map, Flag, Government, & Capital | Britannica",Encyclopaedia Britannica,https://www.britannica.com/place/United-Arab-Emirates,"Article, chapter, or dataset overview; relevant text is reproduced in source_excerpt","United Arab Emirates | History, Culture, Population, Map, Flag, Government, & Capital | Britannica United Arab Emirates # United Arab Emirates Also known as: Al-Imārāt al-ʿArabiyyah al-Muttaḥidah, Trucial Coast, Trucial Oman, Trucial Sheikhdoms, Trucial States, U.A.E.(Show More) ### What are the seven emirates of the United Arab Emirates? The seven emirates are Abu Dhabi, Dubai, Sharjah, Ajman, Umm al-Quwain, Ras al-Khaimah, and Fujairah. is the significance of Abu Dhabi Abu Dhabi is known for its oil wealth, and Dubai serves as an international hub for business, finance, and travel. The U.A.E. has diversified its economy by investing in business, finance, tourism, and manufacturing, particularly in Dubai. -tenths of the force. The U.A.E. has attempted employees through Emiratization, which provides incentives Emirati nationals. United Arab Emirates, federation of seven emirates along the eastern coast of the Arabian Peninsula. Abu",2026-07-15T02:33:47Z,The cited reference identifies the polity or political unit.,Seshat Cliopatria; Maddison Project Database 2023; Clio-Infra; HYDE; V-Dem v16; Correlates of War Formal Alliances v4.1; Polity5
92,UAE,AD1971-AD現在,period,AD1971-AD現在,polity_chronology_supported_project_window_interpretive,"United Arab Emirates | History, Culture, Population, Map, Flag, Government, & Capital | Britannica",Encyclopaedia Britannica,https://www.britannica.com/place/United-Arab-Emirates,"Article, chapter, or dataset overview; relevant text is reproduced in source_excerpt","United Arab Emirates | History, Culture, Population, Map, Flag, Government, & Capital | Britannica United Arab Emirates # United Arab Emirates Also known as: Al-Imārāt al-ʿArabiyyah al-Muttaḥidah, Trucial Coast, Trucial Oman, Trucial Sheikhdoms, Trucial States, U.A.E.(Show More) ### What are the seven emirates of the United Arab Emirates? The seven emirates are Abu Dhabi, Dubai, Sharjah, Ajman, Umm al-Quwain, Ras al-Khaimah, and Fujairah. is the significance of Abu Dhabi Abu Dhabi is known for its oil wealth, and Dubai serves as an international hub for business, finance, and travel. The U.A.E. has diversified its economy by investing in business, finance, tourism, and manufacturing, particularly in Dubai. -tenths of the force. The U.A.E. has attempted employees through Emiratization, which provides incentives Emirati nationals. United Arab Emirates, federation of seven emirates along the eastern coast of the Arabian Peninsula. Abu",2026-07-15T02:33:47Z,The source supports the polity chronology; split periods and policy windows are project-defined analytical intervals.,Seshat Cliopatria; Maddison Project Database 2023; Clio-Infra; HYDE; V-Dem v16; Correlates of War Formal Alliances v4.1; Polity5
92,UAE,AD1971-AD現在,closure_type,none,legacy_none_not_independently_verified,"United Arab Emirates | History, Culture, Population, Map, Flag, Government, & Capital | Britannica",Encyclopaedia Britannica,https://www.britannica.com/place/United-Arab-Emirates,"Article, chapter, or dataset overview; relevant text is reproduced in source_excerpt","United Arab Emirates | History, Culture, Population, Map, Flag, Government, & Capital | Britannica United Arab Emirates # United Arab Emirates Also known as: Al-Imārāt al-ʿArabiyyah al-Muttaḥidah, Trucial Coast, Trucial Oman, Trucial Sheikhdoms, Trucial States, U.A.E.(Show More) ### What are the seven emirates of the United Arab Emirates? The seven emirates are Abu Dhabi, Dubai, Sharjah, Ajman, Umm al-Quwain, Ras al-Khaimah, and Fujairah. is the significance of Abu Dhabi Abu Dhabi is known for its oil wealth, and Dubai serves as an international hub for business, finance, and travel. The U.A.E. has diversified its economy by investing in business, finance, tourism, and manufacturing, particularly in Dubai. -tenths of the force. The U.A.E. has attempted employees through Emiratization, which provides incentives Emirati nationals. United Arab Emirates, federation of seven emirates along the eastern coast of the Arabian Peninsula. Abu",2026-07-15T02:33:47Z,No formal closure is asserted; absence of every relevant restriction was not proven.,Seshat Cliopatria; Maddison Project Database 2023; Clio-Infra; HYDE; V-Dem v16; Correlates of War Formal Alliances v4.1; Polity5
92,UAE,AD1971-AD現在,outcome,survived,historical_event_supported_category_is_project_interpretation,"United Arab Emirates | History, Culture, Population, Map, Flag, Government, & Capital | Britannica",Encyclopaedia Britannica,https://www.britannica.com/place/United-Arab-Emirates,"Article, chapter, or dataset overview; relevant text is reproduced in source_excerpt","United Arab Emirates | History, Culture, Population, Map, Flag, Government, & Capital | Britannica United Arab Emirates # United Arab Emirates Also known as: Al-Imārāt al-ʿArabiyyah al-Muttaḥidah, Trucial Coast, Trucial Oman, Trucial Sheikhdoms, Trucial States, U.A.E.(Show More) ### What are the seven emirates of the United Arab Emirates? The seven emirates are Abu Dhabi, Dubai, Sharjah, Ajman, Umm al-Quwain, Ras al-Khaimah, and Fujairah. is the significance of Abu Dhabi Abu Dhabi is known for its oil wealth, and Dubai serves as an international hub for business, finance, and travel. The U.A.E. has diversified its economy by investing in business, finance, tourism, and manufacturing, particularly in Dubai. -tenths of the force. The U.A.E. has attempted employees through Emiratization, which provides incentives Emirati nationals. United Arab Emirates, federation of seven emirates along the eastern coast of the Arabian Peninsula. Abu",2026-07-15T02:33:47Z,The source documents the polity history or terminal event. The three-category outcome is an AI-assisted project classification rather than a source variable.,Seshat Cliopatria; Maddison Project Database 2023; Clio-Infra; HYDE; V-Dem v16; Correlates of War Formal Alliances v4.1; Polity5
92,UAE,AD1971-AD現在,has_external_patron,1,supported_relationship_binary_interpretation,Joint Statement on United States-United Arab Emirates Relations,U.S. Government Publishing Office,https://www.govinfo.gov/content/pkg/PPP-1998-book1/html/PPP-1998-book1-doc-pg742.htm,"Article, chapter, or dataset overview; relevant text is reproduced in source_excerpt",Pages 742–743 describe security cooperation and the 1994 agreement.,2026-07-15T02:33:47Z,"The source documents an alliance, support, dependency, or patron-client relationship; the binary remains interpretive.",Seshat Cliopatria; Maddison Project Database 2023; Clio-Infra; HYDE; V-Dem v16; Correlates of War Formal Alliances v4.1; Polity5
93,現代インド,AD1991-AD現在,entity,現代インド,supported_by_reference_overview,"Economy of India | Post-Independence Growth, Agriculture, Manufacturing, & Trade | Britannica Money",Encyclopaedia Britannica,https://www.britannica.com/topic/economy-of-India,"Article, chapter, or dataset overview; relevant text is reproduced in source_excerpt","Liberalization and reform (1991–2000) Since gaining independence in 1947, India’s economy has evolved to become one of the largest and most dynamic in the world. Initially, it was shaped by state-led industrialization but embraced free market reforms in the 1990s. India’s economic evolution can be traced through four stages: independence in 1947, the mid-1960s agricultural crisis, economic liberalization in the 1990s, and rapid transformations in the early 21st century. India’s economy has undergone profound shifts since the country gained independence in 1947, evolving from a largely agrarian system to one that harbors high technology in certain sectors. Initially shaped by state-led industrialization, the country later embraced free market reforms that opened avenues for private enterprise and foreign investment. Agricultural advancements, technological innovation, and policy reforms have driven growth, yet persistent challenges—such as inequality, inflation, and slow",2026-07-15T02:33:47Z,The cited reference identifies the polity or political unit.,Seshat Cliopatria; Maddison Project Database 2023; Clio-Infra; HYDE; V-Dem v16; Correlates of War Formal Alliances v4.1; Polity5
93,現代インド,AD1991-AD現在,period,AD1991-AD現在,polity_chronology_supported_project_window_interpretive,"Economy of India | Post-Independence Growth, Agriculture, Manufacturing, & Trade | Britannica Money",Encyclopaedia Britannica,https://www.britannica.com/topic/economy-of-India,"Article, chapter, or dataset overview; relevant text is reproduced in source_excerpt","Liberalization and reform (1991–2000) Since gaining independence in 1947, India’s economy has evolved to become one of the largest and most dynamic in the world. Initially, it was shaped by state-led industrialization but embraced free market reforms in the 1990s. India’s economic evolution can be traced through four stages: independence in 1947, the mid-1960s agricultural crisis, economic liberalization in the 1990s, and rapid transformations in the early 21st century. India’s economy has undergone profound shifts since the country gained independence in 1947, evolving from a largely agrarian system to one that harbors high technology in certain sectors. Initially shaped by state-led industrialization, the country later embraced free market reforms that opened avenues for private enterprise and foreign investment. Agricultural advancements, technological innovation, and policy reforms have driven growth, yet persistent challenges—such as inequality, inflation, and slow",2026-07-15T02:33:47Z,The source supports the polity chronology; split periods and policy windows are project-defined analytical intervals.,Seshat Cliopatria; Maddison Project Database 2023; Clio-Infra; HYDE; V-Dem v16; Correlates of War Formal Alliances v4.1; Polity5
93,現代インド,AD1991-AD現在,closure_type,none,legacy_none_not_independently_verified,"Economy of India | Post-Independence Growth, Agriculture, Manufacturing, & Trade | Britannica Money",Encyclopaedia Britannica,https://www.britannica.com/topic/economy-of-India,"Article, chapter, or dataset overview; relevant text is reproduced in source_excerpt","Liberalization and reform (1991–2000) Since gaining independence in 1947, India’s economy has evolved to become one of the largest and most dynamic in the world. Initially, it was shaped by state-led industrialization but embraced free market reforms in the 1990s. India’s economic evolution can be traced through four stages: independence in 1947, the mid-1960s agricultural crisis, economic liberalization in the 1990s, and rapid transformations in the early 21st century. India’s economy has undergone profound shifts since the country gained independence in 1947, evolving from a largely agrarian system to one that harbors high technology in certain sectors. Initially shaped by state-led industrialization, the country later embraced free market reforms that opened avenues for private enterprise and foreign investment. Agricultural advancements, technological innovation, and policy reforms have driven growth, yet persistent challenges—such as inequality, inflation, and slow",2026-07-15T02:33:47Z,No formal closure is asserted; absence of every relevant restriction was not proven.,Seshat Cliopatria; Maddison Project Database 2023; Clio-Infra; HYDE; V-Dem v16; Correlates of War Formal Alliances v4.1; Polity5
93,現代インド,AD1991-AD現在,outcome,survived,historical_event_supported_category_is_project_interpretation,"Economy of India | Post-Independence Growth, Agriculture, Manufacturing, & Trade | Britannica Money",Encyclopaedia Britannica,https://www.britannica.com/topic/economy-of-India,"Article, chapter, or dataset overview; relevant text is reproduced in source_excerpt","Liberalization and reform (1991–2000) Since gaining independence in 1947, India’s economy has evolved to become one of the largest and most dynamic in the world. Initially, it was shaped by state-led industrialization but embraced free market reforms in the 1990s. India’s economic evolution can be traced through four stages: independence in 1947, the mid-1960s agricultural crisis, economic liberalization in the 1990s, and rapid transformations in the early 21st century. India’s economy has undergone profound shifts since the country gained independence in 1947, evolving from a largely agrarian system to one that harbors high technology in certain sectors. Initially shaped by state-led industrialization, the country later embraced free market reforms that opened avenues for private enterprise and foreign investment. Agricultural advancements, technological innovation, and policy reforms have driven growth, yet persistent challenges—such as inequality, inflation, and slow",2026-07-15T02:33:47Z,The source documents the polity history or terminal event. The three-category outcome is an AI-assisted project classification rather than a source variable.,Seshat Cliopatria; Maddison Project Database 2023; Clio-Infra; HYDE; V-Dem v16; Correlates of War Formal Alliances v4.1; Polity5
93,現代インド,AD1991-AD現在,has_external_patron,0,legacy_zero_not_independently_verified,"Economy of India | Post-Independence Growth, Agriculture, Manufacturing, & Trade | Britannica Money",Encyclopaedia Britannica,https://www.britannica.com/topic/economy-of-India,"Article, chapter, or dataset overview; relevant text is reproduced in source_excerpt","Liberalization and reform (1991–2000) Since gaining independence in 1947, India’s economy has evolved to become one of the largest and most dynamic in the world. Initially, it was shaped by state-led industrialization but embraced free market reforms in the 1990s. India’s economic evolution can be traced through four stages: independence in 1947, the mid-1960s agricultural crisis, economic liberalization in the 1990s, and rapid transformations in the early 21st century. India’s economy has undergone profound shifts since the country gained independence in 1947, evolving from a largely agrarian system to one that harbors high technology in certain sectors. Initially shaped by state-led industrialization, the country later embraced free market reforms that opened avenues for private enterprise and foreign investment. Agricultural advancements, technological innovation, and policy reforms have driven growth, yet persistent challenges—such as inequality, inflation, and slow",2026-07-15T02:33:47Z,A zero is the legacy absence coding; no source proves absence of every possible patron relationship.,Seshat Cliopatria; Maddison Project Database 2023; Clio-Infra; HYDE; V-Dem v16; Correlates of War Formal Alliances v4.1; Polity5
94,イラン（イスラム共和国）,AD1979-AD現在,entity,イラン（イスラム共和国）,supported_by_reference_overview,"Iran | People, Religion, Leader, Map, Conflict, Allies, Protests, Nuclear Deal, Flag, & War | Britannica",Encyclopaedia Britannica,https://www.britannica.com/place/Iran,"Article, chapter, or dataset overview; relevant text is reproduced in source_excerpt","Iran | People, Religion, Leader, Map, Conflict, Allies, Protests, Nuclear Deal, Flag, & War | Britannica Also known as: Islamic Republic of Iran, Jomhūrī-ye Eslāmī-ye Īrān(Show More) Iran is bounded to the north by Azerbaijan, Armenia, Turkmenistan, and the Caspian Sea; to the east by Pakistan and Afghanistan; to the south by the Persian Gulf and the Gulf of Oman; and to the west by Turkey and Iraq. About one-third of its 4,770-mile (7,680-km) boundary is seacoast. The region that is now known as Iran was traditionally known as Persia, with roots as a distinctive culture and society dating to Achaemenian period, which began in 550 bce ### What is the main religion of Iran? majority of Iranians are Muslims of ʿAsharī s populations of Kurds and are predominantly Sunni Muslims, and its Arabs are Sunni and Shiʿi. There are Jews, and Zoroastrians Iran, a mountainous, arid, and ethnically diverse country of southwestern Asia. The country maintains",2026-07-15T02:33:47Z,The cited reference identifies the polity or political unit.,Seshat Cliopatria; Maddison Project Database 2023; Clio-Infra; HYDE; V-Dem v16; Correlates of War Formal Alliances v4.1; Polity5
94,イラン（イスラム共和国）,AD1979-AD現在,period,AD1979-AD現在,polity_chronology_supported_project_window_interpretive,"Iran | People, Religion, Leader, Map, Conflict, Allies, Protests, Nuclear Deal, Flag, & War | Britannica",Encyclopaedia Britannica,https://www.britannica.com/place/Iran,"Article, chapter, or dataset overview; relevant text is reproduced in source_excerpt","Iran | People, Religion, Leader, Map, Conflict, Allies, Protests, Nuclear Deal, Flag, & War | Britannica Also known as: Islamic Republic of Iran, Jomhūrī-ye Eslāmī-ye Īrān(Show More) Iran is bounded to the north by Azerbaijan, Armenia, Turkmenistan, and the Caspian Sea; to the east by Pakistan and Afghanistan; to the south by the Persian Gulf and the Gulf of Oman; and to the west by Turkey and Iraq. About one-third of its 4,770-mile (7,680-km) boundary is seacoast. The region that is now known as Iran was traditionally known as Persia, with roots as a distinctive culture and society dating to Achaemenian period, which began in 550 bce ### What is the main religion of Iran? majority of Iranians are Muslims of ʿAsharī s populations of Kurds and are predominantly Sunni Muslims, and its Arabs are Sunni and Shiʿi. There are Jews, and Zoroastrians Iran, a mountainous, arid, and ethnically diverse country of southwestern Asia. The country maintains",2026-07-15T02:33:47Z,The source supports the polity chronology; split periods and policy windows are project-defined analytical intervals.,Seshat Cliopatria; Maddison Project Database 2023; Clio-Infra; HYDE; V-Dem v16; Correlates of War Formal Alliances v4.1; Polity5
94,イラン（イスラム共和国）,AD1979-AD現在,closure_type,bloc,partial_varies_by_subperiod,"“Neither Eastern nor Western, Iranian”: How the Quest for Self-Sufficiency Helped Shape Iran’s Modern Nationalism",Brill,https://doi.org/10.1163/18747167-bja10001,"Article, chapter, or dataset overview; relevant text is reproduced in source_excerpt","Abstract This essay identifies an historically-enduring Iranian insistence on self-sufficiency—which can be summed up, in a superordinate manner, as the idea that the world needs Iran more than Iran needs the world. Economically, this insistence is reflected in a (rhetorical) quest for self-reliance in production; politically, it tends to be articulated in an instinctive anti-(neo)colonial, often defiant stance vis-à-vis the world; and culturally, it is often expressed as a claim to civilizational grandeur, indeed uniqueness. The origins of this conceit have to be sought in antecedents combining economic perceptions with cultural assumptions that long precede Western imperialism and modern nationalism. These, in turn, are grounded in patterns of thought that reflect specific pre-modern physical and geopolitical conditions which go back to pre-Islamic notions of paradisiacal abundance as much as to economic realities encapsulated by Aristotle’s idea(l) of the self-sufficient household. ",2026-07-15T02:33:47Z,Isolation or self-sufficiency applies only to part of the window; the whole-period coding is too broad.,Seshat Cliopatria; Maddison Project Database 2023; Clio-Infra; HYDE; V-Dem v16; Correlates of War Formal Alliances v4.1; Polity5
94,イラン（イスラム共和国）,AD1979-AD現在,outcome,survived,historical_event_supported_category_is_project_interpretation,"Iran | People, Religion, Leader, Map, Conflict, Allies, Protests, Nuclear Deal, Flag, & War | Britannica",Encyclopaedia Britannica,https://www.britannica.com/place/Iran,"Article, chapter, or dataset overview; relevant text is reproduced in source_excerpt","Iran | People, Religion, Leader, Map, Conflict, Allies, Protests, Nuclear Deal, Flag, & War | Britannica Also known as: Islamic Republic of Iran, Jomhūrī-ye Eslāmī-ye Īrān(Show More) Iran is bounded to the north by Azerbaijan, Armenia, Turkmenistan, and the Caspian Sea; to the east by Pakistan and Afghanistan; to the south by the Persian Gulf and the Gulf of Oman; and to the west by Turkey and Iraq. About one-third of its 4,770-mile (7,680-km) boundary is seacoast. The region that is now known as Iran was traditionally known as Persia, with roots as a distinctive culture and society dating to Achaemenian period, which began in 550 bce ### What is the main religion of Iran? majority of Iranians are Muslims of ʿAsharī s populations of Kurds and are predominantly Sunni Muslims, and its Arabs are Sunni and Shiʿi. There are Jews, and Zoroastrians Iran, a mountainous, arid, and ethnically diverse country of southwestern Asia. The country maintains",2026-07-15T02:33:47Z,The source documents the polity history or terminal event. The three-category outcome is an AI-assisted project classification rather than a source variable.,Seshat Cliopatria; Maddison Project Database 2023; Clio-Infra; HYDE; V-Dem v16; Correlates of War Formal Alliances v4.1; Polity5
94,イラン（イスラム共和国）,AD1979-AD現在,has_external_patron,0,legacy_zero_not_independently_verified,"Iran | People, Religion, Leader, Map, Conflict, Allies, Protests, Nuclear Deal, Flag, & War | Britannica",Encyclopaedia Britannica,https://www.britannica.com/place/Iran,"Article, chapter, or dataset overview; relevant text is reproduced in source_excerpt","Iran | People, Religion, Leader, Map, Conflict, Allies, Protests, Nuclear Deal, Flag, & War | Britannica Also known as: Islamic Republic of Iran, Jomhūrī-ye Eslāmī-ye Īrān(Show More) Iran is bounded to the north by Azerbaijan, Armenia, Turkmenistan, and the Caspian Sea; to the east by Pakistan and Afghanistan; to the south by the Persian Gulf and the Gulf of Oman; and to the west by Turkey and Iraq. About one-third of its 4,770-mile (7,680-km) boundary is seacoast. The region that is now known as Iran was traditionally known as Persia, with roots as a distinctive culture and society dating to Achaemenian period, which began in 550 bce ### What is the main religion of Iran? majority of Iranians are Muslims of ʿAsharī s populations of Kurds and are predominantly Sunni Muslims, and its Arabs are Sunni and Shiʿi. There are Jews, and Zoroastrians Iran, a mountainous, arid, and ethnically diverse country of southwestern Asia. The country maintains",2026-07-15T02:33:47Z,A zero is the legacy absence coding; no source proves absence of every possible patron relationship.,Seshat Cliopatria; Maddison Project Database 2023; Clio-Infra; HYDE; V-Dem v16; Correlates of War Formal Alliances v4.1; Polity5
95,ミャンマー（軍政期〜現在）,AD1962-AD現在,entity,ミャンマー（軍政期〜現在）,supported_by_reference_overview,"Myanmar | History, Population, Coup, & Facts | Britannica",Encyclopaedia Britannica,https://www.britannica.com/topic/history-of-Myanmar,"Article, chapter, or dataset overview; relevant text is reproduced in source_excerpt","Myanmar | History, Population, Coup, & Facts | Britannica # history of Myanmar history of Myanmar, a survey of important events and people in the history of Myanmar. Located in the western portion of mainland Southeast Asia, Myanmar is bordered by China to the north and northeast, Laos to the east, Thailand to the southeast, the Andaman Sea and Bay of Bengal to the south and southwest, Bangladesh to the west, and India to the northwest. In 1989 the country’s official English name, which it had held since 1885, was changed from the Union of Burma to the Union of Myanmar; in the Burmese language the country had been known as Myanma (or, more precisely, Mranma Prañ) since the 13th century. The capital, Nay Pyi Taw, is located in the central part of the country, while the largest city, Yangon(formerly Rangoon), is in the south. Myanmar has been a nexus of cultural and material exchange for thousands of years. Its coasts and river valleys have been inhabited since prehistoric",2026-07-15T02:33:47Z,The cited reference identifies the polity or political unit.,Seshat Cliopatria; Maddison Project Database 2023; Clio-Infra; HYDE; V-Dem v16; Correlates of War Formal Alliances v4.1; Polity5
95,ミャンマー（軍政期〜現在）,AD1962-AD現在,period,AD1962-AD現在,polity_chronology_supported_project_window_interpretive,"Myanmar | History, Population, Coup, & Facts | Britannica",Encyclopaedia Britannica,https://www.britannica.com/topic/history-of-Myanmar,"Article, chapter, or dataset overview; relevant text is reproduced in source_excerpt","Myanmar | History, Population, Coup, & Facts | Britannica # history of Myanmar history of Myanmar, a survey of important events and people in the history of Myanmar. Located in the western portion of mainland Southeast Asia, Myanmar is bordered by China to the north and northeast, Laos to the east, Thailand to the southeast, the Andaman Sea and Bay of Bengal to the south and southwest, Bangladesh to the west, and India to the northwest. In 1989 the country’s official English name, which it had held since 1885, was changed from the Union of Burma to the Union of Myanmar; in the Burmese language the country had been known as Myanma (or, more precisely, Mranma Prañ) since the 13th century. The capital, Nay Pyi Taw, is located in the central part of the country, while the largest city, Yangon(formerly Rangoon), is in the south. Myanmar has been a nexus of cultural and material exchange for thousands of years. Its coasts and river valleys have been inhabited since prehistoric",2026-07-15T02:33:47Z,The source supports the polity chronology; split periods and policy windows are project-defined analytical intervals.,Seshat Cliopatria; Maddison Project Database 2023; Clio-Infra; HYDE; V-Dem v16; Correlates of War Formal Alliances v4.1; Polity5
95,ミャンマー（軍政期〜現在）,AD1962-AD現在,closure_type,bloc,partial_varies_by_subperiod,"Political Regimes and Economic Policy: Isolation, Consolidation, Reintegration and Rupture",Routledge,https://doi.org/10.4324/9781003386063-10,"Article, chapter, or dataset overview; relevant text is reproduced in source_excerpt","Chapter abstract describes isolation, reintegration, and renewed isolation.",2026-07-15T02:33:47Z,Isolation or self-sufficiency applies only to part of the window; the whole-period coding is too broad.,Seshat Cliopatria; Maddison Project Database 2023; Clio-Infra; HYDE; V-Dem v16; Correlates of War Formal Alliances v4.1; Polity5
95,ミャンマー（軍政期〜現在）,AD1962-AD現在,outcome,survived,historical_event_supported_category_is_project_interpretation,"Myanmar | History, Population, Coup, & Facts | Britannica",Encyclopaedia Britannica,https://www.britannica.com/topic/history-of-Myanmar,"Article, chapter, or dataset overview; relevant text is reproduced in source_excerpt","Myanmar | History, Population, Coup, & Facts | Britannica # history of Myanmar history of Myanmar, a survey of important events and people in the history of Myanmar. Located in the western portion of mainland Southeast Asia, Myanmar is bordered by China to the north and northeast, Laos to the east, Thailand to the southeast, the Andaman Sea and Bay of Bengal to the south and southwest, Bangladesh to the west, and India to the northwest. In 1989 the country’s official English name, which it had held since 1885, was changed from the Union of Burma to the Union of Myanmar; in the Burmese language the country had been known as Myanma (or, more precisely, Mranma Prañ) since the 13th century. The capital, Nay Pyi Taw, is located in the central part of the country, while the largest city, Yangon(formerly Rangoon), is in the south. Myanmar has been a nexus of cultural and material exchange for thousands of years. Its coasts and river valleys have been inhabited since prehistoric",2026-07-15T02:33:47Z,The source documents the polity history or terminal event. The three-category outcome is an AI-assisted project classification rather than a source variable.,Seshat Cliopatria; Maddison Project Database 2023; Clio-Infra; HYDE; V-Dem v16; Correlates of War Formal Alliances v4.1; Polity5
95,ミャンマー（軍政期〜現在）,AD1962-AD現在,has_external_patron,1,supported_relationship_binary_interpretation,To Walk With Only a Few Friends: Understanding the Myanmar Military Junta’s Negative Neutralism,Wiley,https://doi.org/10.1111/aspp.70036,"Article, chapter, or dataset overview; relevant text is reproduced in source_excerpt",Abstract describes dependency on China and hedging with Russia.,2026-07-15T02:33:47Z,"The source documents an alliance, support, dependency, or patron-client relationship; the binary remains interpretive.",Seshat Cliopatria; Maddison Project Database 2023; Clio-Infra; HYDE; V-Dem v16; Correlates of War Formal Alliances v4.1; Polity5
96,トルクメニスタン,AD1991-AD現在,entity,トルクメニスタン,supported_by_reference_overview,"Turkmenistan | People, Geography, Government, & History | Britannica",Encyclopaedia Britannica,https://www.britannica.com/place/Turkmenistan,"Article, chapter, or dataset overview; relevant text is reproduced in source_excerpt","Turkmenistan | People, Geography, Government, & History | Britannica Also known as: Türkmenistan Where is Turkmenistan located? Turkmenistan is in the southwest of the Central Asia region. It shares borders with Kazakhstan to the northwest, Uzbekistan to the north and east, Afghanistan to the southeast, Iran to the south, and the Caspian Sea to the west. The capital of Turkmenistan is Ashgabat. Most of Turkmenistan's land consists of oases scattered amid uninhabitable desert. The population of Turkmenistan was estimated to be 7,363,000 in 2025, with a population density of 38.8 people per square mile. The capital of Turkmenistan is Ashgabat, which lies in an oasis at the northern foot of the Kopet-Dag Range, near the Karakum Desert and the Iranian frontier. Ashgabat was established in 1881 as a Russian military fort, taking its name from a nearby Turkmen settlement. It became the administrative center of the Transcaspian oblast and grew as a key point on caravan routes",2026-07-15T02:33:47Z,The cited reference identifies the polity or political unit.,Seshat Cliopatria; Maddison Project Database 2023; Clio-Infra; HYDE; V-Dem v16; Correlates of War Formal Alliances v4.1; Polity5
96,トルクメニスタン,AD1991-AD現在,period,AD1991-AD現在,polity_chronology_supported_project_window_interpretive,"Turkmenistan | People, Geography, Government, & History | Britannica",Encyclopaedia Britannica,https://www.britannica.com/place/Turkmenistan,"Article, chapter, or dataset overview; relevant text is reproduced in source_excerpt","Turkmenistan | People, Geography, Government, & History | Britannica Also known as: Türkmenistan Where is Turkmenistan located? Turkmenistan is in the southwest of the Central Asia region. It shares borders with Kazakhstan to the northwest, Uzbekistan to the north and east, Afghanistan to the southeast, Iran to the south, and the Caspian Sea to the west. The capital of Turkmenistan is Ashgabat. Most of Turkmenistan's land consists of oases scattered amid uninhabitable desert. The population of Turkmenistan was estimated to be 7,363,000 in 2025, with a population density of 38.8 people per square mile. The capital of Turkmenistan is Ashgabat, which lies in an oasis at the northern foot of the Kopet-Dag Range, near the Karakum Desert and the Iranian frontier. Ashgabat was established in 1881 as a Russian military fort, taking its name from a nearby Turkmen settlement. It became the administrative center of the Transcaspian oblast and grew as a key point on caravan routes",2026-07-15T02:33:47Z,The source supports the polity chronology; split periods and policy windows are project-defined analytical intervals.,Seshat Cliopatria; Maddison Project Database 2023; Clio-Infra; HYDE; V-Dem v16; Correlates of War Formal Alliances v4.1; Polity5
96,トルクメニスタン,AD1991-AD現在,closure_type,bloc,partial_varies_by_subperiod,Turkmenistan,Princeton University Press,https://doi.org/10.23943/princeton/9780691182216.003.0006,"Article, chapter, or dataset overview; relevant text is reproduced in source_excerpt",Chapter abstract describes an unusually closed post-socialist economy.,2026-07-15T02:33:47Z,Isolation or self-sufficiency applies only to part of the window; the whole-period coding is too broad.,Seshat Cliopatria; Maddison Project Database 2023; Clio-Infra; HYDE; V-Dem v16; Correlates of War Formal Alliances v4.1; Polity5
96,トルクメニスタン,AD1991-AD現在,outcome,survived,historical_event_supported_category_is_project_interpretation,"Turkmenistan | People, Geography, Government, & History | Britannica",Encyclopaedia Britannica,https://www.britannica.com/place/Turkmenistan,"Article, chapter, or dataset overview; relevant text is reproduced in source_excerpt","Turkmenistan | People, Geography, Government, & History | Britannica Also known as: Türkmenistan Where is Turkmenistan located? Turkmenistan is in the southwest of the Central Asia region. It shares borders with Kazakhstan to the northwest, Uzbekistan to the north and east, Afghanistan to the southeast, Iran to the south, and the Caspian Sea to the west. The capital of Turkmenistan is Ashgabat. Most of Turkmenistan's land consists of oases scattered amid uninhabitable desert. The population of Turkmenistan was estimated to be 7,363,000 in 2025, with a population density of 38.8 people per square mile. The capital of Turkmenistan is Ashgabat, which lies in an oasis at the northern foot of the Kopet-Dag Range, near the Karakum Desert and the Iranian frontier. Ashgabat was established in 1881 as a Russian military fort, taking its name from a nearby Turkmen settlement. It became the administrative center of the Transcaspian oblast and grew as a key point on caravan routes",2026-07-15T02:33:47Z,The source documents the polity history or terminal event. The three-category outcome is an AI-assisted project classification rather than a source variable.,Seshat Cliopatria; Maddison Project Database 2023; Clio-Infra; HYDE; V-Dem v16; Correlates of War Formal Alliances v4.1; Polity5
96,トルクメニスタン,AD1991-AD現在,has_external_patron,0,legacy_zero_not_independently_verified,"Turkmenistan | People, Geography, Government, & History | Britannica",Encyclopaedia Britannica,https://www.britannica.com/place/Turkmenistan,"Article, chapter, or dataset overview; relevant text is reproduced in source_excerpt","Turkmenistan | People, Geography, Government, & History | Britannica Also known as: Türkmenistan Where is Turkmenistan located? Turkmenistan is in the southwest of the Central Asia region. It shares borders with Kazakhstan to the northwest, Uzbekistan to the north and east, Afghanistan to the southeast, Iran to the south, and the Caspian Sea to the west. The capital of Turkmenistan is Ashgabat. Most of Turkmenistan's land consists of oases scattered amid uninhabitable desert. The population of Turkmenistan was estimated to be 7,363,000 in 2025, with a population density of 38.8 people per square mile. The capital of Turkmenistan is Ashgabat, which lies in an oasis at the northern foot of the Kopet-Dag Range, near the Karakum Desert and the Iranian frontier. Ashgabat was established in 1881 as a Russian military fort, taking its name from a nearby Turkmen settlement. It became the administrative center of the Transcaspian oblast and grew as a key point on caravan routes",2026-07-15T02:33:47Z,A zero is the legacy absence coding; no source proves absence of every possible patron relationship.,Seshat Cliopatria; Maddison Project Database 2023; Clio-Infra; HYDE; V-Dem v16; Correlates of War Formal Alliances v4.1; Polity5
